Origin City,Origin State,Origin ZIP,Destination City,Destination State,Destination ZIP,practical_miles,short_miles,empty_miles,runs,short_runs,practical_min,practical_max,practical_spread,short_min,short_max,confidence,autofill_allowed,source,first_run,last_run
Phenix City,AL,,Laredo,TX,,1065.8,1324.1,292.2,368.0,358,1065.8,1108.0,42.2,1120.8,1751.7,Check ZIP,False,History,2020-12-18,2024-08-29
Laredo,TX,,Hauppauge,NY,,2032.5,1958.1,0.0,325.0,311,1889.5,2039.8,150.3,1958.1,2097.2,Check ZIP,False,History,2022-05-16,2026-05-08
Sioux City,IA,,Laredo,TX,,1164.8,1447.4,295.6,178.0,171,1164.8,1407.5,242.7,1147.5,2176.1,Check ZIP,False,History,2020-12-14,2026-02-10
Laredo,TX,,Edison,NJ,,1958.9,1881.1,0.0,160.0,155,1953.9,1961.2,7.3,1880.3,2421.6,High,True,History,2024-09-26,2026-08-18
Laredo,TX,,Ridgewood,NY,,1997.7,1934.6,0.0,136.0,135,1992.7,2091.0,98.3,1934.6,2019.5,Check ZIP,False,History,2021-10-29,2024-03-28
Richland,WA,,Laredo,TX,,2142.5,2236.6,242.5,123.0,122,2114.3,2142.6,28.3,1999.8,2713.2,Check ZIP,False,History,2021-12-22,2025-12-20
Laredo,TX,,Chicago,IL,,1353.7,1339.1,0.0,123.0,119,1329.1,1680.3,351.2,1320.5,1718.2,Check ZIP,False,History,2021-08-03,2026-07-28
Nuevo Laredo,TA,,Haines,FL,,1324.2,1287.4,0.0,108.0,105,1324.2,1332.9,8.7,1287.4,1296.1,High,True,History,2021-02-22,2023-01-27
Laredo,TX,,Detroit,MI,,1619.6,1576.0,0.0,105.0,95,1611.5,1749.7,138.2,1561.5,1855.7,Check ZIP,False,History,2023-06-23,2026-02-25
Easton,ME,,Laredo,TX,,2570.7,3002.8,487.5,96.0,96,2570.7,2606.4,35.7,2790.0,3391.6,Check ZIP,False,History,2023-03-09,2024-02-19
Laredo,TX,,Atlanta,GA,,1140.9,1122.5,0.0,87.0,85,1129.8,1210.0,80.2,1102.2,1175.4,Check ZIP,False,History,2020-11-27,2025-11-19
Logansport,IN,,Laredo,TX,,1404.6,1492.1,156.5,86.0,82,1395.8,1422.0,26.2,1411.0,2144.0,Check ZIP,False,History,2020-07-24,2026-07-24
Laredo,TX,,Franklin Park,IL,,1354.3,1349.5,0.0,86.0,84,1353.7,1413.3,59.6,1339.0,1349.5,Check ZIP,False,History,2022-04-01,2026-02-24
Waco,TX,,Laredo,TX,,340.8,433.6,100.2,84.0,83,334.0,346.3,12.3,342.4,804.5,High,True,History,2021-07-22,2026-02-19
Laredo,TX,,Woodburn,IN,,1470.2,1411.9,0.0,82.0,79,1381.0,1473.4,92.4,1333.5,1428.1,Check ZIP,False,History,2020-08-24,2025-03-06
Dodge City,KS,,Laredo,TX,,871.0,1123.7,367.9,81.0,81,871.0,1246.7,375.7,1006.3,1717.4,Check ZIP,False,History,2022-01-25,2025-12-18
Nuevo Laredo,TA,,Rocky Hill,CT,,2085.9,2029.8,0.0,75.0,73,2085.9,2191.8,105.9,1710.9,2144.8,Check ZIP,False,History,2021-04-01,2024-10-14
Delphi,IN,,Laredo,TX,,1382.7,1490.7,182.0,74.0,71,1358.3,1403.2,44.9,1352.2,1775.3,Check ZIP,False,History,2021-07-07,2026-08-03
Laredo,TX,,Sioux City,IA,,1164.9,1149.6,0.0,71.0,67,1164.7,1201.5,36.8,1149.5,2338.9,Check ZIP,False,History,2020-12-11,2025-11-19
Burnham,PA,,Laredo,TX,,1813.8,2007.1,278.7,70.0,70,1813.2,1819.3,6.1,1817.4,2030.7,High,True,History,2022-09-09,2026-06-25
Nuevo Laredo,TA,,Jacksonville,FL,,1215.9,1204.8,0.0,66.0,64,1215.9,1224.6,8.7,1196.5,1213.5,High,True,History,2021-01-29,2023-11-01
Waterloo,IA,,Laredo,TX,,1253.8,1465.5,261.5,66.0,65,1239.1,1471.7,232.6,1207.8,1776.3,Check ZIP,False,History,2020-08-18,2026-01-13
Cressona,PA,,Laredo,TX,,1856.9,1997.6,185.6,65.0,63,1854.8,1858.8,4.0,1835.5,2349.8,High,True,History,2021-10-12,2026-08-07
Liberal,KS,,Laredo,TX,,760.1,1115.3,398.5,63.0,63,760.1,766.1,6.0,973.5,1863.2,High,True,History,2022-05-12,2025-12-15
Houston,TX,,Laredo,TX,,356.6,364.3,24.9,64,60,332.7,372.5,39.8,314.2,618.6,Check ZIP,False,History,2021-03-25,2026-05-11
Laredo,TX,,Clackamas,OR,,2259.3,2131.3,0.0,62.0,62,2259.3,2484.4,225.1,2131.3,2404.9,Check ZIP,False,History,2022-03-07,2024-05-06
Laredo,TX,,Swedesboro,NJ,,1876.5,1821.9,0.0,62.0,61,1875.7,2771.0,895.3,1751.8,2713.5,Check ZIP,False,History,2021-11-26,2026-08-26
Nuevo Laredo,TA,,Elkton,MD,,1845.4,1779.7,0.0,61.0,57,1845.4,3909.3,2063.9,1572.8,1920.2,Check ZIP,False,History,2021-10-14,2024-10-10
Coldwater,MI,,Laredo,TX,,1516.8,1580.4,113.3,61.0,59,1516.4,1604.5,88.1,111.5,2123.5,Check ZIP,False,History,2021-09-27,2026-07-31
Nuevo Laredo,TA,,Tampa,FL,,1339.7,1287.8,0.0,57.0,47,1322.5,1784.3,461.8,1263.1,1295.6,Check ZIP,False,History,2024-01-11,2026-01-23
Laredo,TX,,Tulsa,OK,,692.7,692.2,0.0,53.0,50,686.0,1020.7,334.7,680.5,780.1,Check ZIP,False,History,2021-03-24,2025-12-16
Laredo,TX,,Dallas,TX,,432.4,431.6,0.0,52.0,52,422.8,641.4,218.6,418.2,1052.1,Check ZIP,False,History,2020-11-23,2026-03-02
Douglas,GA,,Laredo,TX,,1187.6,1382.0,227.4,51.0,52,1187.6,1190.4,2.8,460.8,2305.2,High,True,History,2021-03-16,2025-06-18
Laredo,TX,,Bedford Park,IL,,1347.3,1333.5,0.0,49.0,47,1342.2,1353.0,10.8,1332.2,1339.5,High,True,History,2021-12-13,2026-07-10
Laredo,TX,,Miami,FL,,1540.0,1507.2,0.0,48.0,40,1520.4,2021.2,500.8,1483.7,1899.7,Check ZIP,False,History,2020-10-16,2026-06-12
Laredo,TX,,Charlotte,NC,,1382.7,1364.2,0.0,48.0,47,1379.9,1516.4,136.5,1339.6,1479.4,Check ZIP,False,History,2020-11-23,2023-09-22
Tar Heel,NC,,Laredo,TX,,1500.4,1641.5,163.9,66,66,1500.4,1519,18.6,1606.6,2240,High,True,History,2020-12-19,2026-03-06
Laredo,TX,,Salem,OR,,2423.9,2158.2,0.0,48.0,46,2413.3,2427.5,14.2,2147.1,2413.3,High,True,History,2021-03-05,2025-12-12
Beardstown,IL,,Laredo,TX,,1142.8,1370.5,239.1,45.0,41,1142.7,1384.6,241.9,1248.5,1671.9,Check ZIP,False,History,2021-04-05,2026-03-16
Seguin,TX,,Laredo,TX,,187.3,375.2,190.1,45.0,36,187.3,495.7,308.4,205.0,652.2,Check ZIP,False,History,2022-04-29,2024-09-09
Storm Lake,IA,,Laredo,TX,,1199.2,1591.8,415.1,44.0,43,1199.2,1404.2,205.0,1257.6,2189.4,Check ZIP,False,History,2022-02-28,2026-08-14
Fort Smith,AR,,Laredo,TX,,705,897.3,213.6,58,56,704.9,972.9,268,754.3,1564.9,Check ZIP,False,History,2021-03-26,2026-03-17
Laredo,TX,,Carthage,MO,,792.1,786.4,0.0,43.0,44,792.1,793.2,1.1,786.4,1541.2,High,True,History,2022-06-08,2025-04-08
Saint Joseph,MO,,Laredo,TX,,964.3,1229.1,284.0,42.0,41,964.1,975.3,11.2,960.8,1586.9,High,True,History,2020-08-29,2026-03-26
Laredo,TX,,Stoughton,MA,,2187.2,2124.1,0.0,41.0,39,2182.9,2200.9,18.0,2120.0,2409.1,High,True,History,2021-10-01,2026-05-19
Bethlehem,PA,,Laredo,TX,,1894.8,1933.6,78.7,39.0,39,1894.8,1906.8,12.0,1875.3,2421.0,High,True,History,2021-05-29,2026-05-30
Nuevo Laredo,TA,,Morris,IL,,1298.9,1290.3,0.0,38.0,36,1298.7,1395.9,97.2,1266.0,1358.3,Check ZIP,False,History,2022-04-14,2024-12-30
Palestine,TX,,Laredo,TX,,417.5,534.2,132.3,37.0,33,415.4,434.7,19.3,457.9,622.6,High,True,History,2021-07-26,2026-08-20
Laredo,TX,,Blaine,WA,,2498.9,2292.3,0.0,37.0,37,2437.2,2498.9,61.7,2292.3,2301.3,Check ZIP,False,History,2021-10-05,2023-11-06
Guymon,OK,,Laredo,TX,,793.6,1137.9,419.6,37.0,37,778.5,798.6,20.1,931.6,1494.0,Check ZIP,False,History,2020-11-10,2025-09-29
Brookshire,TX,,Laredo,TX,,310.9,554.7,267.6,36.0,31,310.9,310.9,0.0,333.8,583.3,High,True,History,2020-10-30,2024-04-12
Nuevo Laredo,TA,,Phoenix,AZ,,1127.0,994.2,0.0,36.0,26,1011.7,1465.5,453.8,981.3,1272.5,Check ZIP,False,History,2022-02-24,2026-02-20
Nuevo Laredo,TA,,Sumner,WA,,2339.8,2197.8,0.0,35.0,30,2213.3,2349.6,136.3,2175.7,2403.5,Check ZIP,False,History,2021-10-11,2024-10-14
Laredo,TX,,Denton,TX,,456.7,452.2,0.0,34.0,33,456.7,460.3,3.6,451.2,918.7,High,True,History,2022-07-13,2025-12-20
Hatfield,PA,,Laredo,TX,,1924.8,1909.7,74.8,34.0,35,1912.2,1924.8,12.6,1875.6,2057.4,High,True,History,2022-01-11,2025-01-24
Boardman,OR,,Laredo,TX,,2107.2,2223.6,248.5,33.0,32,2094.7,2160.7,66.0,2148.9,2335.5,Check ZIP,False,History,2021-03-11,2025-05-19
Laredo,TX,,Forest Grove,OR,,2280.2,2152.8,0.0,32.0,32,2280.2,2280.2,0.0,2152.8,2152.8,High,True,History,2022-07-08,2023-10-20
Laredo,TX,,University Park,IL,,1373.0,1326.8,0.0,32.0,30,1363.4,1859.5,496.1,1315.0,1804.2,Check ZIP,False,History,2021-11-26,2026-05-14
Monmouth,IL,,Laredo,TX,,1197.8,1396,220,58,58,1197.8,1207.4,9.6,1308.5,2387.7,High,True,History,2020-09-11,2026-07-31
Laredo,TX,,Philadelphia,PA,,1894.6,1838.3,0.0,32.0,32,1885.3,1980.8,95.5,1820.0,1952.5,Check ZIP,False,History,2021-12-03,2026-07-07
Laredo,TX,,Houston,TX,,354.0,600.0,348.7,32.0,19,337.7,438.5,100.8,316.6,764.6,Check ZIP,False,History,2020-07-06,2026-08-18
Laredo,TX,,Indianapolis,IN,,1331.1,1288.0,0.0,30.0,28,1324.8,1379.3,54.5,1276.0,1327.2,Check ZIP,False,History,2023-10-21,2026-01-26
Mount Pleasant,TX,,Laredo,TX,,545.0,655.9,133.2,30.0,30,544.9,545.0,0.1,594.0,785.3,High,True,History,2022-11-09,2026-03-05
Laredo,TX,,Stone Mountain,GA,,1151.9,1140.9,0.0,30.0,30,1150.2,1151.9,1.7,1125.4,2282.7,High,True,History,2021-12-29,2024-09-28
Nuevo Laredo,TA,,Dallas,TX,,437.0,546.4,0.0,29.0,25,422.8,845.8,423.0,421.7,977.6,Check ZIP,False,History,2021-08-25,2025-08-05
Milan,MO,,Laredo,TX,,1057.0,1304.0,274.0,29.0,29,1042.4,1057.0,14.6,1090.5,1594.1,High,True,History,2022-08-12,2026-03-17
Nuevo Laredo,TA,,Orlando,FL,,1319.8,1281.3,0.0,29.0,24,1314.5,2075.1,760.6,1278.3,1387.6,Check ZIP,False,History,2021-10-22,2026-01-09
Laredo,TX,,Oklahoma City,OK,,622.6,611.8,0.0,28.0,25,617.1,657.3,40.2,606.6,654.5,Check ZIP,False,History,2023-06-30,2026-02-07
Laredo,TX,,Bronx,NY,,1987.0,1937.5,0.0,28.0,28,1987.0,2197.5,210.5,1922.3,2124.7,Check ZIP,False,History,2021-12-23,2025-07-04
Laredo,TX,,Vineland,NJ,,1899.7,1837.5,0,51,51,1896.4,1984.5,88.1,1828.8,1930.7,High,True,History,2020-10-19,2026-06-05
Laredo,TX,,Smyrna,TN,,1112.7,1076.1,0.0,28.0,28,1112.6,1144.4,31.8,1073.0,1309.5,Check ZIP,False,History,2023-10-08,2026-07-03
Laredo,TX,,Manitowoc,WI,,1512.4,1504.9,0.0,28.0,26,1507.1,1515.8,8.7,1496.3,1504.9,High,True,History,2020-07-03,2026-07-28
Wilkes Barre,PA,,Laredo,TX,,1905.8,1975.1,129.9,27.0,26,1905.6,1906.6,1.0,1899.2,2034.0,High,True,History,2021-11-02,2024-08-31
Laredo,TX,,Fort Worth,TX,,435.4,429.6,0,37,36,427.1,476.6,49.5,418.6,858.9,Check ZIP,False,History,2022-06-13,2026-02-18
Marengo,IL,,Laredo,TX,,1368.8,1422.3,66.8,27.0,27,1368.4,1387.3,18.9,1383.0,1686.3,High,True,History,2021-09-20,2025-09-15
Laredo,TX,,Doral,FL,,1605.3,1574.0,0.0,25.0,22,1584.0,1624.4,40.4,1557.0,1592.6,Check ZIP,False,History,2021-10-15,2022-10-13
Laredo,TX,,Waterloo,IA,,1253.8,1210.6,0.0,25.0,24,1253.8,1259.1,5.3,1208.1,1377.0,High,True,History,2022-02-26,2025-12-02
Nuevo Laredo,TA,,Aurora,CO,,1060.1,1018.8,0.0,25.0,23,1059.9,1094.8,34.9,1014.4,1042.8,Check ZIP,False,History,2023-06-06,2024-10-11
Nuevo Laredo,TA,,Van Buren,MI,,1597.7,1546.6,0.0,24.0,24,1597.3,1612.3,15.0,1545.0,1566.0,High,True,History,2022-04-18,2025-01-09
Nuevo Laredo,TA,,Buford,GA,,1191.1,1158.6,0.0,24.0,19,1181.3,1583.8,402.5,1148.8,1280.0,Check ZIP,False,History,2024-06-30,2026-02-24
Laredo,TX,,Darien,WI,,1385.4,1380.6,0.0,24.0,24,1380.2,1385.4,5.2,1374.2,1380.6,High,True,History,2022-10-18,2025-03-28
Nescopeck,PA,,Laredo,TX,,1898.0,1999.7,181.6,24.0,24,1898.0,1901.9,3.9,1911.8,2091.0,High,True,History,2022-08-26,2024-06-24
Nuevo Laredo,TA,,Laredo,TX,,15.6,12.4,0.0,24.0,13,8.5,1998.0,1989.5,8.7,2719.1,Check ZIP,False,History,2021-12-01,2025-09-09
Bryan,TX,,Laredo,TX,,333.6,441.8,127.0,24.0,22,325.7,334.2,8.5,390.3,520.2,High,True,History,2021-10-20,2026-03-24
Laredo,TX,,Monroe Township,NJ,,1942.6,1887.2,0.0,24.0,24,1941.6,2094.9,153.3,1875.5,2023.1,Check ZIP,False,History,2021-10-09,2023-09-30
Nuevo Laredo,TA,,La Porte,TX,,384.8,366.3,0.0,24.0,22,376.1,384.8,8.7,357.6,750.0,High,True,History,2022-03-02,2023-11-18
Nuevo Laredo,TA,,Owatonna,MN,,1304.2,1278.6,0.0,23.0,21,1304.2,1459.2,155.0,1217.7,1409.0,Check ZIP,False,History,2022-04-11,2025-01-09
Fort Worth,TX,,Laredo,TX,,427.5,454.7,30.3,32,31,415.8,448.5,32.7,427.5,561.3,Check ZIP,False,History,2021-06-10,2026-02-06
St Johnsbury,VT,,Laredo,TX,,2294.3,2384.8,200.6,23.0,23,2294.3,2302.7,8.4,2294.4,2634.1,High,True,History,2022-10-14,2026-05-29
Nuevo Laredo,TA,,Baytown,TX,,379.8,367.9,0.0,22.0,19,379.8,483.4,103.6,367.9,745.0,Check ZIP,False,History,2023-02-13,2023-10-12
Baytown,TX,,Laredo,TX,,379.7,390.9,26.4,22.0,21,379.7,385.7,6.0,368.4,650.2,High,True,History,2022-09-30,2026-08-13
Laredo,TX,,Sparta,MI,,1551.8,1503.1,0.0,22.0,22,1551.8,1551.8,0.0,1503.1,1503.1,High,True,History,2021-11-29,2023-09-02
Nuevo Laredo,TA,,San Antonio,TX,,169.9,309.8,158.5,22.0,3,155.0,463.4,308.4,177.3,309.8,Check ZIP,False,History,2023-02-28,2026-03-01
Columbus Junction,IA,,Laredo,TX,,1215.5,1407.6,224.3,22.0,22,1215.5,1230.4,14.9,1251.9,1678.0,High,True,History,2022-07-07,2025-07-13
Lafayette,IN,,Laredo,TX,,1355.6,1438.1,146.6,22.0,22,1355.3,1366.9,11.6,1350.4,1724.4,High,True,History,2022-08-12,2026-01-30
Dallas,TX,,Laredo,TX,,436.1,456.3,20.9,21.0,21,424.3,546.0,121.7,435.6,566.2,Check ZIP,False,History,2022-02-24,2025-08-07
Laredo,TX,,Tuttle,OK,,622.8,592.0,0.0,21.0,20,622.8,622.8,0.0,592.0,592.0,High,True,History,2021-03-10,2024-10-30
Laredo,TX,,Boston,MA,,2216.4,2155.0,0.0,21.0,21,2194.9,2298.3,103.4,2131.6,2230.5,Check ZIP,False,History,2022-11-21,2023-10-28
Laredo,TX,,Duluth,GA,,1169.0,1153.4,0.0,21.0,21,1167.5,1196.1,28.6,1133.5,1178.1,Check ZIP,False,History,2023-04-11,2025-02-12
Nuevo Laredo,TA,,Charlotte,NC,,1387.8,1358.9,0.0,20.0,20,1379.0,1424.5,45.5,1348.1,1404.7,Check ZIP,False,History,2021-12-12,2026-02-20
Stevens Point,WI,,Laredo,TX,,1523.3,1690.9,232.3,20.0,20,1522.5,1527.2,4.7,1483.6,1922.1,High,True,History,2020-07-18,2024-09-09
Carteret,NJ,,Laredo,TX,,1966.5,1996.2,86.9,20.0,20,1966.5,1999.9,33.4,1931.6,2033.3,Check ZIP,False,History,2021-05-25,2023-08-22
Laredo,TX,,Goodlettsville,TN,,1104.2,1071.2,0.0,20.0,20,1103.8,1268.2,164.4,1068.3,1217.6,Check ZIP,False,History,2022-09-30,2025-10-10
Rochelle,IL,,Laredo,TX,,1328.9,1393.2,73.4,20.0,20,1328.9,1347.7,18.8,1367.1,1590.8,High,True,History,2022-06-28,2023-02-14
Center,TX,,Laredo,TX,,519.9,668.3,195.9,19.0,18,519.8,519.9,0.1,618.8,704.4,High,True,History,2021-02-04,2025-07-28
Laredo,TX,,San Antonio,TX,,160.2,249.3,154.2,19.0,4,154.2,167.9,13.7,153.7,333.3,High,True,History,2022-05-30,2026-03-05
La Porte,TX,,Laredo,TX,,376.5,382.5,32.4,19.0,18,372.8,381.9,9.1,348.8,711.8,High,True,History,2022-08-24,2024-10-09
Laredo,TX,,Pottsville,PA,,1859.8,1807.3,0.0,19.0,19,1859.8,1861.4,1.6,1807.3,1832.5,High,True,History,2022-09-26,2023-08-18
Laredo,TX,,Albany,OR,,2395.0,2144.3,0.0,18.0,15,2394.9,2400.3,5.4,2144.1,2400.3,High,True,History,2023-01-26,2025-05-28
Albertville,AL,,Laredo,TX,,1093.4,1182.7,143.7,18.0,18,1092.1,1101.6,9.5,1117.5,1801.3,High,True,History,2021-08-20,2026-07-27
Nuevo Laredo,TA,,Louisville,MS,,894.0,837.0,0.0,18.0,18,891.5,898.9,7.4,832.5,864.0,High,True,History,2023-11-29,2026-02-08
Farrell,PA,,Laredo,TX,,1656.1,1992.3,401.2,18.0,18,1653.1,1774.6,121.5,1929.5,2115.0,Check ZIP,False,History,2022-04-06,2022-12-13
Omaha,NE,,Laredo,TX,,1066.7,1478.5,423.2,18.0,18,1066.6,2220.5,1153.9,1061.7,2586.8,Check ZIP,False,History,2022-09-07,2025-11-07
Laredo,TX,,Fall River,MA,,2170.1,2104.6,0.0,18.0,17,2168.1,2170.8,2.7,2102.6,2113.5,High,True,History,2022-02-19,2026-07-17
Laredo,TX,,Fogelsville,PA,,1879.4,1818.0,0.0,18.0,18,1875.8,1879.4,3.6,1818.0,1825.0,High,True,History,2021-01-15,2023-07-28
Hyrum,UT,,Laredo,TX,,1568.8,1516.9,78.9,17.0,16,1568.8,1586.7,17.9,1449.1,2327.0,High,True,History,2022-02-09,2024-07-22
Laredo,TX,,Joplin,MO,,784.7,780.2,0.0,17.0,17,775.6,786.6,11.0,747.7,1559.2,High,True,History,2023-02-01,2026-02-12
Laredo,TX,,Jefferson,GA,,1202.7,1183.4,0.0,17.0,17,1201.1,1345.6,144.5,1161.4,1266.8,Check ZIP,False,History,2022-10-18,2026-03-31
Chicago,IL,,Laredo,TX,,1354.6,1374.4,33.6,17.0,16,1340.9,1388.8,47.9,1347.9,1764.4,Check ZIP,False,History,2021-11-29,2025-12-02
Laredo,TX,,Orlando,FL,,1313.2,1278.1,0.0,17.0,15,1312.5,1401.5,89.0,1278.0,1387.6,Check ZIP,False,History,2020-11-30,2025-08-22
Fremont,NE,,Laredo,TX,,1100.5,1215.6,147.6,16.0,16,1100.5,1100.6,0.1,1116.6,1560.2,High,True,History,2021-05-28,2026-03-05
Nuevo Laredo,TA,,Nashville,TN,,1095.1,1058.4,0.0,16.0,13,1094.4,1496.6,402.2,1058.4,1158.2,Check ZIP,False,History,2023-08-28,2025-08-28
Laredo,TX,,Odessa,MI,,1568.6,1516.8,0.0,16.0,13,1568.5,1572.1,3.6,1513.5,1516.8,High,True,History,2020-11-11,2026-01-12
Nuevo Laredo,TA,,Brookshire,TX,,310.7,600.0,310.9,16.0,5,310.7,334.7,24.0,318.9,697.7,Check ZIP,False,History,2021-07-16,2023-07-03
Nuevo Laredo,TA,,Klamath Falls,OR,,2182.8,1967.7,0.0,16.0,14,2182.8,2460.9,278.1,1967.7,1967.7,Check ZIP,False,History,2022-06-14,2022-08-05
Sumter,SC,,Laredo,TX,,1392.6,1527.7,156.4,16.0,16,1392.6,1392.6,0.0,1492.8,1689.9,High,True,History,2022-07-22,2023-03-29
Laredo,TX,,Freeport,TX,,402.3,322.0,0.0,16.0,12,402.0,402.3,0.3,322.0,750.0,High,True,History,2021-06-03,2026-02-10
Laredo,TX,,Henderson,NC,,1567.8,1524.9,0.0,16.0,16,1564.2,1567.8,3.6,1524.9,1529.6,High,True,History,2023-04-17,2024-01-09
Sinton,TX,,Laredo,TX,,149.1,340.7,196.0,15.0,15,145.5,149.1,3.6,147.0,625.5,High,True,History,2022-11-21,2024-06-13
Laredo,TX,,Saginaw,TX,,435.6,430.0,0.0,15.0,14,435.4,439.0,3.6,375.0,430.2,High,True,History,2020-10-29,2026-01-29
Laredo,TX,,Salisbury,NC,,1428.6,1386.9,0.0,15.0,15,1423.6,1436.6,13.0,1381.2,1395.3,High,True,History,2020-08-08,2026-08-15
West Mifflin,PA,,Laredo,TX,,1659.3,1885.3,290.6,15.0,15,1659.3,1659.5,0.2,1631.5,2057.1,High,True,History,2022-08-04,2024-12-11
Laredo,TX,,Wilder,KY,,1360.5,1313.5,0.0,14.0,14,1360.5,1361.0,0.5,1305.6,1320.7,High,True,History,2020-10-17,2026-04-01
Carthage,MS,,Laredo,TX,,843.3,1088.9,297.3,14.0,13,843.2,843.3,0.1,1017.9,1382.5,High,True,History,2022-05-05,2025-04-30
Laredo,TX,,Brooklyn,NY,,1987.5,1929.0,0.0,14.0,14,1981.7,1989.8,8.1,1913.6,1937.5,High,True,History,2021-09-24,2026-06-01
Laredo,TX,,Logan,UT,,1643.1,1443.5,0.0,14.0,14,1643.1,1643.1,0.0,1443.5,1443.5,High,True,History,2022-05-06,2023-10-18
Laredo,TX,,Yoakum,TX,,250.7,465.1,251.2,14.0,5,250.6,255.7,5.1,430.6,500.0,High,True,History,2025-10-20,2026-03-23
Fairless Hills,PA,,Laredo,TX,,1915.6,1972.1,118.6,14.0,14,1915.6,1921.5,5.9,1889.4,1972.1,High,True,History,2023-05-25,2026-04-23
Eagle Grovee,IA,,Laredo,TX,,1202.9,1317.4,143.2,14.0,14,1202.9,1217.5,14.6,1263.3,1540.3,High,True,History,2022-08-02,2026-01-02
Laredo,TX,,Green Cove Springs,FL,,1233.0,1195.8,0.0,14.0,14,1233.0,1233.0,0.0,1195.8,1195.8,High,True,History,2023-10-22,2024-03-02
Laredo,TX,,Eastman,GA,,1190.3,1172.3,0.0,14.0,13,1190.3,1190.7,0.4,1154.2,1172.3,High,True,History,2022-02-23,2025-01-20
Nuevo Laredo,TA,,Albany,OR,,2395.1,2144.1,0.0,14.0,14,2395.1,2404.4,9.3,2139.4,2148.1,High,True,History,2022-01-07,2023-03-25
Nuevo Laredo,TA,,Monroe Township,NJ,,1945.9,1887.2,0.0,14.0,13,1941.6,2047.8,106.2,1886.7,1999.8,Check ZIP,False,History,2022-04-09,2023-07-12
Burley,ID,,Laredo,TX,,1744.2,1742.2,184.8,14.0,14,1679.5,1744.2,64.7,1584.4,2158.7,Check ZIP,False,History,2022-07-26,2025-05-23
Laredo,TX,,Humboldt,TN,,973.6,940.7,0.0,14.0,14,967.3,1827.7,860.4,934.0,1747.2,Check ZIP,False,History,2023-07-05,2024-09-25
Dardanelle,AR,,Laredo,TX,,790.7,946.1,213.8,13.0,13,790.7,790.7,0.0,924.7,1323.7,High,True,History,2022-03-03,2024-09-11
Denison,IA,,Laredo,TX,,1144.0,1498.2,371.4,13.0,12,1144.0,1144.0,0.0,1197.5,1733.6,High,True,History,2020-12-11,2025-08-22
Laredo,TX,,Petersburg,VA,,1649.6,1625.7,0.0,13.0,13,1649.1,1698.5,49.4,1608.4,1692.5,Check ZIP,False,History,2022-07-23,2026-08-17
San Antonio,TX,,Laredo,TX,,162.2,256.3,99.3,13.0,11,154.2,505.1,350.9,168.6,710.0,Check ZIP,False,History,2020-07-13,2024-10-02
Saint Pauls,NC,,Laredo,TX,,1489.8,1604.4,144.8,13.0,13,1489.8,1504.0,14.2,1590.0,1999.1,High,True,History,2022-05-31,2023-07-28
Laredo,TX,,Rochelle,IL,,1334.7,1320.9,0.0,13.0,13,1328.8,1334.7,5.9,1320.9,1320.9,High,True,History,2023-11-20,2024-03-06
Laredo,TX,,Jonesboro,AR,,873.5,844.4,0.0,13.0,12,873.3,877.0,3.7,841.2,845.1,High,True,History,2020-11-06,2026-01-31
Laredo,TX,,Lakeland,FL,,1323.0,1275.5,0.0,13.0,11,1320.5,1592.3,271.8,1269.8,1549.0,Check ZIP,False,History,2020-10-02,2025-09-28
Coldwater,MI,,Hidalgo,TX,,1601.9,1791.5,261.6,13.0,13,1600.8,1601.9,1.1,1603.1,1866.0,High,True,History,2024-11-29,2026-01-24
Laredo,TX,,Centerville,TN,,1047.8,1011.9,0.0,13.0,13,1047.8,1047.8,0.0,1011.9,1011.9,High,True,History,2021-04-13,2022-09-17
Logansport,IN,,Hidalgo,TX,,1489.4,1767.6,369.6,13.0,13,1480.8,1494.2,13.4,1403.3,1893.1,High,True,History,2021-04-12,2026-02-20
Louisville,KY,,Laredo,TX,,1265.0,1347.6,134.9,13.0,12,1260.5,1270.3,9.8,1211.7,1910.4,High,True,History,2021-11-30,2026-08-11
Laredo,TX,,Belmont,NC,,1373.7,1357.4,0.0,13.0,13,1373.7,1373.7,0.0,1357.4,1357.4,High,True,History,2022-05-21,2023-11-01
Laredo,TX,,Bonner Springs,KS,,919.1,913.0,0.0,12.0,12,919.1,919.4,0.3,913.0,913.9,High,True,History,2024-06-10,2024-07-23
Perry,IA,,Laredo,TX,,1146.1,1469.2,350.0,12.0,12,1146.1,1306.3,160.2,1268.3,1735.1,Check ZIP,False,History,2022-07-01,2024-04-30
Linden,NJ,,Channelview,TX,,1602.3,1628.0,68.5,12.0,12,1602.3,1602.3,0.0,1569.9,1928.0,High,True,History,2024-04-05,2026-08-07
Laredo,TX,,O Fallon,MO,,1064.8,1046.8,0.0,12.0,12,1061.8,1064.8,3.0,1046.8,1083.3,High,True,History,2023-07-26,2024-04-27
Laredo,TX,,Owatonna,MN,,1304.2,1278.6,0.0,12.0,12,1304.2,1856.5,552.3,1278.6,1777.9,Check ZIP,False,History,2020-11-11,2025-09-01
Laredo,TX,,Pasadena,TX,,380.4,337.9,377.3,12.0,1,357.0,385.7,28.7,337.9,337.9,Check ZIP,False,History,2026-01-12,2026-04-28
Camden,SC,,Laredo,TX,,1378.0,1467.7,146.2,12.0,11,1378.0,1378.1,0.1,1405.7,1989.4,High,True,History,2023-07-14,2026-02-07
Laredo,TX,,Kenosha,WI,,1488.7,1446.9,0.0,12.0,11,1405.9,2142.9,737.0,1390.0,2018.6,Check ZIP,False,History,2022-11-25,2025-08-22
Laredo,TX,,Logan,NJ,,1876.5,1821.9,0.0,12.0,12,1876.5,1876.5,0.0,1821.9,1821.9,High,True,History,2021-11-18,2022-09-16
Laredo,TX,,Morris,IL,,1298.9,1285.5,0.0,12.0,12,1298.7,1337.8,39.1,1285.3,1315.0,Check ZIP,False,History,2020-09-07,2026-01-13
Nuevo Laredo,TA,,Salt Lake,UT,,1563.9,1365.6,0.0,12.0,10,1397.8,1578.1,180.3,1365.6,1387.0,Check ZIP,False,History,2022-01-28,2024-09-12
Nuevo Laredo,TA,,Denver,CO,,1088.3,1037.5,0.0,12.0,10,1087.6,1393.6,306.0,1028.4,1352.5,Check ZIP,False,History,2023-09-12,2024-06-17
Moreli,MI,,American Canyon,CA,,1888.3,1776.9,0.0,12.0,6,1886.4,2536.8,650.4,1756.7,1888.3,Check ZIP,False,History,2023-12-14,2024-11-12
Lavergne,TN,,Laredo,TX,,1108.3,1306.7,214.4,12.0,11,1108.2,1448.2,340.0,1074.1,1633.9,Check ZIP,False,History,2024-01-17,2025-11-24
Laredo,TX,,Chillicothe,MO,,1020.2,1002.0,0.0,12.0,11,1020.2,1028.2,8.0,999.9,1008.3,High,True,History,2023-02-16,2026-01-23
Austin,MN,,Laredo,TX,,1292.5,1499.6,242.3,12.0,12,1292.5,1311.5,19.0,1301.0,1616.5,High,True,History,2023-04-07,2023-11-30
Laredo,TX,,Covington,TN,,917.8,884.7,0.0,12.0,11,917.8,923.1,5.3,884.7,888.8,High,True,History,2023-10-14,2025-05-06
Nuevo Laredo,TA,,Houston,TX,,362.1,600.0,0.0,11.0,5,345.8,364.4,18.6,340.8,750.0,High,True,History,2021-03-23,2025-12-28
Laredo,TX,,Springville,UT,,1513.4,1315.7,0.0,11.0,11,1452.1,1513.4,61.3,1315.7,1326.6,Check ZIP,False,History,2021-01-20,2024-02-26
Nuevo Laredo,TA,,Allentown,PA,,1882.0,1842.7,0.0,11.0,10,1882.0,2161.1,279.1,1842.7,2131.1,Check ZIP,False,History,2023-07-19,2024-03-12
Nuevo Laredo,TA,,Indianapolis,IN,,1340.5,1294.1,0.0,11.0,10,943.2,1671.0,727.8,929.3,1333.4,Check ZIP,False,History,2023-12-07,2024-08-12
Laredo,TX,,Forest Park,GA,,1138.9,1123.6,0.0,11.0,11,1134.7,1433.8,299.1,1111.6,1386.8,Check ZIP,False,History,2022-07-09,2026-03-17
Laredo,TX,,Allentown,PA,,1882.0,1842.7,0.0,11.0,10,1882.0,2003.7,121.7,1840.2,3693.0,Check ZIP,False,History,2021-03-05,2026-05-29
Moonachie,NJ,,Laredo,TX,,1976.2,2060.2,124.5,11.0,10,1976.2,1976.2,0.0,2041.1,2181.6,High,True,History,2022-09-29,2023-10-20
Hillsdale,IL,,Laredo,TX,,1298.4,1395.8,142.7,11.0,11,1298.4,1313.3,14.9,1379.9,1644.1,High,True,History,2023-01-17,2025-12-15
Seymour,CT,,Midland,TX,,1965.1,2391.8,560.9,11.0,11,1965.1,1965.1,0.0,2374.5,2391.8,High,True,History,2021-10-26,2022-10-25
Laredo,TX,,Gloucester,NJ,,1890.0,1828.7,0.0,11.0,11,1890.0,1890.0,0.0,1828.7,1828.7,High,True,History,2021-10-22,2022-08-06
Laredo,TX,,Bessemer,NC,,1360.3,1345.3,0.0,11.0,11,1360.3,1360.3,0.0,1345.3,1345.3,High,True,History,2020-12-04,2021-03-31
Oswego,NY,,Houston,TX,,1761.2,2374.4,656.8,11.0,11,1617.6,1761.2,143.6,2220.9,2462.4,Check ZIP,False,History,2023-06-27,2023-11-11
Morton,MS,,Laredo,TX,,822.1,1097.8,336.2,11.0,11,822.1,822.2,0.1,928.7,1412.7,High,True,History,2022-06-08,2025-11-21
Laredo,TX,,Moore,OK,,611.3,606.1,0.0,11.0,7,611.3,611.3,0.0,606.1,606.1,High,True,History,2020-10-06,2021-08-18
Laredo,TX,,Loxley,AL,,834.4,806.8,0.0,11.0,11,832.0,843.7,11.7,800.9,825.1,High,True,History,2022-12-14,2024-10-23
Dodge,KS,,Laredo,TX,,871.0,1207.8,437.6,10.0,10,871.0,871.3,0.3,781.1,1602.7,High,True,History,2023-08-10,2025-06-17
Laredo,TX,,Norcross,GA,,1161.3,1149.4,0.0,10.0,10,1160.5,1797.7,637.2,1123.9,1758.5,Check ZIP,False,History,2022-09-20,2025-01-08
Rantoul,IL,,Laredo,TX,,1276.9,1348.6,126.2,10.0,10,1276.8,1277.0,0.2,1312.8,1573.8,High,True,History,2022-09-16,2026-07-31
Laredo,TX,,Jacksonville,FL,,1215.0,1187.5,0.0,10.0,8,1197.1,1236.8,39.7,1172.6,1212.2,Check ZIP,False,History,2021-03-12,2026-02-03
Hauppauge,NY,,Houston,TX,,1693.6,2022.4,367.4,10.0,10,1693.5,1736.5,43.0,1711.3,2195.1,Check ZIP,False,History,2022-07-20,2024-08-27
Sioux Falls,SD,,Laredo,TX,,1256.1,1392.2,154.4,10.0,9,1256.1,1260.4,4.3,1328.1,1522.7,High,True,History,2023-02-16,2025-11-21
Laredo,TX,,Greensboro,NC,,1486.2,1448.0,0.0,10.0,10,1475.3,1490.9,15.6,1433.9,1458.2,High,True,History,2022-03-09,2023-08-21
Laredo,TX,,South Plainfield,NJ,,1958.2,1908.2,0.0,10.0,9,1958.2,1958.2,0.0,1908.2,1908.2,High,True,History,2021-06-25,2023-12-27
Laredo,TX,,Salt Lake City,UT,,1563.9,1365.6,0.0,10.0,10,1494.9,1846.4,351.5,1365.6,1733.7,Check ZIP,False,History,2022-02-19,2026-02-23
Tuscaloosa,AL,,Eagle Pass,TX,,957.4,1371.8,449.1,10.0,10,957.4,957.4,0.0,1286.5,1622.2,High,True,History,2024-04-16,2025-11-05
Laredo,TX,,Wilmington,CA,,1509.1,1376.2,0.0,10.0,9,1509.1,1509.6,0.5,1375.7,1376.2,High,True,History,2024-06-24,2024-08-16
Laredo,TX,,Tifton,GA,,1140.7,1116.0,0.0,10.0,10,1140.7,1140.7,0.0,1116.0,1116.0,High,True,History,2022-03-23,2023-12-01
New Castle,DE,,Laredo,TX,,1860.9,1975.0,174.9,10.0,10,1860.3,1866.5,6.2,1895.0,2086.5,High,True,History,2023-03-24,2026-03-27
Nacogdoches,TX,,Laredo,TX,,487.2,634.1,187.6,10.0,10,486.9,487.2,0.3,533.5,666.3,High,True,History,2022-05-17,2024-09-04
Nuevo Laredo,TA,,Atlanta,GA,,1140.9,1122.5,0.0,10.0,10,1140.9,1245.2,104.3,1122.5,1231.3,Check ZIP,False,History,2022-08-05,2024-03-08
Guntown,MS,,Laredo,TX,,994.9,1135.3,205.3,10.0,10,994.9,994.9,0.0,1038.6,1135.3,High,True,History,2023-09-19,2023-12-05
Othello,WA,,Laredo,TX,,2160.0,2220.0,186.4,10.0,9,2160.0,2166.3,6.3,2105.6,2331.5,High,True,History,2023-01-03,2025-04-07
Laredo,TX,,Sergeant Bluff,IA,,1169.9,1155.4,0.0,10.0,10,1164.8,1169.9,5.1,1150.2,1155.4,High,True,History,2024-04-19,2024-09-09
Laredo,TX,,Hammond,LA,,661.4,649.3,0.0,9.0,9,661.4,661.4,0.0,649.3,649.3,High,True,History,2023-07-31,2024-01-30
Gainesville,GA,,Laredo,TX,,1196.4,1243.4,66.3,9.0,9,1196.4,1199.2,2.8,1181.6,1608.3,High,True,History,2020-11-17,2026-05-01
Forest,MS,,Laredo,TX,,832.3,1106.2,347.5,9.0,8,832.1,832.3,0.2,861.4,1332.6,High,True,History,2021-07-24,2025-12-16
Pittsburgh,PA,,Laredo,TX,,1654.7,1979.2,399.7,9.0,9,1650.1,1669.4,19.3,1762.6,2024.8,High,True,History,2022-09-01,2024-02-26
York,PA,,Seguin,TX,,1616.9,1951.1,383.7,9.0,9,1616.9,1616.9,0.0,1951.1,2001.0,High,True,History,2021-11-12,2023-07-14
Clinton,NC,,Laredo,TX,,1540.5,1755.2,311.2,9.0,8,1539.1,1540.5,1.4,1634.6,2251.0,High,True,History,2023-01-06,2026-08-22
Nuevo Laredo,TA,,Norcross,GA,,1163.1,1149.4,0.0,9.0,6,1161.3,1467.1,305.8,1147.4,1155.9,Check ZIP,False,History,2023-08-17,2024-08-17
Estherville,IA,,Laredo,TX,,1270.8,1433.2,186.7,9.0,9,1267.0,1295.3,28.3,1372.1,1698.8,Check ZIP,False,History,2023-09-22,2025-08-29
Brookings,OR,,Laredo,TX,,2252.7,2600.5,491.4,9.0,9,2252.7,2252.7,0.0,2319.5,2729.8,High,True,History,2022-08-09,2023-05-05
Saint Albans Town,VT,,Laredo,TX,,2193.8,2557.6,449.0,9.0,9,2193.8,2193.8,0.0,2348.2,2683.1,High,True,History,2023-02-10,2024-03-07
Laredo,TX,,Crest Hill,IL,,1321.5,1311.8,0.0,9.0,9,1321.4,1326.5,5.1,1307.6,1312.0,High,True,History,2024-03-29,2025-05-30
Nuevo Laredo,TA,,Central Islip,NY,,2028.0,1962.2,0.0,9.0,9,2028.0,2133.1,105.1,1962.2,2081.0,Check ZIP,False,History,2022-02-19,2022-09-03
Laredo,TX,,Concord,NC,,1427.1,1388.8,0.0,9.0,9,1427.1,1427.1,0.0,1388.8,1388.8,High,True,History,2022-06-17,2023-09-12
Laredo,TX,,Des Moines,IA,,1121.2,1099.6,0.0,9.0,8,1121.1,1128.4,7.3,1095.4,1107.8,High,True,History,2020-11-20,2026-02-06
Laredo,TX,,Summit,IL,,1345.4,1329.5,0.0,9.0,9,1345.4,1345.9,0.5,1329.5,1329.8,High,True,History,2021-10-09,2025-11-28
Laredo,TX,,Sumner,WA,,2339.7,2198.3,0.0,9.0,9,2334.8,2610.4,275.6,2197.8,2421.0,Check ZIP,False,History,2021-12-23,2023-05-19
Laredo,TX,,Sylacauga,AL,,1053.9,1007.6,0.0,9.0,9,1042.5,1053.9,11.4,1007.6,1007.6,High,True,History,2024-12-06,2025-11-15
Lancaster,PA,,Laredo,TX,,1848.3,1978.2,212.1,9.0,9,1845.7,1849.5,3.8,1813.2,2395.7,High,True,History,2022-04-27,2024-09-26
Wyoming,PA,,Laredo,TX,,1917.3,1996.9,150.2,9.0,9,1915.7,2027.8,112.1,1970.2,2156.7,Check ZIP,False,History,2022-08-24,2026-06-09
Indianapolis,IN,,Nuevo Laredo,TA,,1614.7,1901.4,559.9,9.0,6,1318.6,1615.8,297.2,1628.6,2098.8,Check ZIP,False,History,2024-04-17,2024-06-25
Des Moines,IA,,Laredo,TX,,1128.6,1426.8,328.6,9.0,9,1115.1,1142.2,27.1,1175.6,1538.2,Check ZIP,False,History,2023-02-08,2026-03-17
Swedesboro,NJ,,Laredo,TX,,1876.8,1856.2,33.2,8.0,8,1876.8,1876.8,0.0,1823.3,2050.5,High,True,History,2022-09-14,2023-10-31
Tuscaloosa,AL,,Laredo,TX,,971.3,1236.7,323.4,8.0,8,962.4,971.3,8.9,1128.0,1950.4,High,True,History,2021-11-06,2026-01-08
Myerstown,PA,,Austin,TX,,1602.5,1922.4,360.1,8.0,8,1598.5,1618.7,20.2,1763.3,1930.0,Check ZIP,False,History,2024-09-03,2025-09-08
White Cloud,MI,,Sinton,TX,,1459.5,1825.2,389.8,8.0,8,1459.5,1460.4,0.9,1664.9,1901.1,High,True,History,2025-06-17,2026-02-11
Detroit,MI,,Laredo,TX,,1617.3,1685.5,67.7,8.0,7,1617.1,1624.2,7.1,1564.7,1771.3,High,True,History,2024-02-09,2025-12-19
Laredo,TX,,Quakertown,PA,,1898.4,1856.3,0.0,8.0,8,1897.7,1898.4,0.7,1847.3,1856.3,High,True,History,2022-10-27,2025-03-26
Laredo,TX,,Grand Prairie,TX,,671.3,432.6,0.0,8.0,5,435.7,685.8,250.1,429.5,664.9,Check ZIP,False,History,2021-06-27,2025-09-03
Laredo,TX,,South Windsor,CT,,2099.4,2039.5,0.0,8.0,8,2096.3,2165.0,68.7,2026.1,2112.3,Check ZIP,False,History,2022-10-03,2023-07-12
Laredo,TX,,Carlstadt,NJ,,1976.9,1930.4,0,10,10,1976.7,1979.1,2.4,1912.2,1932.4,High,True,History,2021-05-14,2026-01-20
Laredo,TX,,Bradenton,FL,,1366.9,1318.0,0.0,8.0,8,1366.9,1371.9,5.0,1313.5,1318.0,High,True,History,2020-12-11,2023-08-25
Holland,MI,,Laredo,TX,,1510.4,1613.6,162.1,8.0,8,1510.3,1515.7,5.4,1508.8,1639.4,High,True,History,2021-04-12,2025-07-14
Linden State,NJ,,Dallas,TX,,1547.0,1597.7,72.7,8.0,8,1547.0,1547.0,0.0,1561.0,1603.8,High,True,History,2022-08-19,2024-01-05
Ottumwa,IA,,Laredo,TX,,1135.0,1403.8,306.6,8.0,7,1135.0,1150.2,15.2,1397.4,1674.2,High,True,History,2023-07-01,2026-04-23
Martinsville,VA,,Laredo,TX,,1512.3,1842.7,383.1,8.0,8,1512.3,1512.3,0.0,1632.6,1982.0,High,True,History,2021-03-08,2023-10-12
Jewett,TX,,Laredo,TX,,376.9,502.2,131.2,8.0,8,371.4,376.9,5.5,450.5,586.4,High,True,History,2022-06-17,2025-07-25
Laredo,TX,,Monrovia,MD,,1751.4,1696.4,0.0,8.0,8,1748.9,1804.1,55.2,1692.1,1774.2,Check ZIP,False,History,2022-11-11,2023-04-10
Laredo,TX,,Holland,MI,,1512.0,1461.1,0.0,8.0,7,1509.0,1512.1,3.1,1457.5,1660.0,High,True,History,2022-05-16,2026-02-27
Nuevo Laredo,TA,,Chicago,IL,,1349.0,1335.6,0.0,8.0,8,1349.0,1355.4,6.4,1335.3,1342.1,High,True,History,2025-07-19,2025-09-11
Laredo,TX,,Cocoa,FL,,1352.1,1315.7,0.0,8.0,8,1352.1,1355.7,3.6,1310.0,1315.7,High,True,History,2023-08-08,2023-11-07
Laredo,TX,,Covington,KY,,1375.4,1349.6,0.0,8.0,8,1352.8,1439.3,86.5,1299.3,1400.7,Check ZIP,False,History,2022-06-26,2025-04-04
Laredo,TX,,Nashville,TN,,1094.4,1058.4,0.0,8.0,8,1094.2,1202.7,108.5,1058.4,1168.5,Check ZIP,False,History,2023-06-02,2025-04-26
Laredo,TX,,Hopkins,MN,,1371.6,1350.9,0.0,8.0,8,1371.6,1371.6,0.0,1350.9,1350.9,High,True,History,2021-09-15,2024-06-14
Laredo,TX,,Nuevo Laredo,TA,,13.0,12.9,0.0,8.0,3,13.0,4960.0,4947.0,12.9,4960.0,Check ZIP,False,History,2023-05-10,2025-06-24
Niles,IL,,Laredo,TX,,1362.8,1396.8,80.6,7.0,6,1362.8,1363.2,0.4,1363.7,1544.7,High,True,History,2024-03-08,2026-06-06
Butler,PA,,Laredo,TX,,1681.9,2004.9,386.6,7.0,7,1681.9,1682.2,0.3,1856.0,2032.5,High,True,History,2022-02-01,2022-12-28
Nuevo Laredo,TA,,Monrovia,MD,,1748.9,1696.4,0.0,7.0,7,1748.9,1757.6,8.7,1696.4,1705.1,High,True,History,2022-04-22,2023-06-30
Laredo,TX,,Jonestown,PA,,1831.3,1780.3,0.0,7.0,7,1831.1,1836.8,5.7,1779.9,1780.9,High,True,History,2022-03-05,2025-10-04
Laredo,TX,,Mascoutah,IL,,1087.6,1076.4,0.0,7.0,7,1084.4,1087.7,3.3,1076.4,1077.3,High,True,History,2025-04-01,2026-03-16
Freeport,TX,,Laredo,TX,,402.9,395.6,76.4,7.0,7,402.9,402.9,0.0,389.9,409.5,High,True,History,2022-10-20,2023-07-26
Laredo,TX,,Hebron,KY,,1353.8,1314.7,0.0,7.0,7,1353.8,1353.9,0.1,1307.4,1314.7,High,True,History,2025-02-03,2025-11-24
Batesville,AR,,Laredo,TX,,838.0,1175.1,378.9,7.0,7,838.0,1471.8,633.8,871.8,1915.4,Check ZIP,False,History,2021-07-23,2024-12-23
Green Bay,WI,,Laredo,TX,,1546.9,1644.0,126.8,7.0,7,1546.9,1553.2,6.3,1534.4,1752.1,High,True,History,2023-01-11,2024-05-08
Melbourne,FL,,Laredo,TX,,1370.3,1512.5,180.3,7.0,7,1370.3,1370.3,0.0,1392.7,1513.6,High,True,History,2022-07-18,2023-02-01
Jerome,ID,,Laredo,TX,,1715.1,1860.8,234.7,7.0,7,1715.1,2109.0,393.9,1765.1,2217.6,Check ZIP,False,History,2022-09-20,2024-12-19
Pine Bluff,AR,,Laredo,TX,,755.1,1011.2,342.5,7.0,6,751.0,756.4,5.4,907.2,1229.8,High,True,History,2023-08-03,2024-08-28
Gainesville,TX,,Laredo,TX,,485.7,546.0,60.3,7.0,7,485.7,490.1,4.4,539.6,581.7,High,True,History,2022-10-31,2025-11-21
Nuevo Laredo,TA,,Pueblo,CO,,993.0,928.8,0.0,7.0,6,993.0,1013.0,20.0,923.8,1013.0,High,True,History,2022-05-02,2022-10-03
Burnham,PA,,Eagle Pass,TX,,1804.9,2118.5,397.3,7.0,7,1804.9,1804.9,0.0,2108.6,2118.5,High,True,History,2023-08-16,2024-05-15
Laredo,TX,,La Vista,NE,,1070.2,1057.3,0.0,7.0,7,1070.2,1226.9,156.7,1057.3,1203.3,Check ZIP,False,History,2023-05-27,2025-06-24
Laredo,TX,,Bellingham,MA,,2174.6,2109.5,0.0,7.0,7,2174.6,2174.6,0.0,2109.5,2109.5,High,True,History,2023-03-17,2023-07-20
Lakeland,FL,,Laredo,TX,,1323.2,1491.9,214.9,7.0,7,1323.2,1326.5,3.3,1297.5,1507.6,High,True,History,2022-01-07,2022-06-28
Indianapolis,IN,,Laredo,TX,,1319.7,1478.1,207.6,7.0,7,1318.6,1345.7,27.1,1303.9,1552.5,Check ZIP,False,History,2023-01-18,2026-08-07
Kearny,NJ,,Pasadena,TX,,1609.9,1767.4,207.1,7.0,7,1609.9,1609.9,0.0,1601.3,1983.0,High,True,History,2025-06-06,2025-06-11
Laredo,TX,,Winchester,KY,,1322.4,1281.0,0.0,7.0,7,1321.9,1464.2,142.3,1274.1,1417.5,Check ZIP,False,History,2021-01-05,2026-01-30
Laredo,TX,,Vance,AL,,978.5,949.9,0.0,7.0,7,978.5,978.5,0.0,949.9,949.9,High,True,History,2021-07-10,2024-04-11
Laredo,TX,,Crown Point,IN,,1389.0,1331.6,0.0,7.0,6,1389.0,1389.0,0.0,1331.6,1331.6,High,True,History,2021-01-26,2022-02-09
Myerstown,PA,,San Antonio,TX,,1692.1,1944.2,289.7,7.0,6,1692.1,1693.5,1.4,1857.0,1944.2,High,True,History,2024-09-03,2025-05-23
Nuevo Laredo,TA,,Cape Canaveral,FL,,1375.3,1339.3,0.0,7.0,6,1375.3,1384.0,8.7,1339.3,1339.3,High,True,History,2021-07-21,2022-06-13
Syracuse,UT,,Laredo,TX,,1537.6,1839.3,439.4,7.0,7,1525.8,1537.6,11.8,1418.6,2178.8,High,True,History,2023-04-07,2025-02-26
Portland,OR,,Laredo,TX,,2260.9,2278.7,148.2,7.0,7,2245.0,2332.1,87.1,2132.9,2297.3,Check ZIP,False,History,2022-02-01,2022-12-15
Laredo,TX,,Springfield,MO,,846.2,845.7,0.0,7.0,7,846.0,923.3,77.3,840.4,916.2,Check ZIP,False,History,2023-09-01,2025-12-26
Ashtabula,OH,,Laredo,TX,,1667.5,1839.3,245.0,7.0,7,1667.5,1667.5,0.0,1612.3,2030.4,High,True,History,2021-05-26,2024-01-31
Laredo,TX,,Groveport,OH,,1467.9,1421.3,0.0,7.0,5,1467.9,1467.9,0.0,1420.5,1421.3,High,True,History,2026-05-29,2026-07-31
Laredo,TX,,Roseboro,NC,,1526.1,1513.1,0.0,7.0,7,1526.1,1526.1,0.0,1513.1,1513.1,High,True,History,2023-04-10,2023-07-28
Laredo,TX,,Grandview,WA,,2147.1,2008.9,0.0,7.0,7,2147.1,2147.1,0.0,2008.9,2009.4,High,True,History,2022-12-30,2024-12-14
Hueytown,AL,,Laredo,TX,,1002.6,1138.0,183.8,6.0,6,1002.6,1007.9,5.3,1120.7,1197.8,High,True,History,2023-06-08,2024-04-11
Hattiesburg,MS,,Laredo,TX,,785.3,953.8,210.7,6.0,6,785.3,795.6,10.3,866.3,1135.9,High,True,History,2023-06-17,2024-10-25
Laredo,TX,,Springfield,OH,,1440.0,1392.3,0.0,6.0,5,1428.4,1440.0,11.6,1380.7,1392.3,High,True,History,2021-03-11,2026-04-04
Nuevo Laredo,TA,,Austell,GA,,1441.9,1118.4,0.0,6.0,1,1149.0,1441.9,292.9,1118.4,1118.4,Check ZIP,False,History,2024-05-06,2024-07-10
Carpentersville,IL,,Laredo,TX,,1361.4,1383.8,36.4,6.0,6,1361.3,1361.4,0.1,1375.5,1426.4,High,True,History,2023-05-09,2026-01-09
Edgerton,KS,,Laredo,TX,,935.7,1037.0,162.4,6.0,6,933.0,936.9,3.9,939.1,1643.5,High,True,History,2023-10-20,2026-02-27
Laredo,TX,,Gaffney,SC,,1334.7,1301.8,0.0,6.0,5,1331.8,1337.4,5.6,1292.0,1319.0,High,True,History,2020-10-26,2026-02-03
Laredo,TX,,Saxonburg,PA,,1682.8,1620.3,0.0,6.0,6,1680.6,1684.1,3.5,1620.3,1640.7,High,True,History,2021-01-21,2023-07-11
Laredo,TX,,Rocky Hill,CT,,2085.9,2029.8,0.0,6.0,5,2085.8,2103.9,18.1,2029.8,2038.5,High,True,History,2021-12-15,2026-06-20
Sturtevant,WI,,Laredo,TX,,1411.2,1538.0,142.4,6.0,6,1405.4,1411.2,5.8,1454.3,1804.9,High,True,History,2025-01-21,2025-09-09
Taunton,MA,,Laredo,TX,,2183.8,2348.1,238.0,6.0,6,2183.8,2183.8,0.0,2348.1,2348.1,High,True,History,2026-02-17,2026-03-30
Nuevo Laredo,TA,,Breinigsville,PA,,1883.8,1846.7,0.0,6.0,6,1879.5,2327.5,448.0,1846.7,2079.2,Check ZIP,False,History,2023-07-27,2023-09-27
Laredo,TX,,Cranbury,NJ,,1952.7,1893.9,0.0,6.0,6,1936.7,1952.7,16.0,1880.6,1893.9,High,True,History,2022-07-15,2026-07-10
Totowa,NJ,,Laredo,TX,,1969.7,1997.8,71.4,6.0,6,1969.7,1969.7,0.0,1980.6,2127.8,High,True,History,2022-05-31,2023-08-22
Laredo,TX,,Wisconsin Rapids,WI,,1486.2,1459.8,0.0,6.0,6,1486.2,1486.2,0.0,1459.8,1459.8,High,True,History,2023-06-23,2023-07-24
Laredo,TX,,Tucker,GA,,1155.4,1143.7,0.0,6.0,6,1155.4,1155.4,0.0,1143.7,1143.7,High,True,History,2021-11-22,2023-07-14
Laredo,TX,,Conley,GA,,1138.9,1127.8,0.0,6.0,5,1137.4,1138.9,1.5,1111.6,1127.8,High,True,History,2021-05-02,2026-08-19
Mckees Rocks,PA,,Eagle Pass,TX,,1642.4,2137.6,539.2,6.0,6,1642.4,1642.4,0.0,2137.6,2137.6,High,True,History,2023-09-26,2024-01-16
Nuevo Laredo,TA,,Taylor,MI,,1616.1,1572.6,0.0,6.0,6,1611.0,1616.1,5.1,1569.4,1694.8,High,True,History,2024-11-18,2025-02-07
Reading,PA,,Laredo,TX,,1865.3,1921.2,110.0,6.0,6,1865.3,1871.5,6.2,1857.0,1949.7,High,True,History,2021-01-19,2026-06-12
Laredo,TX,,Jessup,MD,,1781.2,1728.3,0.0,6.0,5,1781.2,1781.2,0.0,1728.3,1728.3,High,True,History,2021-11-11,2023-11-08
Lumber Bridge,NC,,Laredo,TX,,1496.1,1599.6,140.0,6.0,6,1496.1,1496.1,0.0,1518.2,1843.3,High,True,History,2020-09-05,2023-08-04
Lubbock,TX,,Laredo,TX,,537.5,788.3,304.8,6.0,6,537.5,549.8,12.3,780.7,879.2,High,True,History,2025-03-22,2025-08-10
Hazlehurst,MS,,San Antonio,TX,,605.3,1145.2,574.4,6.0,6,605.2,605.3,0.1,1045.4,1421.3,High,True,History,2025-05-13,2025-07-11
Columbus Junction,IA,,Pharr,TX,,1291.4,1586.7,322.8,6.0,6,1291.4,1291.4,0.0,1479.9,1639.9,High,True,History,2025-05-19,2025-09-02
Apodaca,N.,,Austell,GA,,1216.8,,0.0,6.0,0,1141.4,1292.1,150.7,,,Check ZIP,False,History,2024-08-12,2025-02-13
Vineland,NJ,,Tyler,TX,,1431.1,1551.3,164.2,6.0,6,1431.1,1431.1,0.0,1431.8,1917.5,High,True,History,2023-03-13,2023-07-31
Laredo,TX,,Boardman,OR,,2160.9,1969.2,0.0,6.0,6,2160.9,2160.9,0.0,1969.2,1969.2,High,True,History,2022-11-15,2022-11-28
Laredo,TX,,Burleson,TX,,407.1,406.6,0.0,6.0,6,407.0,407.1,0.1,402.0,406.6,High,True,History,2023-12-02,2024-12-17
Pennsyvania,PA,,Pesqueria,N.,,1792.7,1847.0,268.6,6.0,4,1641.7,1799.3,157.6,1702.7,2024.0,Check ZIP,False,History,2025-06-27,2025-08-19
Madison,NE,,Laredo,TX,,1095.2,1388.2,432.7,6.0,5,1089.8,1095.2,5.4,1188.4,1626.3,High,True,History,2023-11-04,2025-12-19
Laredo,TX,,Brooks,OR,,2423.9,2158.2,0.0,6.0,6,2423.9,2423.9,0.0,2158.2,2158.2,High,True,History,2023-01-21,2023-03-31
Laredo,TX,,Bloomfield,CT,,2097.7,2027.3,0.0,6.0,6,2097.7,2097.7,0.0,2027.3,2027.3,High,True,History,2021-05-17,2023-06-16
Laredo,TX,,Omaha,NE,,1071.8,1059.6,0.0,6.0,6,1066.3,1071.8,5.5,1054.7,1059.6,High,True,History,2024-10-04,2025-01-08
Laredo,TX,,Ochelata,OK,,720.0,714.7,0.0,6.0,6,720.0,720.0,0.0,714.7,714.7,High,True,History,2023-09-06,2025-06-23
Laredo,TX,,Pendleton,IN,,1357.9,1304.4,0.0,6.0,6,1357.9,1357.9,0.0,1304.4,1304.4,High,True,History,2023-05-17,2024-03-05
Nuevo Laredo,TA,,Port Isabel,TX,,220.4,500.0,219.8,6.0,2,220.4,220.4,0.0,500.0,500.0,High,True,History,2025-05-06,2025-05-24
Laredo,TX,,La Grande,OR,,2002.1,1875.8,0.0,6.0,6,2002.1,2002.1,0.0,1875.8,1875.8,High,True,History,2023-03-13,2023-03-27
Pocahontas,AR,,Laredo,TX,,891.6,1152.1,303.1,6.0,6,891.6,891.6,0.0,1014.7,1312.7,High,True,History,2022-11-11,2023-12-04
Laredo,TX,,Mcdonough,GA,,1156.2,1128.4,0.0,6.0,6,1151.5,1159.0,7.5,1119.4,1133.8,High,True,History,2022-09-16,2026-04-03
Laredo,TX,,Louisville,KY,,1264.8,1226.4,0.0,6.0,6,1260.4,1267.0,6.6,1219.5,1226.5,High,True,History,2024-02-10,2024-06-14
Nuevo Laredo,TA,,Salt Lake City,UT,,1503.1,1382.0,0.0,6.0,5,1498.2,2415.0,916.8,1372.2,1644.0,Check ZIP,False,History,2021-12-29,2024-10-17
Nuevo Laredo,TA,,New London,WI,,1524.7,1509.4,0.0,6.0,6,1523.5,1525.9,2.4,1503.8,1514.9,High,True,History,2023-08-07,2025-01-14
Laredo,TX,,Columbia,SC,,1354.2,1324.7,0.0,6.0,6,1354.2,1354.2,0.0,1324.7,1324.7,High,True,History,2022-03-16,2023-11-18
Nuevo Laredo,TA,,Belvidere,IL,,1360.9,1354.8,0,10,10,1358.3,1942.1,583.8,1352.2,1881.4,Check ZIP,False,History,2022-07-18,2024-03-11
Laredo,TX,,Creek,GA,,1134.3,1123.7,0.0,6.0,6,1132.8,1210.0,77.2,1107.3,1175.4,Check ZIP,False,History,2023-10-14,2024-12-08
Marshalltown,IA,,Laredo,TX,,1177.3,1430.7,282.5,5.0,5,1177.3,1177.3,0.0,1209.9,1619.5,High,True,History,2021-01-11,2023-07-17
Joplin,MO,,Laredo,TX,,775.7,787.5,17.7,5.0,5,775.7,775.7,0.0,783.9,787.5,High,True,History,2022-11-07,2024-04-23
Pine Mountain Valley,GA,,Laredo,TX,,1085.3,1471.7,423.0,5.0,5,1085.3,1085.4,0.1,1138.8,1658.0,High,True,History,2023-11-07,2024-12-24
Laredo,TX,,Portland,ME,,2290.7,2229.3,0.0,5.0,5,2290.7,2290.7,0.0,2229.3,2229.3,High,True,History,2022-09-25,2022-10-21
Laredo,TX,,Poplar Bluff,MO,,944.6,907.6,0.0,5.0,5,942.6,944.6,2.0,907.6,907.6,High,True,History,2025-07-03,2025-09-12
Nuevo Laredo,TA,,Pflugerville,TX,,259.3,500.7,250.7,5.0,5,259.3,265.7,6.4,261.3,504.7,High,True,History,2025-07-16,2025-12-12
Nuevo Laredo,TA,,Rochelle,IL,,1341.2,1327.6,0.0,5.0,5,1341.2,1346.0,4.8,1326.8,1327.6,High,True,History,2025-11-13,2026-03-24
Nuevo Laredo,TA,,Northlake,TX,,453.9,666.9,442.0,5.0,2,453.9,456.0,2.1,448.8,885.0,High,True,History,2025-06-04,2025-06-25
Camilla,GA,,Laredo,TX,,1080.2,1249.0,215.3,5.0,5,1080.2,1080.2,0.0,1237.9,1338.6,High,True,History,2023-10-17,2025-03-21
Nuevo Laredo,TA,,Milwaukee,WI,,1445.7,1435.8,0.0,5.0,5,1445.5,1459.9,14.4,1427.2,1605.6,High,True,History,2024-04-12,2024-12-27
Laredo,TX,,Ogden,UT,,1599.5,1401.4,0.0,5.0,5,1533.7,1599.5,65.8,1401.4,1533.7,Check ZIP,False,History,2021-04-10,2025-01-27
Laredo,TX,,Lithia Springs,GA,,1144.8,1114.5,0.0,5.0,5,1144.8,1150.5,5.7,1103.8,1114.5,High,True,History,2020-08-28,2023-12-23
Laredo,TX,,Mount Pleasasnt,NC,,1414.1,1375.4,0.0,5.0,5,1411.1,1443.6,32.5,1375.4,1408.5,Check ZIP,False,History,2022-11-08,2025-08-21
Laredo,TX,,Mesquite,TX,,435.7,434.2,0.0,5.0,5,435.7,435.7,0.0,430.7,869.2,High,True,History,2022-10-06,2025-10-14
Laredo,TX,,Moberly,MO,,1047.0,1043.2,0.0,5.0,5,1043.8,1218.0,174.2,1038.5,1160.9,Check ZIP,False,History,2023-06-28,2026-02-24
Laredo,TX,,Livonia,MI,,1608.8,1564.1,0.0,5.0,3,1608.8,1747.9,139.1,1559.8,1700.2,Check ZIP,False,History,2022-08-14,2025-12-10
Laredo,TX,,Hillsborough Township,NJ,,1944.9,1890.1,0.0,5.0,5,1944.9,1944.9,0.0,1890.1,1890.1,High,True,History,2022-02-11,2022-09-10
Laredo,TX,,Lebanon,TN,,1128.0,1095.6,0.0,5.0,4,1121.9,1146.1,24.2,1086.0,1113.3,Check ZIP,False,History,2023-11-17,2026-06-10
Laredo,TX,,La Porte,TX,,376.1,697.7,376.5,5.0,5,376.1,391.1,15.0,333.3,750.0,High,True,History,2021-12-22,2023-12-12
Plainwell,MI,,Laredo,TX,,1520.3,1614.5,155.6,5.0,5,1516.4,1526.0,9.6,1506.8,1767.5,High,True,History,2022-11-07,2025-02-03
Holcomb,KS,,Laredo,TX,,836.9,1141.4,303.7,5.0,4,836.9,838.9,2.0,1078.4,1201.8,High,True,History,2023-09-11,2024-10-15
Laredo,TX,,Calume,IL,,1384.9,1332.0,0.0,5.0,5,1379.9,1384.9,5.0,1332.0,1513.6,High,True,History,2025-07-29,2025-09-26
Laredo,TX,,Bessemer,AL,,1000.8,972.1,0.0,5.0,5,998.9,1000.8,1.9,951.9,972.1,High,True,History,2023-06-23,2025-04-11
Tyler,TX,,Laredo,TX,,468.6,570.9,121.3,5.0,5,461.4,481.8,20.4,552.1,621.2,Check ZIP,False,History,2023-01-13,2025-11-05
Laredo,TX,,Aurora,CO,,1065.1,1038.5,0.0,5.0,5,1059.9,2393.4,1333.5,1010.8,2303.3,Check ZIP,False,History,2024-02-23,2026-06-01
Apodaca,N.,,Bensenville,IL,,1498.3,1403.2,0.0,5.0,2,1496.2,1509.7,13.5,1340.7,1465.6,High,True,History,2025-07-14,2025-11-25
Laredo,TX,,Carteret,NJ,,1967.2,1913.1,0.0,5.0,5,1966.2,1972.0,5.8,1888.2,1914.2,High,True,History,2022-07-30,2025-07-22
Luverne,MN,,Laredo,TX,,1256.8,1503.8,275.5,5.0,5,1256.7,1257.0,0.3,1435.6,1695.2,High,True,History,2023-09-01,2026-03-17
Markham,IL,,Laredo,TX,,1374.3,1495.4,176.7,5.0,5,1374.3,1375.5,1.2,1362.1,1766.2,High,True,History,2022-07-14,2025-09-05
Lula,GA,,Laredo,TX,,1208.4,1347.5,176.6,5.0,5,1208.4,1209.2,0.8,1224.0,1670.3,High,True,History,2022-07-05,2024-10-15
Logansport,IN,,Pharr,TX,,1480.9,1671.8,241.7,5.0,3,1480.9,1480.9,0.0,1621.1,1673.6,High,True,History,2025-05-12,2025-08-25
Lewistown,PA,,Laredo,TX,,1821.5,1953.6,206.3,5.0,5,1816.6,1821.7,5.1,1953.1,1979.5,High,True,History,2022-02-15,2026-05-27
Laredo,TX,,Griffith,IN,,1390.1,1344.7,0.0,5.0,5,1390.1,1649.8,259.7,1344.7,1544.4,Check ZIP,False,History,2025-03-17,2025-04-01
Bedford,PA,,Laredo,TX,,1732.6,1960.6,294.3,5.0,5,1732.6,1732.6,0.0,1828.6,1995.7,High,True,History,2022-03-28,2024-02-22
Bedford Park,IL,,Laredo,TX,,1348.8,1347.6,8.3,5.0,5,1348.6,1361.7,13.1,1341.7,1537.0,High,True,History,2021-07-26,2026-05-11
Devens,MA,,Laredo,TX,,2181.6,2167.1,54,7,7,2179.6,2185.1,5.5,2152.5,2202.5,High,True,History,2026-01-16,2026-07-22
Laredo,TX,,Syracuse,NY,,1938.5,1875.4,0.0,5.0,5,1938.5,1942.0,3.5,1875.4,1880.4,High,True,History,2021-06-17,2023-06-23
Laredo,TX,,Farmers Branch,TX,,439.6,652.8,0.0,5.0,4,438.5,439.7,1.2,435.1,868.3,High,True,History,2022-09-25,2026-03-06
Laredo,TX,,Everett,WA,,2347.0,2207.2,0.0,5.0,5,2347.0,2492.8,145.8,2207.2,2285.6,Check ZIP,False,History,2022-10-10,2022-10-27
Laredo,TX,,Doraville,GA,,1162.9,1116.0,0.0,5.0,5,1155.8,1162.9,7.1,1116.0,1123.3,High,True,History,2023-01-18,2025-05-12
Laredo,TX,,Elkton,MD,,1845.4,1779.7,0.0,5.0,5,1845.4,2087.1,241.7,1779.7,2026.2,Check ZIP,False,History,2021-03-16,2024-05-03
Sioux City,IA,,Hidalgo,TX,,1249.2,1597.4,369.5,5.0,5,1245.2,1250.2,5.0,1386.3,2043.5,High,True,History,2024-07-12,2025-08-05
St Joseph,MO,,Laredo,TX,,964.3,1176.2,226.3,5.0,5,964.3,966.7,2.4,1033.8,1233.8,High,True,History,2023-05-24,2026-01-29
Laredo,TX,,Danville,IL,,1307.4,1262.4,0.0,5.0,5,1299.6,1495.4,195.8,1244.9,1479.0,Check ZIP,False,History,2025-01-20,2026-01-29
Shreveport,LA,,Laredo,TX,,568.2,740.0,204.0,5.0,5,560.2,568.2,8.0,642.7,757.6,High,True,History,2022-04-14,2023-11-21
Laredo,TX,,Denver,CO,,1094.6,1034.5,0.0,5.0,5,1088.3,1094.6,6.3,1034.5,1037.5,High,True,History,2023-11-29,2024-04-02
Laredo,TX,,Galveston,TX,,397.6,354.0,0.0,5.0,5,397.6,397.6,0.0,354.0,750.0,High,True,History,2021-07-20,2023-02-04
Laredo,TX,,Seattle,WA,,2325.3,2197.4,0.0,5.0,5,2325.3,2330.1,4.8,2193.9,2202.9,High,True,History,2023-02-17,2023-10-09
Laredo,TX,,Granite City,IL,,1066.7,1065.0,0.0,5.0,3,1066.7,1066.7,0.0,1065.0,1065.0,High,True,History,2021-06-11,2021-08-12
Laredo,TX,,South Holland,IL,,1378.8,1327.4,0.0,5.0,5,1378.8,1378.8,0.0,1327.4,1327.4,High,True,History,2022-02-18,2023-05-15
Nuevo Laredo,TA,,Las Vegas,NV,,1425.7,1311.4,0.0,5.0,5,1425.7,1614.9,189.2,1284.7,2576.3,Check ZIP,False,History,2023-10-04,2024-11-01
Athens,GA,,Laredo,TX,,1206.0,1495.7,307.5,5.0,5,1205.4,1206.0,0.6,1246.3,1761.4,High,True,History,2022-06-28,2026-03-24
Turtle Creek,PA,,Laredo,TX,,1658.6,1990.3,381.9,5.0,5,1658.6,1664.5,5.9,1973.0,2008.1,High,True,History,2022-06-30,2024-02-09
Sylacauga,AL,,Laredo,TX,,1062.2,1216.0,337.6,5.0,5,886.9,1062.2,175.3,1153.7,1490.3,Check ZIP,False,History,2023-12-19,2025-08-19
Chambersburg,PA,,Laredo,TX,,1755.4,1976.7,275.0,5.0,5,1755.4,1758.0,2.6,1897.0,1976.7,High,True,History,2022-05-11,2023-08-23
Hinton,VA,,Laredo,TX,,1637.5,1811.6,234.2,5.0,5,1623.1,1637.5,14.4,1719.5,2048.3,High,True,History,2021-06-11,2024-09-18
Laredo,TX,,College Park,GA,,1130.1,1116.9,0.0,5.0,5,1130.1,1135.0,4.9,1112.9,1116.9,High,True,History,2020-10-30,2024-04-21
Laredo,TX,,Chickasha,OK,,617.7,603.5,0.0,5.0,5,596.6,617.7,21.1,572.2,603.5,Check ZIP,False,History,2024-07-12,2024-10-03
Talladega,AL,,San Antonio,TX,,931.4,1274.2,391.9,5.0,5,931.4,931.4,0.0,1073.8,1563.8,High,True,History,2022-11-14,2024-06-10
Cassville,MO,,Laredo,TX,,817.7,856.5,64.7,5.0,5,817.7,817.7,0.0,848.0,1693.9,High,True,History,2022-05-17,2023-06-12
Nuevo Laredo,TA,,Fogelsville,PA,,1875.8,1825.0,0.0,5.0,5,1875.8,1884.5,8.7,1825.0,1833.7,High,True,History,2021-12-03,2021-12-20
Laredo,TX,,Convington Township,PA,,1939.9,1873.1,0.0,5.0,5,1939.9,1939.9,0.0,1873.1,1873.1,High,True,History,2021-10-16,2023-10-17
Laredo,TX,,Wintersville,OH,,1746.7,1694.8,0.0,5.0,5,1741.1,1746.7,5.6,1694.8,1701.5,High,True,History,2025-10-14,2025-10-25
Laredo,TX,,Williamsport,MD,,1728.9,1688.9,0.0,5.0,5,1728.9,1824.9,96.0,1688.9,1781.7,Check ZIP,False,History,2021-03-25,2023-09-07
Irrigon,OR,,Laredo,TX,,2096.0,2220.3,259.7,5.0,5,2096.0,2096.0,0.0,2193.1,2346.2,High,True,History,2024-08-09,2024-09-23
Houston,TX,,San Antonio,TX,,197.6,390.4,196.9,5.0,5,194.4,206.3,11.9,363.0,620.8,High,True,History,2022-09-14,2025-06-23
Wyoming,MI,,Laredo,TX,,1533.9,1636.1,160.4,5.0,5,1533.9,1534.4,0.5,1507.6,1741.5,High,True,History,2024-04-05,2025-12-30
Houston,TX,,Sayre,PA,,1597.8,1570.7,0.0,4.0,4,1597.8,1597.8,0.0,1570.7,1570.7,High,True,History,2025-06-04,2025-06-04
Washington,PA,,Laredo,TX,,1622.4,2009.3,433.2,4.0,4,1622.4,1622.5,0.1,1997.1,2016.9,High,True,History,2023-02-17,2024-08-15
Vineland,NJ,,San Antonio,TX,,1750.6,1959.6,254.4,4.0,4,1734.2,2061.9,327.7,1932.1,2510.0,Check ZIP,False,History,2022-04-09,2026-06-22
Laredo,TX,,Albuquerque,NM,,872.0,771.2,0.0,4.0,4,872.0,877.3,5.3,771.2,776.5,High,True,History,2022-10-28,2024-10-22
Jacksonville,FL,,Laredo,TX,,1216.0,1455.2,276.0,4.0,4,1211.0,1225.0,14.0,1370.7,1539.7,High,True,History,2021-11-02,2024-01-18
Junction,IA,,Laredo,TX,,1215.5,1408.4,219.4,4.0,4,1215.5,1215.5,0.0,1353.5,1461.6,High,True,History,2025-03-27,2025-05-29
Columbiana,OH,,Laredo,TX,,1652.7,2006.2,431.5,4.0,4,1652.7,1652.7,0.0,1803.7,2013.3,High,True,History,2021-12-21,2023-02-27
Vandergrift,PA,,Laredo,TX,,1682.4,2064.6,389.2,4.0,4,1682.3,1813.2,130.9,1865.3,2391.7,Check ZIP,False,History,2022-03-01,2024-07-31
Corinne,UT,,San Antonio,TX,,1474.2,1594.8,235.7,4.0,4,1474.2,1474.2,0.0,1538.5,1727.8,High,True,History,2021-12-13,2022-10-11
Logansport,IN,,Mcallen,TX,,1484.6,1735.2,343.2,4.0,4,1484.6,1490.0,5.4,1655.4,1786.5,High,True,History,2026-01-30,2026-04-28
Laredo,TX,,Bellingham,WA,,2410.9,2274.8,0.0,4.0,4,2408.4,2725.2,316.8,2271.4,2660.2,Check ZIP,False,History,2022-06-04,2024-04-24
Laredo,TX,,Black Mountain,NC,,1357.8,1331.7,0.0,4.0,4,1356.2,1357.8,1.6,1316.1,1331.7,High,True,History,2022-07-02,2025-03-21
Laredo,TX,,Brookshire,TX,,310.7,321.7,155.4,4.0,1,310.7,324.6,13.9,321.7,321.7,High,True,History,2020-09-18,2021-09-21
Laredo,TX,,Canton,MA,,2187.6,2120.4,0.0,4.0,4,2184.6,2187.6,3.0,2117.8,2120.4,High,True,History,2023-03-26,2023-06-17
Heavener,OK,,Laredo,TX,,665.7,944.8,298.2,4.0,4,665.6,665.7,0.1,878.4,1004.2,High,True,History,2021-03-13,2024-12-30
Clifton,NJ,,San Antonio,TX,,1898.3,2137.0,227.2,4.0,4,1817.0,1975.0,158.0,1965.2,2212.8,Check ZIP,False,History,2023-09-12,2025-03-07
Laredo,TX,,Darten,WI,,1385.4,1380.6,0.0,4.0,4,1385.4,1391.4,6.0,1380.6,1380.6,High,True,History,2021-06-21,2023-09-26
Saint Joseph,MO,,Pharr,TX,,1040.0,1317.9,290.4,4.0,4,1040.0,1040.0,0.0,1233.3,1405.0,High,True,History,2025-04-15,2025-12-30
Rotterdam Junction,NY,,Laredo,TX,,2057.1,2146.1,160.0,4.0,4,2057.1,2057.1,0.0,2117.2,2184.2,High,True,History,2021-06-21,2023-07-17
North Tonawanda,NY,,Laredo,TX,,1811.2,2132.4,401.5,4.0,4,1811.2,1811.2,0.0,2108.9,2161.2,High,True,History,2022-05-03,2026-03-03
Laredo,TX,,Van Buren,MI,,1597.7,1546.6,0.0,4.0,4,1596.1,1597.7,1.6,1546.6,1572.2,High,True,History,2023-04-15,2024-06-07
Hastings,NE,,Laredo,TX,,1037.1,1226.0,244.6,4.0,4,1017.0,1040.5,23.5,1026.7,1399.3,Check ZIP,False,History,2022-03-16,2023-12-01
Avenel,NJ,,Houston,TX,,1604.9,1647.6,77.8,4.0,4,1604.9,1604.9,0.0,1647.6,1650.2,High,True,History,2023-09-12,2024-10-22
Guadalupe,N.,,Orem,UT,,1556.3,1464.0,0.0,4.0,1,1491.3,1959.0,467.7,1464.0,1464.0,Check ZIP,False,History,2024-10-05,2025-02-26
Groveport,OH,,Laredo,TX,,1475.2,1617.7,196.6,4.0,4,1469.8,1480.2,10.4,1502.3,1814.6,High,True,History,2022-06-01,2026-06-08
Stevens,WI,,Laredo,TX,,1522.5,1696.8,237.2,4.0,4,1522.5,1522.5,0.0,1646.9,1738.2,High,True,History,2022-08-26,2024-11-12
Laredo,TX,,Winter Haven,FL,,1335.4,1288.9,0.0,4.0,4,1335.4,1335.4,0.0,1288.9,1288.9,High,True,History,2022-02-12,2022-08-05
Laredo,TX,,Chariton,IA,,1103.1,1078.8,0.0,4.0,4,1103.1,1103.1,0.0,1078.8,1079.8,High,True,History,2020-12-09,2026-03-02
Batavia,IL,,Laredo,TX,,1343.3,1372.8,50.4,4.0,4,1343.3,1343.3,0.0,1355.7,1639.2,High,True,History,2023-06-02,2025-07-25
Terre Haute,IN,,Pleasanton,TX,,1130.6,1400.2,311.5,4.0,4,1130.6,1130.6,0.0,1319.2,1492.4,High,True,History,2025-04-18,2025-05-20
Laredo,TX,,Cheyenne,WY,,1209.8,1115.2,0.0,4.0,4,1193.0,1211.3,18.3,1112.0,1120.6,High,True,History,2023-03-31,2024-12-10
Beaumont,TX,,Laredo,TX,,436.0,445.6,80.8,4.0,4,299.8,441.9,142.1,377.2,504.1,Check ZIP,False,History,2022-09-06,2026-01-20
Sandusky,OH,,Laredo,TX,,1581.0,1627.0,116.7,4.0,4,1581.0,1581.0,0.0,1596.5,1793.5,High,True,History,2025-12-02,2026-03-10
Laredo,TX,,West Palm Beach,FL,,1463.9,1427.6,0.0,4.0,4,1462.4,1464.0,1.6,1427.2,1443.7,High,True,History,2020-07-12,2026-03-11
Laredo,TX,,Evansville,WY,,1379.7,1295.8,0.0,4.0,4,1379.7,1379.7,0.0,1295.8,1295.8,High,True,History,2022-09-19,2022-09-30
Laredo,TX,,Harrisonville,MO,,898.8,893.4,0.0,4.0,4,898.8,898.8,0.0,893.4,893.4,High,True,History,2024-01-21,2024-03-29
Laredo,TX,,Hamtrack,MI,,1624.5,1575.9,0.0,4.0,4,1619.6,1624.5,4.9,1570.8,1575.9,High,True,History,2025-10-24,2025-11-28
Laredo,TX,,Melrose Park,IL,,1623.1,1585.8,0.0,4.0,4,1354.7,1900.5,545.8,1345.3,1835.2,Check ZIP,False,History,2022-08-01,2026-05-22
Laredo,TX,,Medley F,FL,,1538.7,1513.1,0.0,4.0,4,1538.7,1538.7,0.0,1513.1,1513.1,High,True,History,2022-02-28,2023-10-25
Gadsden,AL,,Laredo,TX,,1082.1,1161.4,145.5,4.0,4,1073.2,1088.0,14.8,1127.9,1623.5,High,True,History,2020-08-27,2024-10-18
Laredo,TX,,Lansing,MI,,1577.4,1532.8,0.0,4.0,4,1575.0,1579.8,4.8,1530.6,1536.0,High,True,History,2023-02-27,2026-02-17
Laredo,TX,,Las Vegas,NV,,1429.6,1284.5,0.0,4.0,3,1425.7,1429.6,3.9,1284.5,1311.4,High,True,History,2023-09-20,2026-07-15
Cartersville,GA,,Laredo,TX,,1183.8,1417.2,327.3,4.0,4,1178.1,1184.1,6.0,1409.5,1584.4,High,True,History,2025-07-15,2026-02-09
Carol Stream,IL,,Laredo,TX,,1352.2,1469.6,135.0,4.0,4,1346.9,1352.6,5.7,1353.0,1584.2,High,True,History,2023-02-10,2026-02-12
Nuevo Laredo,TA,,Walton,KY,,1346.2,1306.2,0.0,4.0,4,1341.8,1350.9,9.1,1301.8,1311.4,High,True,History,2023-10-06,2024-04-30
Dothan,AL,,Boerne,TX,,883.1,1387.3,555.4,4.0,4,883.1,883.1,0.0,1294.9,1387.3,High,True,History,2025-10-21,2025-10-29
Newberry,SC,,Laredo,TX,,1349.4,1491.0,192.7,4.0,3,1349.4,1349.4,0.0,1402.3,1498.6,High,True,History,2020-12-07,2022-06-17
Newark,NJ,,Pasadena,TX,,1607.4,1605.5,31.0,4.0,4,1606.5,1607.4,0.9,1592.6,1639.4,High,True,History,2022-11-01,2025-07-22
Nuevo Laredo,TA,,College Park,GA,,1130.1,1116.9,0.0,4.0,4,1130.1,1130.1,0.0,1116.9,1116.9,High,True,History,2022-03-07,2022-05-17
Cayce,SC,,Laredo,TX,,1345.4,1414.3,97.2,4.0,4,1345.4,1345.4,0.0,1414.3,2021.7,High,True,History,2021-11-19,2024-01-17
E Boston,MA,,Clinton,IA,,1130.6,1137.1,39.2,4.0,4,1130.6,1130.7,0.1,1119.0,1227.2,High,True,History,2025-02-11,2026-01-08
Peru,IL,,Laredo,TX,,1292.9,1430.2,154.0,4.0,4,1289.9,1295.7,5.8,1363.1,1562.4,High,True,History,2022-01-28,2026-05-04
Laredo,TX,,Hauppanage,NY,,2039.8,1957.5,0.0,4.0,4,2037.6,2041.9,4.3,1956.3,1958.7,High,True,History,2025-05-29,2025-06-06
Rogers,AR,,Laredo,TX,,780.8,958.5,217.1,4.0,3,780.7,781.0,0.3,903.5,970.8,High,True,History,2022-04-09,2023-10-27
Birmingham,AL,,Laredo,TX,,1020.7,1355.6,384.0,4.0,4,1017.1,1021.4,4.3,1150.4,1528.2,High,True,History,2022-11-16,2026-01-12
Geneva,IL,,Laredo,TX,,1349.8,1489.6,159.5,4.0,4,1341.0,1358.0,17.0,1372.2,1589.4,High,True,History,2022-06-07,2026-04-14
Laredo,TX,,Hicksville,NY,,2013.5,1960.9,0.0,4.0,4,2013.5,2014.7,1.2,1952.1,1960.9,High,True,History,2022-07-05,2023-08-21
Laredo,TX,,Hutchinson,KS,,1159.6,1143.5,0.0,4.0,4,1159.6,1169.6,10.0,1143.5,1149.6,High,True,History,2023-06-21,2024-05-03
Laredo,TX,,Hartford,MI,,1473.0,1433.3,0.0,4.0,4,1473.0,1473.0,0.0,1433.3,1433.3,High,True,History,2021-04-09,2023-03-13
Laredo,TX,,Hutchins,TX,,428.7,427.1,0.0,4.0,4,427.3,428.7,1.4,418.8,427.1,High,True,History,2023-01-12,2024-10-23
Laredo,TX,,LaGrange,GA,,1074.7,1064.1,0,6,6,1074.7,1074.7,0,1064.1,1064.1,High,True,History,2020-11-20,2024-03-27
Laredo,TX,,Lebanon,IN,,1346.1,1292.6,0.0,4.0,4,1346.1,1346.1,0.0,1292.6,1292.6,High,True,History,2023-01-06,2023-01-13
Laredo,TX,,New Braunfels,TX,,190.0,275.8,0.0,4.0,2,190.0,190.0,0.0,183.8,367.8,High,True,History,2023-11-08,2023-12-06
Burlington,NJ,,Laredo,TX,,1909.2,1926.5,73.7,4.0,3,1909.2,1909.2,0.0,1883.1,1928.3,High,True,History,2026-06-11,2026-07-14
Nuevo Laredo,TA,,West Palm Beach,FL,,1464.0,1443.7,0.0,4.0,4,1464.0,1464.0,0.0,1443.7,1443.7,High,True,History,2022-02-21,2022-05-23
Laredo,TX,,New York,NY,,1991.3,1936.9,0.0,4.0,4,1987.0,1991.3,4.3,1936.9,1937.5,High,True,History,2022-11-19,2023-06-12
Nuevo Laredo,TA,,Sterling,IL,,1133.4,1127.8,0.0,4.0,4,1129.1,1137.8,8.7,1123.5,1132.2,High,True,History,2023-12-07,2024-03-28
Nuevo Laredo,TA,,San Marcos,TX,,204.2,398.2,204.3,4.0,4,204.2,207.0,2.8,396.5,403.4,High,True,History,2023-12-22,2024-03-13
Nuevo Laredo,TA,,Vance,AL,,977.2,949.9,0.0,4.0,3,976.0,978.5,2.5,949.9,1014.2,High,True,History,2021-07-05,2024-09-11
Laredo,TX,,Richmond,KY,,1316.7,1268.3,0.0,4.0,4,1316.7,1316.7,0.0,1268.3,1268.3,High,True,History,2024-03-22,2024-05-31
Edison,NJ,,Houston,TX,,1618.1,1878.0,223.5,4.0,4,1614.6,1780.3,165.7,1647.2,1962.6,Check ZIP,False,History,2021-10-25,2026-08-21
Effingham,SC,,Laredo,TX,,1439.5,1516.1,118.9,4.0,4,1439.0,1440.0,1.0,1513.6,1520.2,High,True,History,2023-01-24,2026-02-19
Arlington,TX,,Laredo,TX,,437.4,445.4,13.1,4.0,4,437.4,437.4,0.0,432.8,588.3,High,True,History,2023-05-06,2023-06-24
Laredo,TX,,Olathe,KS,,958.0,932.0,0.0,4.0,4,909.1,1001.5,92.4,902.9,982.4,Check ZIP,False,History,2023-02-28,2024-12-14
Nuevo Laredo,TA,,Ogden,UT,,1490.8,1414.0,0.0,4.0,4,1432.3,1551.5,119.2,1406.0,1423.8,Check ZIP,False,History,2025-02-27,2025-05-19
Nuevo Laredo,TA,,Omaha,NE,,1087.5,1073.0,0.0,4.0,4,1078.8,1089.9,11.1,1066.4,1073.0,High,True,History,2025-10-28,2025-11-07
Calvert,AL,,Laredo,TX,,854.6,1178.0,379.5,4.0,4,846.4,856.6,10.2,870.1,1348.4,High,True,History,2023-08-30,2024-07-31
Laredo,TX,,Phoenix,AZ,,1136.1,1018.8,0.0,4.0,4,1127.0,1446.8,319.8,994.3,1332.2,Check ZIP,False,History,2022-12-09,2024-09-25
Laredo,TX,,Baytown,TX,,378.5,428.8,189.9,4.0,2,377.2,492.7,115.5,367.9,489.6,Check ZIP,False,History,2023-06-11,2026-08-04
Union City,TN,,Laredo,TX,,1011.9,1107.3,163.7,4.0,4,1011.9,1012.2,0.3,1036.9,1135.6,High,True,History,2023-10-11,2025-03-15
Hudsonville,MI,,Laredo,TX,,1524.1,1648.7,174.4,4.0,4,1524.1,1524.1,0.0,1548.8,1714.7,High,True,History,2025-02-11,2025-02-24
Laredo,TX,,Annapolis Junction,MD,,1779.2,1717.7,0.0,4.0,4,1779.2,1779.2,0.0,1717.7,1717.7,High,True,History,2022-11-26,2023-10-22
Albany,OR,,Laredo,TX,,2561.8,2387.6,27.4,4.0,4,2393.9,2729.7,335.8,2145.4,2794.2,Check ZIP,False,History,2023-01-23,2024-07-02
Iuka,MS,,Laredo,TX,,1000.0,1235.2,302.9,4.0,4,1000.0,1005.2,5.2,1231.9,1370.1,High,True,History,2022-09-27,2024-05-10
Lexington,OH,,Laredo,TX,,1533.5,1620.1,150.6,3.0,3,1533.5,1533.5,0.0,1562.0,1645.9,High,True,History,2022-04-20,2023-10-14
Levittown,PA,,Laredo,TX,,1916.5,1924.5,71.2,3.0,3,1900.7,1919.8,19.1,1923.2,2032.9,High,True,History,2021-11-30,2023-03-20
Moses Lake,WA,,Laredo,TX,,2191.8,2338.9,289.9,3.0,3,2187.9,2191.8,3.9,2338.9,2503.3,High,True,History,2022-06-29,2023-03-10
Columbus,OH,,Laredo,TX,,1470.5,1449.9,29.8,3.0,3,1469.0,1474.1,5.1,1423.4,1535.1,High,True,History,2023-08-08,2025-10-17
Linden,NJ,,Pasadena,TX,,1606.6,1635.1,72.7,3.0,3,1606.6,1607.6,1.0,1573.2,1635.1,High,True,History,2023-10-27,2025-12-15
Laredo,TX,,Bridgeview,IL,,1344.9,1329.6,0.0,3.0,2,1344.9,1349.9,5.0,1329.6,1329.6,High,True,History,2024-07-26,2025-08-05
Laredo,TX,,Cobleskill,NY,,2063.8,1988.9,0.0,3.0,3,2063.8,2063.8,0.0,1988.9,1988.9,High,True,History,2021-11-24,2021-12-21
Laredo,TX,,Birmingham,AL,,1021.1,986.7,0.0,3.0,3,1019.6,1184.0,164.4,970.9,1149.3,Check ZIP,False,History,2023-09-15,2026-04-15
Vineland,NJ,,Laredo,TX,,1897.5,1883.9,34.9,3.0,3,1897.5,1897.8,0.3,1872.6,1965.2,High,True,History,2023-11-03,2025-07-10
Vancouver,WA,,Laredo,TX,,2269.4,2280.1,141.1,3.0,3,2269.4,2269.4,0.0,2260.5,2311.0,High,True,History,2022-11-30,2023-01-10
Tucker,GA,,Laredo,TX,,1162.0,1146.2,28.5,3.0,3,1162.0,1162.0,0.0,1146.2,1147.3,High,True,History,2023-03-28,2023-07-21
Auburndale,FL,,San Antonio,TX,,1176.4,1198.8,45.8,3.0,3,1176.4,1176.4,0.0,1164.9,1311.9,High,True,History,2020-08-26,2022-05-26
Summit,MS,,Laredo,TX,,714.8,943.7,270.5,3.0,3,714.8,715.6,0.8,943.7,1453.1,High,True,History,2022-06-05,2026-01-23
Laredo,TX,,Clinton,OK,,702.5,624.6,0.0,3.0,3,702.5,702.5,0.0,624.6,624.6,High,True,History,2023-11-02,2023-11-02
Lexington,NE,,Laredo,TX,,1122.4,1325.5,324.8,3.0,3,1122.4,1122.5,0.1,1271.6,1364.3,High,True,History,2024-04-30,2024-07-19
Morristown,TN,,Laredo,TX,,1312.2,1494.4,220.9,3.0,3,1312.2,1312.2,0.0,1445.5,1828.7,High,True,History,2021-11-24,2023-01-27
Hereford,TX,,Laredo,TX,,639.2,618.6,20.6,3.0,3,639.2,639.2,0.0,599.6,870.1,High,True,History,2022-12-12,2025-06-23
Hillsboro,TX,,Laredo,TX,,376.3,446.5,75.9,3.0,3,367.2,376.3,9.1,413.7,510.3,High,True,History,2023-04-13,2025-01-06
Cofield,NC,,Laredo,TX,,1664.1,2038.0,431.1,3.0,3,1664.1,1666.7,2.6,1783.7,2038.0,High,True,History,2021-11-05,2023-10-03
Coldwater,MI,,Pharr,TX,,1592.3,1792.4,268.6,3.0,2,1592.3,1592.3,0.0,1788.0,1796.9,High,True,History,2025-05-16,2025-09-26
Laredo,TX,,Blairsville,PA,,1688.4,1636.4,0.0,3.0,2,1688.4,1689.0,0.6,1636.0,1636.7,High,True,History,2025-06-24,2026-04-24
Houston,TX,,Austin,TX,,155.1,431.1,270.2,3.0,2,151.0,171.4,20.4,423.7,438.5,Check ZIP,False,History,2022-03-31,2022-11-10
Marshville,NC,,Laredo,TX,,1426.7,1588.5,218.2,3.0,3,1426.7,1426.7,0.0,1449.8,1671.5,High,True,History,2024-06-15,2026-08-19
Marshall,TX,,Laredo,TX,,526.9,680.8,172.2,3.0,3,526.9,526.9,0.0,670.3,700.8,High,True,History,2023-07-27,2024-02-05
Medford,OR,,Laredo,TX,,2188.9,2112.0,82.2,3.0,3,2188.9,2188.9,0.0,2112.0,2498.9,High,True,History,2022-07-18,2023-01-30
Cohocton,NY,,Laredo,TX,,1879.2,2147.1,333.4,3.0,3,1879.2,1879.2,0.0,2119.4,2147.1,High,True,History,2022-11-10,2022-11-15
Hickory,KY,,Laredo,TX,,1052.4,1159.0,169.3,3.0,3,1052.4,1052.4,0.0,1140.2,1306.0,High,True,History,2023-11-14,2024-05-07
Hermiston,OR,,Fort Worth,TX,,1840.2,1767.1,0.0,3.0,3,1840.2,1840.2,0.0,1767.1,1789.1,High,True,History,2022-11-18,2024-04-13
Lancaster,PA,,Carrollton,TX,,1456.1,1628.6,207.4,3.0,3,1426.0,1456.9,30.9,1601.5,1629.9,Check ZIP,False,History,2023-05-29,2024-06-11
Laredo,TX,,Alger,OH,,1497.4,1445.4,0.0,3.0,3,1497.4,1497.4,0.0,1445.4,1445.4,High,True,History,2023-07-21,2023-07-21
Jersey City,NJ,,Laredo,TX,,1968.2,2011.7,96.1,3.0,3,1968.2,1968.2,0.0,1965.1,2116.9,High,True,History,2022-08-29,2022-09-02
Columbus,MS,,Laredo,TX,,945.7,1269.5,262.7,3.0,3,941.2,1063.0,121.8,961.7,1546.7,Check ZIP,False,History,2022-02-11,2024-09-24
Jacksonville,FL,,San Antonio,TX,,1069.9,1419.1,369.9,3.0,3,1069.9,1069.9,0.0,1419.1,1419.1,High,True,History,2024-02-23,2024-03-08
Johnstown,NY,,Laredo,TX,,2046.0,2236.5,257.6,3.0,3,2046.0,2046.0,0.0,2147.1,2285.4,High,True,History,2023-02-24,2025-01-03
Waterloo,IA,,Hidalgo,TX,,1324.6,1696.3,394.1,3.0,2,1324.6,1397.6,73.0,1684.4,1708.2,Check ZIP,False,History,2025-07-22,2026-01-04
West Columbia,SC,,Laredo,TX,,1344.0,1420.1,116.7,3.0,3,1344.0,1530.8,186.8,1321.2,1749.4,Check ZIP,False,History,2022-08-05,2026-02-06
Allentown,PA,,Laredo,TX,,1888.2,1976.3,144.2,3.0,3,1884.5,1972.2,87.7,1974.9,2094.4,Check ZIP,False,History,2023-09-26,2024-07-16
Waller,TX,,Laredo,TX,,349.1,414.9,93.1,3.0,3,349.1,354.6,5.5,402.8,451.4,High,True,History,2023-10-09,2024-09-06
Hazleton,PA,,Laredo,TX,,1885.1,1963.7,135.1,5,5,1883.2,1888,4.8,1870.7,2064.7,High,True,History,2021-11-16,2024-02-16
Wallisville,TX,,Laredo,TX,,393.2,393.9,30.1,3.0,3,393.2,393.2,0.0,366.0,578.9,High,True,History,2025-06-13,2025-06-13
West Jordan,UT,,Fort Worth,TX,,1230.0,1607.6,432.4,3.0,3,1229.6,1230.0,0.4,1192.6,1643.8,High,True,History,2021-01-24,2022-10-25
Williamsport,PA,,Floresville,TX,,1713.8,1979.0,360.9,3.0,2,1713.2,1886.2,173.0,1978.9,1979.1,Check ZIP,False,History,2025-10-17,2025-12-22
Laredo,TX,,Garland,TX,,446.0,438.0,0.0,3.0,3,443.7,446.2,2.5,435.7,441.2,High,True,History,2023-09-30,2026-02-05
Granite City,IL,,Laredo,TX,,1072.2,1296.0,229.2,3.0,3,1066.7,1073.6,6.9,1086.3,1336.9,High,True,History,2023-04-26,2025-04-03
Quincy,WA,,Laredo,TX,,2220.2,2371.6,286.2,3.0,3,2208.9,2220.2,11.3,2309.0,2378.3,High,True,History,2022-07-14,2024-11-26
Laredo,TX,,Fresno,CA,,1714.0,1580.6,0.0,3.0,3,1714.0,1722.7,8.7,1580.6,1590.5,High,True,History,2024-02-13,2024-10-09
Grand Forks,ND,,Laredo,TX,,1572.8,2152.6,630.2,3.0,3,1568.9,1572.8,3.9,1934.9,2238.4,High,True,History,2022-09-10,2023-05-12
Rexville,NY,,Lockhart,TX,,1658.7,1901.0,323.3,3.0,3,1658.7,1658.7,0.0,1728.5,2090.7,High,True,History,2022-08-15,2022-09-06
Norfolk,VA,,Laredo,TX,,1709.9,1825.9,158.1,3.0,3,1708.1,1709.9,1.8,1749.2,2014.7,High,True,History,2022-08-12,2023-08-07
Rochelle,IL,,Elmendorf,TX,,1187.9,1372.9,214.7,3.0,3,1187.9,1187.9,0.0,1260.2,1487.1,High,True,History,2025-06-04,2025-08-11
Laredo,TX,,The Bronx,NY,,1987.0,1937.5,0.0,3.0,3,1987.0,2207.4,220.4,1937.5,2134.4,Check ZIP,False,History,2022-05-05,2023-04-03
Laredo,TX,,Trenton,GA,,1141.4,1105.7,0.0,3.0,3,1141.4,1141.4,0.0,1105.7,1105.7,High,True,History,2023-05-12,2023-07-24
Norma,NJ,,Laredo,TX,,1898.2,2060.8,231.4,3.0,3,1898.2,1898.2,0.0,1979.5,2060.8,High,True,History,2021-04-06,2022-05-24
Cienega De Flores,N.,,Dallas,TX,,573.4,996.9,443.2,3.0,1,573.4,587.0,13.6,996.9,996.9,High,True,History,2025-06-02,2025-06-05
Newark,NJ,,San Antonio,TX,,1805.7,2006.8,233.6,3.0,3,1804.9,1812.7,7.8,1963.4,2064.5,High,True,History,2023-09-19,2023-11-28
Laredo,TX,,Upper Marlboro,MD,,1771.0,1706.4,0.0,3.0,2,1771.0,1771.0,0.0,1705.8,1707.0,High,True,History,2025-01-21,2026-06-16
Laredo,TX,,Vineyard,UT,,1463.5,1337.8,0.0,3.0,3,1463.5,1463.5,0.0,1337.8,1337.8,High,True,History,2022-07-20,2024-01-12
Laredo,TX,,Villa Rica,GA,,1127.0,1098.4,0.0,3.0,3,1127.0,1127.0,0.0,1098.4,1098.4,High,True,History,2020-09-02,2021-01-16
Rotterdam,NY,,Northlake,TX,,1670.6,1745.4,137.4,3.0,3,1670.6,1670.6,0.0,1745.4,2218.0,High,True,History,2022-09-20,2023-04-03
Laredo,TX,,Frederick,MD,,1740.9,1701.0,0.0,3.0,3,1739.8,1740.9,1.1,1687.3,1701.0,High,True,History,2023-04-13,2023-06-16
Laredo,TX,,Valparaiso,IN,,1414.5,1359.7,0.0,3.0,3,1408.2,1997.7,589.5,1351.9,1918.7,Check ZIP,False,History,2024-02-07,2026-04-08
Delphi,IN,,Mcallen,TX,,1463.1,1716.2,346.2,3.0,1,1462.7,1467.7,5.0,1716.2,1716.2,High,True,History,2025-05-28,2026-03-11
Laredo,TX,,Farmingdale,NY,,2018.7,1945.1,0.0,3.0,3,2018.5,2018.7,0.2,1910.4,1945.6,High,True,History,2023-07-10,2026-03-17
Laredo,TX,,Erie,PA,,1708.9,1646.6,0.0,3.0,3,1708.9,1708.9,0.0,1646.6,1646.6,High,True,History,2021-10-27,2023-05-23
Baltimore,MD,,Laredo,TX,,1802.6,1892.4,146.4,3.0,3,1799.6,1841.8,42.2,1886.9,1948.5,Check ZIP,False,History,2022-11-10,2025-05-22
Spartanburg,SC,,Laredo,TX,,1316.7,1483.3,184.3,3.0,3,1316.7,1316.7,0.0,1418.9,1633.7,High,True,History,2023-07-20,2024-05-31
Stockbridge,GA,,Laredo,TX,,1146.5,1145.4,34.1,3.0,3,1146.5,1146.6,0.1,1119.8,1146.6,High,True,History,2023-09-05,2024-08-20
Springdale,AR,,Laredo,TX,,771.9,859.2,108.5,3.0,3,771.9,771.9,0.0,834.5,969.4,High,True,History,2021-04-23,2022-10-22
Spencer,MA,,Laredo,TX,,2142.7,2136.5,59.5,3.0,3,2142.7,2143.5,0.8,2136.3,2251.9,High,True,History,2023-02-10,2026-01-20
Springfield,MO,,Laredo,TX,,849.7,905.3,69.2,3.0,3,849.7,850.7,1.0,841.0,905.3,High,True,History,2022-09-13,2024-08-04
Sparrows Point,MD,,Malvern,AR,,1104.7,1247.3,167.2,3.0,3,1102.0,1104.7,2.7,1247.3,1247.3,High,True,History,2025-08-26,2025-08-27
Hatfield,PA,,Hidalgo,TX,,1918.2,2088.2,203.9,3.0,3,1917.2,1918.2,1.0,2057.4,2315.1,High,True,History,2025-11-10,2026-06-29
Hauppauge,NY,,Burnham,PA,,278.7,266.9,0.0,3.0,3,278.7,278.7,0.0,266.9,266.9,High,True,History,2023-09-01,2023-09-05
Hanover,PA,,Laredo,TX,,1779.7,1949.5,210.6,3.0,3,1779.7,1779.7,0.0,1833.7,1991.6,High,True,History,2023-08-18,2023-09-29
Laredo,TX,,Coloma,MI,,1465.6,1421.1,0.0,3.0,3,1465.5,1469.1,3.6,1420.0,1424.9,High,True,History,2024-02-05,2026-01-21
Laredo,TX,,Centralia,WA,,2338.0,2211.5,0.0,3.0,3,2338.0,2338.0,0.0,2211.5,2211.5,High,True,History,2023-02-13,2023-12-11
Avon,NY,,San Antonio,TX,,1688.0,1930.4,311.2,3.0,3,1688.0,1688.0,0.0,1874.9,1991.0,High,True,History,2021-10-20,2021-11-05
Montgomery,AL,,Laredo,TX,,988.1,1124.7,155.4,3.0,3,986.0,988.3,2.3,1054.3,1143.2,High,True,History,2023-07-25,2024-04-11
Milford,MA,,Lewisville,TX,,1748.3,1798.3,87.2,3.0,3,1748.3,1748.3,0.0,1798.3,2204.2,High,True,History,2022-11-01,2022-11-28
Miami,FL,,Laredo,TX,,1549.7,1695.6,205.1,3.0,3,1543.2,1553.9,10.7,1532.5,1720.2,High,True,History,2022-12-05,2024-12-13
Laredo,TX,,Winston Salem,NC,,1461.4,1446.2,0.0,3.0,3,1461.4,1464.0,2.6,1431.7,1446.2,High,True,History,2022-06-29,2025-11-22
Laredo,TX,,Wilmington,IL,,1306.1,1293.9,0.0,3.0,3,1304.7,1964.5,659.8,1291.5,1892.1,Check ZIP,False,History,2023-08-04,2025-05-13
Laredo,TX,,Yonkers,NY,,1990.6,1933.0,0.0,3.0,3,1990.6,1990.6,0.0,1933.0,1939.1,High,True,History,2023-07-21,2024-10-09
Laredo,TX,,Woodburn,OR,,2433.2,2157.3,0.0,3.0,3,2433.2,2434.1,0.9,2157.3,2162.0,High,True,History,2023-03-29,2025-02-20
Guadalupe,N.,,Denver,CO,,1236.1,1041.2,0.0,3.0,2,1088.3,1245.9,157.6,1037.5,1045.0,Check ZIP,False,History,2024-04-23,2025-03-08
Laredo,TX,,Wilsonville,OR,,2273.1,2146.3,0.0,3.0,3,2273.1,2273.1,0.0,2146.3,2146.3,High,True,History,2022-07-08,2023-09-25
Laredo,TX,,Bremen,IN,,1457.9,1402.5,0.0,3.0,3,1457.9,1457.9,0.0,1402.5,1403.5,High,True,History,2025-07-24,2025-09-11
Laredo,TX,,Cedar Falls,IA,,1249.3,1208.4,0.0,3.0,3,1249.0,1252.7,3.7,1202.4,1208.7,High,True,History,2024-04-05,2026-06-10
Laredo,TX,,Camp Hill,PA,,1809.3,1750.7,0.0,3.0,3,1809.3,1809.3,0.0,1750.7,1750.7,High,True,History,2022-05-27,2022-06-10
Laredo,TX,,Cedar City,UT,,1447.2,1311.9,0.0,3.0,3,1447.2,1447.2,0.0,1311.9,1311.9,High,True,History,2022-05-14,2022-05-24
Palm City,FL,,San Antonio,TX,,1287.5,1532.6,262.1,3.0,3,1287.5,1404.8,117.3,1532.6,1627.7,Check ZIP,False,History,2022-03-08,2022-03-21
Pasadena,TX,,Laredo,TX,,380.0,397.3,39.9,3.0,3,380.0,380.0,0.0,395.0,398.5,High,True,History,2022-08-01,2023-05-19
Parks Rapids,MN,,Laredo,TX,,1556.8,2086.6,586.6,3.0,3,1556.8,1556.8,0.0,2086.6,2086.6,High,True,History,2023-04-28,2023-09-22
Laredo,TX,,Londonderry,NH,,2209.8,2157.6,0.0,3.0,3,2209.8,2267.6,57.8,2157.6,2206.0,Check ZIP,False,History,2021-06-25,2023-07-07
Nuevo Laredo,TA,,Brooks,OR,,2423.9,2158.2,0.0,3.0,3,2423.9,2423.9,0.0,2158.2,2158.2,High,True,History,2023-01-20,2023-03-10
Newark,NJ,,Laredo,TX,,1961.0,2016.5,98.8,3.0,3,1961.0,1965.2,4.2,1942.6,2021.3,High,True,History,2021-12-07,2023-07-07
Naugatuck,CT,,Laredo,TX,,2059.5,2056.0,60.0,3.0,2,2059.5,2059.5,0.0,2050.3,2061.8,High,True,History,2026-06-01,2026-06-18
Devens,MA,,Brenham,TX,,1904.0,2235.0,389.1,3.0,2,1904.0,1905.0,1.0,2233.7,2236.4,High,True,History,2026-04-28,2026-06-02
Laredo,TX,,Spokane,WA,,2194.6,2075.1,0.0,3.0,3,2194.6,2202.1,7.5,2075.1,2087.5,High,True,History,2022-12-17,2023-02-14
Laredo,TX,,Spokane Valley,WA,,2190.1,2074.9,0.0,3.0,3,2190.1,2190.1,0.0,2074.9,2074.9,High,True,History,2024-01-22,2024-03-01
Laredo,TX,,Hermiston,OR,,2076.1,1949.7,0.0,3.0,3,2076.1,2076.1,0.0,1949.7,1949.7,High,True,History,2022-11-18,2024-04-09
Laredo,TX,,Irving,TX,,436.6,435.3,0.0,3.0,3,435.4,438.6,3.2,432.7,435.9,High,True,History,2022-05-08,2023-07-12
Laredo,TX,,Kansas City,KS,,916.1,910.4,0.0,3.0,3,912.2,921.7,9.5,905.7,915.2,High,True,History,2024-08-13,2026-03-24
Laredo,TX,,Henderson,TX,,472.1,470.8,0.0,3.0,2,472.1,479.7,7.6,466.9,474.6,High,True,History,2024-05-27,2025-12-20
Laredo,TX,,Kearny,NJ,,1968.2,1925.4,0.0,3.0,1,1967.9,1968.2,0.3,1925.4,1925.4,High,True,History,2021-05-01,2021-07-28
New Berlin,NY,,Fort Worth,TX,,1645.7,1365.2,346.7,4,3,1645.7,1645.7,0,0,2202.3,High,True,History,2022-10-08,2023-04-07
Laredo,TX,,North Haven,CT,,2068.8,2004.2,0.0,3.0,3,2061.4,2266.4,205.0,1994.8,2116.6,Check ZIP,False,History,2023-07-04,2025-10-09
Laredo,TX,,Niles,IL,,1362.0,1350.0,0.0,3.0,3,1362.0,1362.1,0.1,1348.9,1350.0,High,True,History,2024-12-25,2025-12-09
Laredo,TX,,Long Island City,NY,,1998.5,1916.3,0.0,3.0,3,1998.5,1998.5,0.0,1916.3,1916.3,High,True,History,2025-10-30,2025-11-03
Laredo,TX,,Mansfield,TX,,418.9,418.4,0.0,3.0,2,418.9,418.9,0.0,418.4,418.4,High,True,History,2021-06-09,2022-10-05
Fort Worth,TX,,San Antonio,TX,,274.7,460.8,190.4,4,4,272.2,282.1,9.9,451.9,559.9,High,True,History,2020-12-21,2023-04-01
Browns Summit,NC,,Laredo,TX,,1486.8,1652.6,413.2,4,5,1486.8,1486.8,0,113.5,1965.1,High,True,History,2021-05-19,2022-08-30
Laredo,TX,,Medina,NY,,1836.0,1775.2,0.0,3.0,3,1836.0,1841.1,5.1,1775.2,1793.6,High,True,History,2022-04-30,2022-06-21
Laredo,TX,,Logan Township,NJ,,1876.5,1821.9,0.0,3.0,3,1876.5,1920.4,43.9,1821.9,1864.8,Check ZIP,False,History,2022-04-18,2023-05-08
Laredo,TX,,Medley,FL,,1535.8,1485.2,0.0,3.0,3,1535.8,1535.8,0.0,1485.2,1485.2,High,True,History,2026-06-30,2026-07-21
Eupora,MS,,Laredo,TX,,911.2,1180.7,332.5,3.0,3,911.2,911.2,0.0,1016.0,1268.2,High,True,History,2022-08-01,2023-11-08
Laredo,TX,,Milwaukee,WI,,1441.0,1427.0,0.0,3.0,3,1440.4,1451.4,11.0,1423.0,1440.4,High,True,History,2023-03-18,2025-04-01
Laredo,TX,,Monroeville,NJ,,1888.5,1828.4,0.0,3.0,3,1888.5,1888.5,0.0,1824.1,1828.4,High,True,History,2025-01-17,2025-06-05
Nuevo Laredo,TA,,Fort Worth,TX,,439.1,517.5,86.1,5,4,434.8,444.1,9.3,430.3,855.6,High,True,History,2025-06-19,2025-12-26
Nuevo Laredo,TA,,Jefferson,OH,,1466.4,1413.5,0.0,3.0,3,1459.4,1489.8,30.4,1413.5,1431.5,Check ZIP,False,History,2023-07-21,2023-08-03
Nuevo Laredo,TA,,LaGrange,GA,,1088.4,1053.8,0.0,3.0,3,1082.9,1088.4,5.5,1053.8,1057.4,High,True,History,2025-05-24,2025-09-21
Nuevo Laredo,TA,,Hodgkins,IL,,1360.2,1343.5,0.0,3.0,3,1357.6,1362.4,4.8,1343.1,1345.4,High,True,History,2023-02-15,2026-02-27
Laredo,TX,,London,KY,,1324.6,1290.2,0.0,3.0,3,1291.4,1376.9,85.5,1252.8,1314.8,Check ZIP,False,History,2022-10-23,2025-05-17
Friendship,NY,,San Antonio,TX,,1674.1,2016.3,427.6,3.0,3,1674.1,1674.1,0.0,1908.1,2081.0,High,True,History,2022-07-26,2023-07-22
Nuevo Laredo,TA,,Hendersonville,NC,,1319.7,1291.4,0.0,3.0,3,1319.7,1319.7,0.0,1291.4,1291.4,High,True,History,2022-02-17,2022-07-08
Nuevo Laredo,TA,,Litchfield,MN,,1437.8,1391.6,0.0,3.0,3,1437.8,1438.8,1.0,1391.0,1391.7,High,True,History,2025-05-24,2026-01-14
Carnegie,PA,,Laredo,TX,,1642.0,1860.1,273.6,3.0,3,1642.0,1642.0,0.0,1791.6,1927.6,High,True,History,2022-04-28,2022-06-01
Carpentersville,IL,,Mcallen,TX,,1441.7,1607.1,196.0,3.0,3,1436.0,1441.7,5.7,1606.4,1615.8,High,True,History,2025-04-01,2025-08-25
Nuevo Laredo,TA,,Syracuse,NY,,1938.5,1875.4,0.0,3.0,3,1938.5,1938.5,0.0,1875.4,1875.4,High,True,History,2022-07-23,2022-08-18
Laredo,TX,,Nazareth,PA,,1898.9,1846.4,0.0,3.0,3,1898.9,1898.9,0.0,1846.4,1846.4,High,True,History,2021-06-08,2022-12-09
Laredo,TX,,Napoleon,OH,,1512.8,1465.6,0.0,3.0,3,1512.8,1608.2,95.4,1465.6,1543.9,Check ZIP,False,History,2024-04-20,2026-03-06
Nuevo Laredo,TA,,Southaven,MS,,906.1,874.4,0.0,3.0,3,904.0,906.1,2.1,872.4,874.4,High,True,History,2024-11-15,2025-01-14
Nuevo Laredo,TA,,Wyoming,MI,,1546.2,1495.2,0.0,3.0,3,1534.2,1546.2,12.0,1483.0,1499.9,High,True,History,2022-11-04,2025-11-28
Nuevo Laredo,TA,,Stilwell,OK,,724.5,718.8,0.0,3.0,3,710.3,727.5,17.2,704.6,722.8,High,True,History,2023-08-07,2024-07-05
Nuevo Laredo,TA,,Suwanee,GA,,1186.0,1152.1,0.0,3.0,3,1184.1,1186.0,1.9,1141.2,1152.1,High,True,History,2025-05-01,2025-07-08
Okeechobee,FL,,Dallas,TX,,1190.3,1657.8,496.4,3.0,3,1190.3,1190.3,0.0,1229.9,1692.1,High,True,History,2022-02-26,2022-03-23
Laredo,TX,,New Ibera,LA,,586.3,557.1,0.0,3.0,3,586.3,586.3,0.0,557.1,557.1,High,True,History,2024-10-04,2025-09-25
Orlando,FL,,Laredo,TX,,1320.2,1365.1,89.5,3.0,3,1305.7,1439.8,134.1,1357.1,1638.6,Check ZIP,False,History,2024-05-03,2024-05-30
Laredo,TX,,Portland,OR,,2328.7,2127.0,0.0,3.0,3,2245.1,2328.8,83.7,2118.7,2129.0,Check ZIP,False,History,2021-12-29,2023-04-26
Edison,NJ,,Laredo,TX,,1958.4,1931.5,33.2,3.0,3,1958.4,1980.3,21.9,1900.9,1971.8,Check ZIP,False,History,2022-06-22,2026-07-17
Laredo,TX,,Pueblo,CO,,993.0,970.9,0.0,3.0,2,993.0,1013.0,20.0,928.8,1013.0,High,True,History,2022-05-05,2022-08-30
Laredo,TX,,St Joseph,MO,,964.4,961.8,0.0,3.0,3,964.4,965.7,1.3,955.9,961.8,High,True,History,2022-10-26,2023-07-05
Laredo,TX,,Riverside,CA,,1446.4,1314.8,0.0,3.0,3,1446.3,1450.9,4.6,1314.2,1343.6,High,True,History,2024-04-23,2025-04-10
Laredo,TX,,Ridgeville,SC,,1419.5,1382.1,0.0,3.0,3,1419.5,1419.5,0.0,1382.1,1382.1,High,True,History,2023-10-02,2023-10-31
Laredo,TX,,Rome,NY,,1983.3,1917.4,0.0,3.0,3,1983.3,1983.3,0.0,1917.4,1917.4,High,True,History,2022-07-01,2022-10-07
Laredo,TX,,Renton,WA,,2325.9,2183.8,0.0,3.0,3,2325.9,2325.9,0.0,2183.8,2183.8,High,True,History,2023-05-08,2023-06-24
Eddystone,PA,,Laredo,TX,,1877.6,1938.7,122.3,3.0,3,1877.6,1877.6,0.0,1935.2,1972.2,High,True,History,2022-05-10,2022-09-28
Laredo,TX,,Mount Vernon,IL,,1120.1,1077.9,0.0,3.0,3,1120.1,1124.9,4.8,1077.9,1083.6,High,True,History,2022-08-19,2024-05-31
Laredo,TX,,Robert,LA,,669.6,657.0,0.0,3.0,3,669.6,669.6,0.0,657.0,1299.2,High,True,History,2023-07-19,2023-09-13
Laredo,TX,,Saint Pauls,NC,,1488.7,1461.4,0.0,3.0,3,1487.2,1488.7,1.5,1461.3,1461.4,High,True,History,2023-04-17,2025-01-15
Laredo,TX,,Norwalk,OH,,1574.5,1523.9,0.0,3.0,3,1574.5,2016.1,441.6,1523.9,1944.0,Check ZIP,False,History,2023-05-03,2023-10-28
Burlington,WA,,Dallas,TX,,2178.4,2254.8,161.2,3.0,3,2178.4,2178.4,0.0,2170.3,2623.4,High,True,History,2022-06-16,2023-08-30
Laredo,TX,,Plant City,FL,,1328.2,1293.0,0.0,3.0,3,1321.6,1365.8,44.2,1271.9,1340.3,Check ZIP,False,History,2023-07-31,2023-11-07
Laredo,TX,,Pico Rivera,CA,,1498.6,1366.3,0.0,3.0,3,1493.6,1519.4,25.8,1361.8,1387.9,Check ZIP,False,History,2025-03-17,2025-07-24
Laredo,TX,,Batavia,IL,,1342.6,1325.0,0.0,3.0,3,1342.5,1342.7,0.2,1325.0,1329.9,High,True,History,2022-03-16,2024-09-03
Laredo,TX,,North Salt Lake,UT,,1568.6,1376.2,0.0,3.0,3,1568.6,1569.7,1.1,1376.2,1464.1,High,True,History,2022-07-30,2024-06-16
Laredo,TX,,Orange,TX,,453.2,426.9,0.0,3.0,3,453.2,453.2,0.0,426.9,426.9,High,True,History,2024-09-30,2024-10-16
Laredo,TX,,Oswego,IL,,1336.7,1311.8,0.0,3.0,3,1336.7,1382.4,45.7,1311.8,1347.2,Check ZIP,False,History,2022-08-08,2023-06-23
Elwood,KS,,Laredo,TX,,966.7,1030.9,71.0,3.0,3,966.7,966.7,0.0,1014.0,1381.7,High,True,History,2023-12-08,2024-12-16
Laredo,TX,,Pendergrass,GA,,1199.9,1179.5,0.0,3.0,3,1199.9,1199.9,0.0,1179.5,1179.5,High,True,History,2023-07-17,2023-10-11
Arcadia,LA,,Laredo,TX,,611.8,729.4,157.0,3.0,3,611.8,611.8,0.0,682.2,841.1,High,True,History,2023-02-06,2023-09-06
Apocada,N.,,Indianapolis,IN,,1471.0,,0.0,3.0,0,1471.0,1472.3,1.3,,,High,False,History,2025-09-12,2025-11-12
Laredo,TX,,Austinburg,OH,,1740.7,1724.0,0.0,3.0,3,1660.4,2153.1,492.7,1597.1,2098.7,Check ZIP,False,History,2021-05-21,2025-03-17
Laredo,TX,,Austin,TX,,240.6,339.5,0.0,3.0,2,240.6,241.0,0.4,234.9,444.1,High,True,History,2022-09-29,2023-08-11
Altus,OK,,Laredo,TX,,557.4,682.9,131.6,3.0,3,551.3,619.9,68.6,598.9,809.7,Check ZIP,False,History,2021-06-15,2024-09-03
Amarillo,TX,,Laredo,TX,,672.9,935.8,326.5,3.0,3,667.4,672.9,5.5,605.1,966.4,High,True,History,2023-10-20,2024-04-26
Wisconsin Rapids,WI,,Laredo,TX,,1486.7,1578.3,122.9,3.0,3,1486.7,1486.7,0.0,1555.2,1633.7,High,True,History,2022-08-10,2023-02-10
Albany,OR,,New Caney,TX,,2353.4,2282.5,82.6,3.0,3,2353.4,2353.4,0.0,2207.9,2602.0,High,True,History,2022-11-02,2023-05-25
Adrian,MI,,Laredo,TX,,1553.2,1584.8,83.1,3.0,3,1553.2,1553.2,0.0,1546.7,1657.7,High,True,History,2022-12-23,2024-01-18
Accomac,VA,,Schulenburg,TX,,1538.2,1966.4,447.2,3.0,3,1538.2,1538.2,0.0,1964.1,2075.0,High,True,History,2026-03-25,2026-06-09
Appleton,WI,,San Antonio,TX,,1358.1,1548.4,210.0,2.0,2,1352.5,1363.7,11.2,1546.7,1550.0,Thin,False,History,2020-07-07,2023-03-08
Agua Fria,N.,,Wausau,WI,,1555.9,1508.4,0.0,2.0,2,1555.9,1555.9,0.0,1508.4,1508.4,Thin,False,History,2022-05-20,2022-06-21
Hazlet,NJ,,Laredo,TX,,1970.2,1988.4,82.6,2.0,2,1970.2,1970.2,0.0,1975.9,2000.8,Thin,False,History,2021-12-14,2022-02-16
Huntsville,TX,,Laredo,TX,,414.9,473.5,100.2,2.0,2,414.1,415.7,1.6,429.8,517.2,Thin,False,History,2022-02-24,2024-04-01
Mechanicsburg,PA,,Taft,TX,,1646.5,1931.8,312.6,2.0,2,1646.5,1646.5,0.0,1853.5,2010.2,Thin,False,History,2023-07-18,2023-07-18
McConnellsburg,PA,,Laredo,TX,,1766.1,1981.6,279.8,2.0,2,1766.1,1766.1,0.0,1964.0,1999.2,Thin,False,History,2022-03-24,2023-08-30
Mattawa,WA,,Dallas,TX,,1967.8,2149.6,263.0,2.0,2,1963.3,1972.2,8.9,2119.6,2179.7,Thin,False,History,2023-02-07,2023-02-13
Marseilles,IL,,Laredo,TX,,1304.6,1444.5,167.0,2.0,2,1304.6,1304.6,0.0,1353.7,1535.3,Thin,False,History,2023-08-17,2025-01-11
Marble Falls,TX,,Laredo,TX,,300.8,381.6,85.1,2.0,2,300.8,300.8,0.0,377.0,386.1,Thin,False,History,2024-05-30,2024-05-31
Vineland,NJ,,Houston,TX,,1563.2,1972.0,464.0,2.0,2,1560.1,1566.4,6.3,1944.0,1999.9,Thin,False,History,2022-11-30,2026-04-08
Vardaman,MS,,Laredo,TX,,941.8,1207.1,330.8,2.0,2,941.8,941.8,0.0,1170.9,1243.3,Thin,False,History,2023-07-25,2024-06-01
Laredo,TX,,Brenham,TX,,306.7,305.7,153.2,2.0,1,306.7,306.7,0.0,305.7,305.7,Thin,False,History,2023-09-26,2023-10-05
Laredo,TX,,Bohemia,NY,,2035.7,1975.0,0.0,2.0,2,2032.9,2038.5,5.6,1973.8,1976.3,Thin,False,History,2022-10-11,2023-03-14
Laredo,TX,,Central Islip,NY,,2080.6,2021.6,0.0,2.0,2,2028.0,2133.1,105.1,1962.2,2081.0,Thin,False,History,2022-03-26,2022-04-02
Laredo,TX,,Burr Ridge,IL,,1342.0,1328.0,0.0,2.0,2,1339.5,1344.4,4.9,1324.8,1331.3,Thin,False,History,2025-01-25,2026-01-26
Houston,TX,,Nett Lake,MN,,1428.7,1392.5,0.0,2.0,2,1428.7,1428.7,0.0,1392.5,1392.5,Thin,False,History,2025-06-13,2025-06-13
Loda,IL,,Houston,TX,,979.8,1482.1,546.2,2.0,2,979.8,979.8,0.0,1462.4,1501.7,Thin,False,History,2022-07-21,2023-07-16
Malboro,NJ,,Laredo,TX,,1952.6,1983.7,94.2,2.0,2,1949.9,1955.4,5.5,1983.1,1984.3,Thin,False,History,2024-03-26,2024-08-09
Lufkin,TX,,Laredo,TX,,469.0,618.7,189.7,2.0,2,466.1,471.9,5.8,606.2,631.1,Thin,False,History,2023-01-13,2023-09-14
Lumberton,NC,,Laredo,TX,,1478.2,1622.2,177.0,2.0,2,1478.1,1478.3,0.2,1572.8,1671.7,Thin,False,History,2021-05-10,2022-09-20
Cranbury,NJ,,Laredo,TX,,1938.6,1962.5,83.4,2.0,2,1938.6,1938.6,0.0,1888.2,2036.8,Thin,False,History,2022-04-25,2022-05-25
Crawfordville,GA,,Laredo,TX,,1228.0,1441.0,252.2,2.0,2,1228.0,1228.0,0.0,1380.0,1501.9,Thin,False,History,2023-06-20,2023-06-30
Coram,NY,,Laredo,TX,,2047.0,2051.6,84.8,2.0,2,2047.0,2047.0,0.0,2030.6,2072.6,Thin,False,History,2023-02-06,2023-07-18
Vineland,NJ,,Chicago,IL,,773.4,996.1,237.9,2.0,2,773.4,773.4,0.0,996.1,996.1,Thin,False,History,2024-04-23,2024-05-29
Morris,IL,,Laredo,TX,,1313.1,1402.8,107.2,2.0,2,1299.4,1326.7,27.3,1375.4,1430.3,Thin,False,History,2024-03-25,2026-04-20
Little Rock,AR,,Laredo,TX,,746.6,972.9,128.1,2.0,1,742.0,751.2,9.2,972.9,972.9,Thin,False,History,2024-05-06,2025-02-13
Lebanon,IN,,Plymouth,MN,,583.7,851.2,301.7,2.0,2,583.7,583.7,0.0,708.4,993.9,Thin,False,History,2025-03-11,2025-03-11
Conshohocken,PA,,Laredo,TX,,1897.3,1928.0,94.8,2.0,2,1897.3,1897.3,0.0,1910.3,1945.7,Thin,False,History,2022-09-14,2022-10-20
Lowell,AR,,Laredo,TX,,775.5,1290.1,565.1,2.0,2,775.5,775.5,0.0,1290.1,1290.1,Thin,False,History,2023-11-25,2023-11-29
Louisville,KY,,San Antonio,TX,,1096.4,1362.8,318.7,2.0,2,1094.3,1098.5,4.2,1244.4,1481.3,Thin,False,History,2020-08-07,2022-07-06
Loves Park,IL,,Laredo,TX,,1358.3,1435.7,99.6,2.0,2,1358.1,1358.5,0.4,1433.1,1438.3,Thin,False,History,2022-04-19,2025-01-03
Lockport,NY,,Laredo,TX,,1820.8,2203.7,404.8,2.0,2,1819.5,1822.1,2.6,2188.1,2219.3,Thin,False,History,2025-11-25,2025-11-26
Nuevo Laredo,TA,,Newman,GA,,1326.1,1093.0,0.0,2.0,1,1103.6,1548.6,445.0,1093.0,1093.0,Thin,False,History,2023-07-26,2023-08-02
Nuevo Laredo,TA,,Mamaroneck,NY,,2052.2,1996.5,0.0,2.0,2,2000.0,2104.5,104.5,1934.0,2059.0,Thin,False,History,2022-02-07,2022-04-22
Nuevo Laredo,TA,,Quakertown,PA,,1898.4,1856.3,0.0,2.0,2,1898.4,1898.4,0.0,1856.3,1856.3,Thin,False,History,2022-12-16,2022-12-17
Nuevo Laredo,TA,,Red Oak,TX,,431.9,843.0,422.4,2.0,2,431.9,431.9,0.0,843.0,843.0,Thin,False,History,2025-12-04,2025-12-04
Nuevo Laredo,TA,,Ridgewood,NY,,1995.2,1935.2,0.0,2.0,2,1992.7,1997.7,5.0,1934.6,1935.7,Thin,False,History,2021-11-01,2021-11-08
Edison,NJ,,Sinton,TX,,1795.1,1984.1,235.8,2.0,2,1795.1,1795.1,0.0,1984.1,1984.1,Thin,False,History,2023-01-30,2023-10-24
Edwardsville,KS,,Laredo,TX,,914.4,1093.9,192.3,2.0,2,914.4,914.4,0.0,1065.7,1122.1,Thin,False,History,2023-03-03,2023-06-26
Edison,NJ,,Austin,TX,,1710.6,1924.6,269.2,2.0,2,1708.7,1712.5,3.8,1902.0,1947.3,Thin,False,History,2022-01-31,2026-06-19
Nuevo Laredo,TA,,Mesquite,TX,,451.1,879.2,440.4,2.0,2,451.1,451.1,0.0,879.2,879.2,Thin,False,History,2025-03-20,2025-03-23
Laredo,TX,,Paterson,NJ,,1971.6,1918.8,0.0,2.0,2,1971.5,1971.8,0.3,1917.5,1920.2,Thin,False,History,2021-10-21,2026-05-26
Laredo,TX,,Penrose,CO,,1007.5,954.2,0.0,2.0,2,1007.5,1007.5,0.0,954.2,954.2,Thin,False,History,2022-09-16,2023-01-17
Laredo,TX,,Paris,TX,,534.2,528.6,0.0,2.0,2,534.2,534.2,0.0,528.6,528.6,Thin,False,History,2022-04-27,2023-11-20
Erie,PA,,Fort Worth,TX,,1326.1,1964.0,701.8,2.0,2,1326.1,1326.1,0.0,1747.9,2180.1,Thin,False,History,2024-08-09,2024-08-09
Ellenwood,GA,,Laredo,TX,,1144.1,1299.6,174.8,2.0,2,1144.1,1144.1,0.0,1193.6,1405.7,Thin,False,History,2024-04-22,2024-05-30
Nuevo Laredo,TA,,Nazareth,PA,,1898.9,1846.4,0.0,2.0,2,1898.9,1898.9,0.0,1846.4,1846.4,Thin,False,History,2021-11-04,2022-08-15
Nuevo Laredo,TA,,New Braunfels,TX,,197.9,192.7,94.6,2.0,1,197.9,197.9,0.0,192.7,192.7,Thin,False,History,2025-08-16,2025-08-25
Valdosta,GA,,Laredo,TX,,1131.1,1328.8,222.6,2.0,2,1128.9,1133.3,4.4,1318.3,1339.2,Thin,False,History,2023-11-03,2024-12-06
Valparaiso,IN,,Laredo,TX,,1404.3,1523.0,181.4,2.0,2,1404.3,1404.3,0.0,1426.4,1619.5,Thin,False,History,2025-08-03,2025-08-04
Arlington,TN,,Laredo,TX,,914.1,1041.8,188.9,2.0,2,911.0,917.2,6.2,1030.7,1052.9,Thin,False,History,2024-01-26,2025-08-08
Apodaca,N.,,Edgerton,KS,,1084.3,1039.6,0.0,2.0,2,1084.3,1084.3,0.0,1039.6,1039.6,Thin,False,History,2026-03-26,2026-03-26
Laredo,TX,,Seabrook,NJ,,1889.4,1822.3,0.0,2.0,2,1889.4,1889.4,0.0,1822.3,1822.3,Thin,False,History,2022-03-24,2023-04-14
Ellenwood,GA,,San Antonio,TX,,1013.2,1104.0,114.5,2.0,2,1000.4,1025.9,25.5,1019.4,1188.7,Thin,False,History,2025-02-08,2025-02-09
Laredo,TX,,Oklahoma,OK,,622.6,606.6,0.0,2.0,2,622.6,622.6,0.0,606.6,606.6,Thin,False,History,2024-07-26,2024-07-31
Nuevo Laredo,TA,,Medina,NY,,1836.0,1775.2,0.0,2.0,2,1836.0,1836.0,0.0,1775.2,1775.2,Thin,False,History,2022-07-26,2022-11-01
Union City,GA,,Laredo,TX,,1123.7,1320.8,231.7,2.0,2,1123.7,1123.7,0.0,1112.2,1529.3,Thin,False,History,2023-04-21,2023-04-21
Laredo,TX,,Bartow,FL,,1338.3,1304.3,0.0,2.0,2,1338.3,1338.3,0.0,1304.3,1304.3,Thin,False,History,2022-05-18,2022-07-09
Arabi,LA,,Laredo,TX,,997.3,1221.9,263.1,2.0,2,997.3,997.3,0.0,1221.9,1221.9,Thin,False,History,2025-07-31,2025-08-05
Anderson,IN,,San Antonio,TX,,1210.7,1431.1,284.8,2.0,1,1210.7,1210.7,0.0,1431.1,1431.1,Thin,False,History,2021-03-30,2022-10-12
Antigo,WI,,Laredo,TX,,1575.9,1649.4,129.2,2.0,2,1575.9,1575.9,0.0,1649.4,1649.4,Thin,False,History,2023-02-13,2023-02-16
American Falls,ID,,Laredo,TX,,1680.9,1777.5,241.8,2.0,2,1680.9,1680.9,0.0,1767.5,1787.5,Thin,False,History,2023-12-20,2024-01-30
Verona,VA,,Dallas,TX,,1188.0,1321.9,142.4,2.0,2,1188.0,1188.0,0.0,1315.2,1328.6,Thin,False,History,2022-10-22,2022-11-13
Verona,VA,,Laredo,TX,,1606.3,1835.3,270.3,2.0,2,1606.3,1606.3,0.0,1718.7,1951.9,Thin,False,History,2022-05-10,2023-07-03
Nuevo Laredo,TA,,Whiteland,IN,,1349.4,1294.6,0.0,2.0,1,1348.3,1350.4,2.1,1294.6,1294.6,Thin,False,History,2024-12-13,2025-01-29
Nuevo Laredo,TA,,Terrell,TX,,453.6,,0.0,2.0,0,453.6,453.6,0.0,,,Thin,False,History,2024-09-02,2024-09-02
Laredo,TX,,Oak Creek,WI,,1426.1,1415.0,0.0,2.0,2,1424.4,1427.8,3.4,1412.7,1417.2,Thin,False,History,2023-06-05,2024-01-13
Laredo,TX,,Maspeth,NY,,1995.2,1928.6,0.0,2.0,2,1993.4,1996.9,3.5,1919.6,1937.6,Thin,False,History,2022-09-20,2023-03-27
Laredo,TX,,McCook,IL,,1367.8,1350.8,0.0,2.0,2,1367.8,1367.8,0.0,1350.8,1350.8,Thin,False,History,2026-04-14,2026-04-17
Laredo,TX,,Madison Heights,MI,,1642.9,1581.8,0.0,2.0,2,1642.9,1642.9,0.0,1581.8,1581.8,Thin,False,History,2023-06-29,2023-09-12
Laredo,TX,,Marengo,IN,,1270.0,1203.6,0.0,2.0,1,1270.0,1270.0,0.0,1203.6,1203.6,Thin,False,History,2020-07-12,2020-08-05
Laredo,TX,,Lockport,IL,,1323.8,1310.8,0.0,2.0,2,1323.5,1324.0,0.5,1310.4,1311.2,Thin,False,History,2024-04-26,2024-11-29
Nuevo Laredo,TA,,Plainfield,NJ,,1966.6,1902.5,0.0,2.0,2,1963.1,1970.1,7.0,1896.9,1908.1,Thin,False,History,2025-10-20,2025-11-15
Laredo,TX,,Newark,NJ,,1965.0,1922.2,0.0,2.0,2,1964.0,1965.9,1.9,1921.2,1923.1,Thin,False,History,2022-02-14,2023-07-21
Laredo,TX,,Nampa,ID,,1884.1,1721.8,0.0,2.0,2,1851.5,1916.7,65.2,1718.4,1725.3,Thin,False,History,2024-06-18,2024-09-04
Laredo,TX,,Negaunee,MI,,1724.6,1698.2,0.0,2.0,2,1714.2,1735.1,20.9,1688.6,1707.7,Thin,False,History,2022-09-19,2024-10-28
Laredo,TX,,New Albany,MS,,977.0,924.2,0.0,2.0,2,960.3,993.6,33.3,912.0,936.3,Thin,False,History,2023-10-13,2025-08-16
Laredo,TX,,Mt Juliet,TN,,1109.5,1074.8,0.0,2.0,2,1109.3,1109.7,0.4,1073.9,1075.8,Thin,False,History,2023-09-22,2026-07-14
Laredo,TX,,New London,CT,,2102.3,2035.0,0.0,2.0,2,2102.3,2102.3,0.0,2035.0,2035.0,Thin,False,History,2021-10-22,2021-10-22
Ogden,UT,,San Antonio,TX,,1483.7,1625.2,205.4,2.0,2,1386.4,1581.0,194.6,1540.0,1710.4,Thin,False,History,2022-09-13,2022-10-31
Laredo,TX,,Salt Lake,UT,,1563.9,1365.6,0.0,2.0,2,1563.9,1563.9,0.0,1365.6,1365.6,Thin,False,History,2022-07-30,2023-03-20
Laredo,TX,,Romulus,MI,,1604.6,1555.8,0.0,2.0,2,1601.1,1608.2,7.1,1552.3,1559.4,Thin,False,History,2023-06-28,2024-05-19
East Meadow,NY,,Houston,TX,,1680.5,1673.8,23.3,2.0,2,1680.5,1680.5,0.0,1673.8,1673.8,Thin,False,History,2024-07-26,2024-07-26
East Rutherford,NJ,,Austin,TX,,1750.9,1968.4,269.8,2.0,2,1750.9,1750.9,0.0,1968.4,1968.4,Thin,False,History,2026-07-31,2026-07-31
East Hanover,NJ,,Salinas Victoria,N.,,2025.0,2021.4,110.4,2.0,2,1959.2,2090.8,131.6,2016.8,2026.1,Thin,False,History,2022-04-14,2022-12-28
Laredo,TX,,Shelbyville,TN,,1128.6,1087.9,0.0,2.0,2,1128.6,1128.6,0.0,1083.9,1091.9,Thin,False,History,2025-06-07,2026-07-13
Laredo,TX,,Shippensburg,PA,,1767.1,1727.8,0.0,2.0,2,1767.1,1767.1,0.0,1727.8,1727.8,Thin,False,History,2020-12-15,2023-02-02
Laredo,TX,,Schriever,LA,,657.0,630.0,0.0,2.0,2,657.0,657.0,0.0,630.0,630.0,Thin,False,History,2023-07-05,2023-07-05
Edison,NJ,,Dallas,TX,,1534.0,1560.7,50.8,2.0,2,1526.8,1541.3,14.5,1509.1,1612.3,Thin,False,History,2023-01-20,2026-02-06
Edison,NJ,,Rosenberg,TX,,1641.7,1677.0,81.9,2.0,2,1641.7,1641.7,0.0,1677.0,1677.0,Thin,False,History,2023-11-07,2024-01-19
Laredo,TX,,Quartzs,AZ,,1258.0,1155.4,0.0,2.0,2,1258.0,1258.0,0.0,1155.4,1155.4,Thin,False,History,2023-01-23,2023-03-06
Laredo,TX,,Quincy,WA,,2273.0,2074.8,0.0,2.0,2,2273.0,2273.0,0.0,2074.8,2074.8,Thin,False,History,2022-06-10,2023-01-27
Elk Grove Village,IL,,Laredo,TX,,1356.6,1512.0,171.8,2.0,2,1356.3,1356.9,0.6,1472.4,1551.6,Thin,False,History,2022-12-13,2025-07-16
Elgin,IL,,Laredo,TX,,1411.4,1577.2,207.9,2.0,2,1361.7,1461.2,99.5,1529.9,1624.6,Thin,False,History,2022-08-26,2025-01-24
Elizabeth,NJ,,Houston,TX,,1629.4,1957.2,300.9,2.0,2,1611.9,1647.0,35.1,1796.3,2118.0,Thin,False,History,2023-06-21,2026-02-09
Laredo,TX,,Seginaw,TX,,435.5,425.7,0.0,2.0,2,435.5,435.5,0.0,425.7,425.7,Thin,False,History,2025-12-04,2025-12-05
Laredo,TX,,St Louis,MO,,1072.3,1064.8,0,3,3,1052.8,1101,48.2,1047.1,1091.4,Thin,False,History,2023-10-06,2025-03-31
Cartersville,GA,,Pharr,TX,,1174.8,1346.9,225.0,2.0,2,1174.8,1174.8,0.0,1346.9,1346.9,Thin,False,History,2025-10-07,2025-10-08
Carpentersville,IL,,Hidalgo,TX,,1445.7,1875.6,351.1,2.0,2,1445.7,1445.7,0.0,1856.5,1894.6,Thin,False,History,2025-09-02,2025-09-15
Carteret,NJ,,Houston,TX,,1629.1,1911.3,181.2,2.0,1,1629.1,1629.1,0.0,1911.3,1911.3,Thin,False,History,2026-04-14,2026-04-21
Diboll,TX,,Laredo,TX,,458.8,571.8,148.8,2.0,2,458.8,458.8,0.0,515.5,628.1,Thin,False,History,2022-06-27,2024-06-24
Dillon,SC,,Temple,TX,,1185.8,1494.7,324.0,2.0,2,1185.8,1185.8,0.0,1276.9,1712.5,Thin,False,History,2022-10-26,2023-04-12
Dobson,NC,,Laredo,TX,,1467.9,1591.6,171.8,2.0,2,1467.9,1467.9,0.0,1516.4,1666.7,Thin,False,History,2023-07-12,2023-11-21
Nuevo Laredo,TA,,Jackson,TN,,979.2,944.7,0.0,2.0,2,976.7,981.8,5.1,942.7,946.7,Thin,False,History,2025-01-03,2025-01-08
Nuevo Laredo,TA,,Glendale,AZ,,1039.9,1513.4,573.8,2.0,2,1039.9,1039.9,0.0,1005.8,2021.0,Thin,False,History,2025-12-18,2025-12-27
Nuevo Laredo,TA,,Elizabethtown,PA,,1827.7,1783.1,0.0,2.0,2,1827.7,1827.7,0.0,1783.1,1783.1,Thin,False,History,2022-05-05,2022-05-13
Nuevo Laredo,TA,,Elk Grove Village,IL,,1391.2,1361.6,0.0,2.0,2,1355.7,1426.7,71.0,1349.5,1373.7,Thin,False,History,2022-01-20,2022-08-11
Laredo,TX,,Solon,OH,,1616.4,1567.1,0.0,2.0,2,1616.4,1616.4,0.0,1567.1,1567.1,Thin,False,History,2023-03-28,2023-10-10
Canonsburg,PA,,Sinton,TX,,1508.1,1978.5,497.6,2.0,2,1508.1,1508.1,0.0,1921.9,2035.1,Thin,False,History,2022-04-19,2023-03-14
Nuevo Laredo,TA,,Kingstone,WA,,2397.5,2261.7,0.0,2.0,2,2397.5,2397.5,0.0,2261.7,2261.7,Thin,False,History,2023-03-31,2023-04-12
Laredo,TX,,Midland,TX,,505.2,404.9,266.0,2.0,1,486.9,523.5,36.6,404.9,404.9,Thin,False,History,2022-05-12,2023-08-03
Laredo,TX,,Medicine Bow,WY,,1291.4,1216.4,0.0,2.0,2,1291.4,1291.4,0.0,1216.4,1216.4,Thin,False,History,2024-03-13,2024-03-13
Laredo,TX,,Murfreesboro,TN,,1120.5,1088.2,0.0,2.0,2,1120.5,1120.5,0.0,1088.2,1088.2,Thin,False,History,2025-01-27,2025-02-11
Laredo,TX,,Morrow,GA,,1142.7,1117.7,0.0,2.0,2,1140.2,1145.2,5.0,1107.3,1128.1,Thin,False,History,2022-07-16,2023-09-02
Fayetteville,NC,,San Antonio,TX,,1427.6,1535.6,116.7,2.0,2,1427.6,1427.6,0.0,1535.6,1535.6,Thin,False,History,2023-08-01,2023-08-01
Fairfield,OH,,Council Bluffs,IA,,711.1,758.7,76.6,2.0,2,711.1,711.1,0.0,711.7,805.6,Thin,False,History,2025-02-03,2025-03-03
Laredo,TX,,Milwaukie,OR,,2265.6,2138.3,0.0,2.0,2,2261.2,2270.0,8.8,2134.0,2142.6,Thin,False,History,2022-08-02,2022-11-04
New Bedford,MA,,Laredo,TX,,2184.3,2155.6,39.7,2.0,2,2184.2,2184.4,0.2,2155.6,2155.6,Thin,False,History,2025-10-27,2026-01-30
Four Oaks,NC,,Laredo,TX,,1547.6,1721.5,249.8,2.0,2,1545.0,1550.1,5.1,1647.6,1795.4,Thin,False,History,2022-03-18,2022-06-23
Franklin Park,IL,,Springfield,MA,,939.9,905.4,10.0,2.0,2,939.9,939.9,0.0,901.5,909.4,Thin,False,History,2026-05-27,2026-05-28
Flemington,NJ,,Terrell,TX,,1485.9,2050.8,597.1,2.0,2,1485.9,1485.9,0.0,2001.3,2100.4,Thin,False,History,2022-11-29,2023-01-24
Floodwood,MN,,Plain Dealing,LA,,1116.3,1273.8,176.5,2.0,2,1116.3,1116.3,0.0,1251.8,1295.9,Thin,False,History,2025-10-17,2025-10-17
Laredo,TX,,Marshall,MN,,1327.4,1314.7,0.0,2.0,1,1327.4,1327.4,0.0,1314.7,1314.7,Thin,False,History,2021-03-19,2021-04-01
Laredo,TX,,Masillon,OH,,1591.1,1525.2,0.0,2.0,2,1591.1,1591.1,0.0,1525.2,1525.2,Thin,False,History,2023-01-28,2023-09-01
Laredo,TX,,Monmouth,IL,,1198.2,1191.9,0.0,2.0,2,1198.2,1198.2,0.0,1191.9,1191.9,Thin,False,History,2026-05-05,2026-05-05
Laredo,TX,,Monroe,NJ,,1942.6,1887.2,0.0,2.0,2,1942.6,1942.6,0.0,1887.2,1887.2,Thin,False,History,2022-02-18,2022-04-19
Philadelphia,PA,,San Antonio,TX,,1734.3,1935.9,249.2,2.0,2,1725.8,1742.8,17.0,1922.3,1949.5,Thin,False,History,2022-09-06,2022-12-30
Philadelphia,PA,,Conroe,TX,,1543.9,1658.0,149.3,2.0,2,1543.9,1543.9,0.0,1650.9,1665.1,Thin,False,History,2024-05-29,2024-12-27
Laredo,TX,,Voorhees,NJ,,1898.4,1832.8,0.0,2.0,2,1897.3,1899.4,2.1,1832.5,1833.2,Thin,False,History,2026-02-06,2026-02-13
Casa Grande,AZ,,Mercedes,TX,,1189.4,1369.4,218.4,2.0,2,1189.4,1189.4,0.0,1368.4,1370.4,Thin,False,History,2024-01-31,2024-02-22
Laredo,TX,,Sylmar,CA,,1521.1,1388.8,0.0,2.0,2,1521.1,1521.1,0.0,1388.7,1389.0,Thin,False,History,2024-10-04,2025-08-07
Dover,OH,,Laredo,TX,,1585.4,1712.6,195.6,2.0,2,1585.4,1585.4,0.0,1711.6,1713.6,Thin,False,History,2022-05-11,2023-08-23
Dothan,AL,,Laredo,TX,,1014.4,1180.2,212.0,2.0,2,1014.4,1014.5,0.1,1177.7,1182.8,Thin,False,History,2024-04-15,2024-08-23
Nuevo Laredo,TA,,Dayton,NV,,2184.9,2162.6,0.0,2.0,2,2184.9,2184.9,0.0,2162.6,2162.6,Thin,False,History,2025-09-08,2025-10-01
Pedricktown,NJ,,Waterloo,IA,,1043.1,1183.0,176.2,2.0,2,1043.1,1043.1,0.0,1035.0,1331.1,Thin,False,History,2026-03-13,2026-03-13
Pasco,WA,,Houston,TX,,2164.0,2318.0,258.1,2.0,2,2160.8,2167.1,6.3,2308.9,2327.0,Thin,False,History,2022-09-12,2023-01-31
Pasco,WA,,Laredo,TX,,2117.0,2206.0,229.3,2.0,2,2114.4,2119.6,5.2,2199.0,2213.0,Thin,False,History,2022-11-03,2024-10-31
Brazil,IN,,Laredo,TX,,1273.8,1407.0,179.5,2.0,2,1273.8,1273.8,0.0,1377.1,1436.9,Thin,False,History,2021-09-28,2023-07-31
Brewster,NY,,San Antonio,TX,,1872.4,2113.4,292.6,2.0,2,1869.5,1875.4,5.9,2079.3,2147.4,Thin,False,History,2026-04-06,2026-04-06
Bolingbrook,IL,,Laredo,TX,,1331.9,1345.2,22.0,2.0,2,1331.9,1331.9,0.0,1344.1,1346.4,Thin,False,History,2022-01-14,2022-10-28
Pineland,TX,,Laredo,TX,,523.4,631.6,148.6,2.0,2,523.4,523.4,0.0,581.9,681.3,Thin,False,History,2022-06-10,2023-03-10
Philadelphia,PA,,Houston,TX,,1556.4,1724.8,204.2,2.0,2,1552.4,1560.3,7.9,1569.6,1880.1,Thin,False,History,2022-12-17,2023-09-12
Parker,AZ,,Comanche,TX,,1136.5,1224.4,166.4,2.0,2,1136.5,1136.5,0.0,1223.6,1225.2,Thin,False,History,2024-02-20,2024-04-09
Parker,AZ,,Dimmitt,TX,,864.9,970.1,133.7,2.0,2,864.9,864.9,0.0,953.7,986.5,Thin,False,History,2025-06-18,2025-06-19
Painsville,OH,,Laredo,TX,,1641.2,1871.3,296.6,2.0,2,1641.2,1641.2,0.0,1858.5,1884.1,Thin,False,History,2021-11-29,2022-07-27
Peru,IL,,Pulaski,VA,,695.2,799.4,143.9,2.0,2,695.2,695.2,0.0,764.0,834.9,Thin,False,History,2025-02-10,2025-03-26
Pennsauken,NJ,,Laredo,TX,,1895.5,1912.0,75.4,2.0,2,1895.5,1895.5,0.0,1851.1,1972.8,Thin,False,History,2022-05-20,2023-06-28
Pennsauken,NJ,,San Antonio,TX,,1730.1,1897.6,222.0,2.0,2,1729.3,1730.9,1.6,1891.5,1903.8,Thin,False,History,2022-09-13,2025-05-05
Pearland,TX,,Laredo,TX,,366.2,384.6,55.8,2.0,2,365.1,367.3,2.2,362.2,407.0,Thin,False,History,2023-02-10,2023-05-11
Pedricktown,NJ,,Laredo,TX,,1874.1,1885.3,69.3,2.0,2,1874.1,1874.1,0.0,1856.9,1913.7,Thin,False,History,2022-03-16,2023-01-27
Laredo,TX,,Sudbury,MA,,2177.0,2113.0,0.0,2.0,2,2175.8,2178.2,2.4,2107.8,2118.3,Thin,False,History,2022-08-29,2023-04-14
Laredo,TX,,Summer,WA,,2339.7,2202.9,0.0,2.0,2,2339.7,2339.7,0.0,2202.9,2202.9,Thin,False,History,2023-09-12,2023-09-12
Laredo,TX,,Springield,KY,,1258.9,1213.9,0.0,2.0,2,1258.9,1258.9,0.0,1213.9,1213.9,Thin,False,History,2026-06-04,2026-06-10
Laredo,TX,,Modoc,IN,,1398.4,1347.9,0.0,2.0,2,1398.4,1398.4,0.0,1347.9,1347.9,Thin,False,History,2023-01-06,2023-01-09
Frostproof,FL,,San Antonio,TX,,1195.8,1367.8,192.6,2.0,2,1195.8,1195.8,0.0,1367.7,1367.8,Thin,False,History,2022-05-24,2022-06-07
Fort Smith,AR,,Hidalgo,TX,,790.1,1300.4,544.2,3,3,789.3,791.7,2.4,1241.6,1415.6,Thin,False,History,2025-05-01,2025-08-08
Laredo,TX,,Little Rock,AR,,764.0,1102.0,371.0,2.0,2,741.7,786.2,44.5,782.4,1421.5,Thin,False,History,2023-10-24,2025-02-12
Laredo,TX,,Laurel,MD,,1774.6,1711.7,0.0,2.0,2,1774.6,1774.6,0.0,1711.7,1711.7,Thin,False,History,2023-05-26,2023-08-15
Laredo,TX,,Jackson,OH,,1455.9,1403.2,0.0,2.0,2,1445.7,1466.1,20.4,1397.7,1408.7,Thin,False,History,2022-07-09,2025-06-16
Laredo,TX,,Hope,AR,,636.4,603.7,0.0,2.0,2,636.4,636.5,0.1,603.6,603.7,Thin,False,History,2022-09-08,2026-03-16
Gloversville,NY,,Laredo,TX,,2052.0,2203.4,215.6,2.0,2,2051.1,2053.0,1.9,2155.4,2251.3,Thin,False,History,2023-10-05,2024-10-02
Laredo,TX,,Kalamazoo,MI,,1558.2,1528.3,0.0,2.0,2,1505.2,1611.2,106.0,1461.5,1595.1,Thin,False,History,2025-01-21,2025-02-26
Laredo,TX,,Kansas City,MO,,963.2,952.4,0.0,2.0,2,938.0,988.5,50.5,918.7,986.0,Thin,False,History,2024-01-26,2024-06-26
Laredo,TX,,Keller,TX,,437.8,429.6,0.0,2.0,2,437.7,437.8,0.1,429.5,429.6,Thin,False,History,2022-07-31,2024-07-24
Laredo,TX,,Greenwood,IN,,1331.3,1291.7,0.0,2.0,2,1331.3,1331.3,0.0,1291.7,1291.7,Thin,False,History,2020-07-08,2024-03-22
Rockford,IL,,Laredo,TX,,1354.6,1610.6,182.6,2.0,1,1354.6,1354.6,0.0,1610.6,1610.6,Thin,False,History,2021-08-05,2022-06-01
Bethlehem,PA,,San Antonio,TX,,1736.2,1964.7,224.4,2.0,1,1730.8,1741.5,10.7,1964.7,1964.7,Thin,False,History,2021-03-08,2023-08-28
Bigfoot,TX,,Laredo,TX,,134.5,331.6,200.0,2.0,2,134.5,134.5,0.0,206.9,456.3,Thin,False,History,2024-05-23,2024-08-12
Goodlettsville,TN,,Webberville,MI,,540.4,570.9,36.6,2.0,2,540.4,540.4,0.0,570.9,570.9,Thin,False,History,2025-01-25,2025-02-02
Gilchrist,OR,,San Antonio,TX,,2135.9,2236.4,237.3,2.0,2,2135.9,2135.9,0.0,2221.8,2251.0,Thin,False,History,2022-06-07,2022-06-21
Laredo,TX,,Hillsboro,OR,,2272.9,2144.2,0.0,2.0,2,2272.9,2272.9,0.0,2144.2,2144.2,Thin,False,History,2021-11-26,2023-07-05
Laredo,TX,,Jamesburg,NJ,,1957.9,1897.9,0.0,2.0,2,1957.9,1957.9,0.0,1897.9,1897.9,Thin,False,History,2022-04-01,2022-05-01
Laredo,TX,,Islip,NY,,2043.2,1984.1,0.0,2.0,2,2034.9,2051.6,16.7,1982.8,1985.4,Thin,False,History,2022-09-16,2023-07-28
Mundelein,IL,,Laredo,TX,,1375.3,1489.0,132.6,2.0,2,1375.2,1375.4,0.2,1397.8,1580.2,Thin,False,History,2022-08-19,2025-09-18
Mount Zion,IL,,Escobedo,N.,,1204.0,1404.0,235.2,2.0,2,1204.0,1204.0,0.0,1404.0,1404.0,Thin,False,History,2022-11-28,2022-11-29
Mountain Top,PA,,Corpus Christi,TX,,1761.5,1894.9,155.0,2.0,2,1761.5,1761.5,0.0,1881.1,1908.7,Thin,False,History,2023-02-06,2023-02-15
Nuevo Laredo,TA,,Everett,WA,,2668.7,2515.0,0.0,2.0,2,2562.4,2775.0,212.6,2411.7,2618.2,Thin,False,History,2022-03-24,2022-05-06
New Haven,CT,,Sealy,TX,,1759.8,2116.2,409.6,2.0,2,1759.8,1759.8,0.0,2116.2,2116.2,Thin,False,History,2025-10-03,2025-10-03
Neosho,MO,,Laredo,TX,,775.2,842.8,73.3,2.0,2,775.2,775.2,0.0,807.4,878.3,Thin,False,History,2022-05-23,2023-04-28
Laredo,TX,,Hartford,SD,,1271.6,1245.8,0.0,2.0,2,1270.9,1272.4,1.5,1245.1,1246.5,Thin,False,History,2023-05-11,2023-05-15
Laredo,TX,,Hatfield,MA,,2146.8,2075.8,0.0,2.0,2,2140.0,2153.5,13.5,2073.3,2078.3,Thin,False,History,2023-09-19,2025-11-26
Nuevo Laredo,TA,,Doral,FL,,1595.0,1560.6,0.0,2.0,2,1573.2,1616.8,43.6,1535.6,1585.7,Thin,False,History,2022-08-26,2022-10-06
Nuevo Laredo,TA,,Burleson,TX,,407.1,406.6,0.0,2.0,2,407.1,407.1,0.0,406.6,406.6,Thin,False,History,2023-07-29,2023-08-14
Charleston,SC,,Laredo,TX,,1446.3,1704.6,334.1,2.0,2,1446.2,1446.4,0.2,1646.7,1762.6,Thin,False,History,2022-07-01,2024-10-03
Cerrito Blanco,CO,,Laredo,TX,,180.7,232.6,48.6,2.0,1,178.9,182.5,3.6,232.6,232.6,Thin,False,History,2025-06-19,2025-06-26
Nash,TX,,Laredo,TX,,601.1,750.2,180.7,2.0,2,601.1,601.1,0.0,655.6,844.9,Thin,False,History,2022-04-28,2022-05-27
Nashville,TN,,Nuevo Laredo,TA,,1243.0,1806.9,449.2,2.0,1,1095.0,1391.1,296.1,1806.9,1806.9,Thin,False,History,2024-04-11,2024-05-30
Nampa,ID,,Laredo,TX,,1883.6,2136.2,448.8,2.0,2,1851.2,1915.9,64.7,2129.5,2142.9,Thin,False,History,2023-11-27,2025-05-24
Mt Crawford,VA,,Laredo,TX,,1618,1783.9,224.7,3,3,1617.9,1618,0.1,1716.8,1847,Thin,False,History,2021-11-09,2024-11-04
Chelan,WA,,New Caney,TX,,2313.2,2845.4,612.2,2.0,2,2276.4,2349.9,73.5,2832.6,2858.2,Thin,False,History,2022-03-30,2022-04-06
Chesapeake,VA,,Laredo,TX,,1710.0,1979.6,307.2,2.0,2,1703.6,1716.5,12.9,1926.6,2032.5,Thin,False,History,2022-06-28,2022-09-08
Laredo,TX,,Toughkenamon,PA,,1862.9,1812.6,0.0,2.0,2,1862.9,1862.9,0.0,1812.6,1812.6,Thin,False,History,2022-06-26,2022-07-31
Laredo,TX,,Tipton,IN,,1372.4,1321.7,0.0,2.0,2,1372.4,1372.4,0.0,1320.9,1322.5,Thin,False,History,2025-12-08,2026-01-15
Laredo,TX,,Tobaccoville,NC,,1473.8,1437.5,0.0,2.0,2,1473.8,1473.8,0.0,1437.5,1437.5,Thin,False,History,2025-09-26,2025-09-30
Laredo,TX,,Tallmadge,OH,,1602.9,1547.0,0.0,2.0,1,1602.9,1602.9,0.0,1547.0,1547.0,Thin,False,History,2026-08-14,2026-08-25
Laredo,TX,,Tatamy,PA,,1899.1,1847.0,0.0,2.0,2,1899.1,1899.1,0.0,1847.0,1847.0,Thin,False,History,2022-02-13,2022-05-27
Laredo,TX,,Walton,KY,,1341.8,1301.8,0.0,2.0,2,1341.8,1341.8,0.0,1301.8,1301.8,Thin,False,History,2022-07-23,2023-07-08
Bensalem,PA,,Laredo,TX,,1906.8,1875.4,24.4,2.0,2,1906.6,1907.0,0.4,1865.4,1885.5,Thin,False,History,2022-04-12,2026-06-12
Bellingham,WA,,New Bedford,MA,,3143.7,3366.5,337.6,2.0,1,3143.7,3143.7,0.0,3366.5,3366.5,Thin,False,History,2025-05-29,2025-05-29
Belvidere,NJ,,Laredo,TX,,1916.5,1996.4,127.1,2.0,2,1916.5,1916.5,0.0,1993.6,1999.3,Thin,False,History,2022-01-03,2022-01-12
Richmond Hill,NY,,Laredo,TX,,1996.0,1954.3,34.7,2.0,2,1996.0,1996.0,0.0,1954.3,1954.3,Thin,False,History,2026-05-22,2026-05-22
Richland,WA,,Arlington,TX,,1915.2,2298.2,465.9,2.0,2,1915.2,1915.2,0.0,2138.8,2457.7,Thin,False,History,2022-07-14,2025-04-15
Mickleton,NJ,,Chicago,IL,,750.1,885.7,149.4,2.0,2,750.1,750.1,0.0,863.3,908.1,Thin,False,History,2025-04-25,2025-04-25
Clackamas,OR,,Laredo,TX,,2264.7,2308.5,176.8,2.0,2,2264.7,2264.7,0.0,2295.0,2322.0,Thin,False,History,2022-06-02,2022-11-23
Chicago,IL,,San Antonio,TX,,1201.1,1563.9,380.6,2.0,2,1197.5,1204.7,7.2,1365.9,1761.9,Thin,False,History,2023-09-26,2025-10-22
Greensboro,GA,,Laredo,TX,,1212.7,1469.6,306.1,2.0,2,1210.5,1214.9,4.4,1294.3,1645.0,Thin,False,History,2022-02-25,2023-02-03
Redmond,UT,,Laredo,TX,,1430.1,1442.8,138.8,2.0,2,1430.1,1430.1,0.0,1440.2,1445.5,Thin,False,History,2022-02-22,2023-02-27
Ravena,NY,,Mannsville,OK,,1628.1,1722.0,153.7,2.0,2,1628.1,1628.1,0.0,1722.0,1722.0,Thin,False,History,2025-11-18,2025-11-18
Quakertown,PA,,Laredo,TX,,1898.4,1921.4,78.7,2.0,2,1898.2,1898.5,0.3,1911.0,1931.8,Thin,False,History,2024-01-02,2026-02-09
Prosser,WA,,Dallas,TX,,1934.5,2054.2,209.8,2.0,2,1934.5,1934.5,0.0,2042.8,2065.5,Thin,False,History,2023-01-31,2023-02-07
Pueblo,CO,,Laredo,TX,,988.6,1048.6,112.1,2.0,2,983.2,993.9,10.7,1040.6,1056.7,Thin,False,History,2023-10-25,2024-03-19
Princeton,IL,,Laredo,TX,,1307.1,1366.8,108.7,2.0,2,1307.1,1307.1,0.0,1363.7,1369.8,Thin,False,History,2023-02-17,2023-02-17
Portage,IN,,Laredo,TX,,1400.1,1569.0,214.5,2.0,2,1400.1,1400.1,0.0,1516.7,1621.2,Thin,False,History,2024-01-11,2024-04-19
Laredo,TX,,Haines,FL,,1324.2,1287.4,0.0,2.0,1,1324.2,1324.2,0.0,1287.4,1287.4,Thin,False,History,2022-03-03,2022-04-06
Laredo,TX,,Gravette,AR,,762.0,751.2,0.0,2.0,2,761.2,762.7,1.5,750.5,752.0,Thin,False,History,2022-09-23,2023-04-27
Laredo,TX,,Green Bay,WI,,1545.3,1514.3,0.0,2.0,2,1545.3,1545.3,0.0,1514.3,1514.3,Thin,False,History,2023-02-07,2023-02-20
Laredo,TX,,Greenfield,IN,,1348.0,1300.5,0.0,2.0,2,1348.0,1348.0,0.0,1300.5,1300.5,Thin,False,History,2026-03-07,2026-03-13
Laredo,TX,,Goodyear,AZ,,1147.6,1019.7,0.0,2.0,2,1147.6,1147.6,0.0,1019.7,1019.7,Thin,False,History,2025-04-08,2025-06-13
Pittsville,WI,,Laredo,TX,,1477.6,1463.9,82.5,2.0,1,1477.6,1477.6,0.0,1463.9,1463.9,Thin,False,History,2021-08-12,2023-07-20
Bridgeton,NJ,,Houston,TX,,1558.0,1888.0,381.2,2.0,2,1550.5,1565.5,15.0,1756.2,2019.9,Thin,False,History,2023-05-24,2024-08-30
Laredo,TX,,Hayward,CA,,1862.3,1814.7,84.6,2.0,2,1859.4,1865.2,5.8,1733.2,1896.2,Thin,False,History,2025-03-31,2025-12-04
Laredo,TX,,Fort Valley,GA,,1139.0,1103.9,0.0,2.0,2,1139.0,1139.0,0.0,1103.9,1103.9,Thin,False,History,2024-04-09,2024-04-09
Laredo,TX,,Fort Wayne,IN,,1501.3,1423.9,0.0,2.0,2,1501.3,1501.3,0.0,1423.9,1423.9,Thin,False,History,2026-06-12,2026-06-12
Belle Glade,FL,,Houston,TX,,1113.3,1381.7,286.0,2.0,2,1101.8,1124.8,23.0,1185.7,1577.7,Thin,False,History,2021-05-17,2022-05-09
Beardstown,IL,,Mcallen,TX,,1223.1,1853.9,519.2,2.0,1,1223.1,1223.1,0.0,1853.9,1853.9,Thin,False,History,2025-04-29,2025-07-08
Beardstown,IL,,Pharr,TX,,1218.6,1592.2,391.6,2.0,2,1218.6,1218.6,0.0,1589.4,1595.1,Thin,False,History,2025-09-02,2025-09-09
Bay Shore,NY,,Pflugerville,TX,,1788.3,1945.7,291.8,2.0,2,1786.1,1790.5,4.4,1854.2,2037.2,Thin,False,History,2022-08-23,2022-09-26
Seginaw,TX,,Laredo,TX,,438.1,573.8,149.3,2.0,2,438.1,438.1,0.0,505.1,642.4,Thin,False,History,2024-03-18,2025-02-13
Shafter,CA,,Houston,TX,,1684.0,1768.9,144.2,2.0,2,1684.0,1684.0,0.0,1768.9,1768.9,Thin,False,History,2024-08-07,2024-08-07
Selkirk,NY,,Laredo,TX,,2089.4,2186.0,174.9,2.0,2,2089.4,2089.4,0.0,2148.7,2223.4,Thin,False,History,2022-01-21,2022-04-25
Seaford,DE,,Laredo,TX,,1859.1,1925.4,143.8,2.0,2,1859.1,1859.1,0.0,1907.1,1943.8,Thin,False,History,2022-03-09,2023-03-23
Scotia,NY,,San Antonio,TX,,1905.6,2154.3,313.5,2.0,2,1905.3,1906.0,0.7,2132.2,2176.4,Thin,False,History,2022-04-26,2022-05-11
Sayreville,NJ,,Pasadena,TX,,1603.3,1734.1,195.4,2.0,2,1603.3,1603.3,0.0,1566.9,1901.3,Thin,False,History,2025-08-05,2026-05-20
Scarborough,ME,,Laredo,TX,,2287.2,2302.8,94.1,3,2,2287.2,2287.2,0,2280.8,2313.8,Thin,False,History,2026-05-22,2026-05-26
Schenectady,NY,,Delta,OH,,589.5,777.0,195.8,2.0,2,589.5,589.5,0.0,766.9,787.1,Thin,False,History,2024-05-25,2025-11-08
Santa Catarina,N.,,Charlotte,NC,,1539.6,1353.6,0.0,2.0,2,1538.3,1540.9,2.6,1353.6,1353.6,Thin,False,History,2026-02-06,2026-02-11
San Marcos,TX,,Laredo,TX,,206.2,322.6,119.0,2.0,2,204.3,208.2,3.9,283.1,362.1,Thin,False,History,2024-08-22,2024-10-29
Laredo,TX,,Fort Lauderdale,FL,,1512.0,1478.4,0.0,2.0,2,1510.9,1513.0,2.1,1468.3,1488.5,Thin,False,History,2023-08-11,2023-11-04
Laredo,TX,,Faribault,MN,,1320.8,1296.4,0.0,2.0,2,1320.8,1320.8,0.0,1295.2,1297.5,Thin,False,History,2025-02-16,2025-12-17
Laredo,TX,,Evanston,WY,,1541.8,1485.6,0.0,2.0,2,1541.8,1541.8,0.0,1429.3,1541.8,Thin,False,History,2024-10-22,2024-10-23
Hanover Park,IL,,Laredo,TX,,1344.0,1433.0,107.4,2.0,2,1330.3,1357.8,27.5,1409.0,1456.9,Thin,False,History,2023-01-31,2025-08-28
Russellville,AR,,Laredo,TX,,788.4,1124.7,363.6,6,6,787.6,790,2.4,969,1346.4,Thin,False,History,2021-06-08,2024-11-25
Rockport,IN,,Laredo,TX,,1202.9,1303.3,148.0,2.0,2,1202.9,1202.9,0.0,1303.3,1303.3,Thin,False,History,2024-04-08,2024-06-14
Laredo,TX,,Warrenton,MO,,1042.7,1037.4,0.0,2.0,2,1042.7,1042.7,0.0,1037.4,1037.4,Thin,False,History,2023-01-11,2023-09-29
Laredo,TX,,Washington Court House,OH,,1712.3,1645.9,0.0,2.0,2,1712.3,1712.3,0.0,1645.9,1645.9,Thin,False,History,2025-10-13,2025-10-14
Laredo,TX,,Tyler,TX,,470.4,465.2,0.0,2.0,2,461.7,479.2,17.5,458.4,471.9,Thin,False,History,2022-06-30,2022-08-07
Laredo,TX,,Westampton,NJ,,1911.4,1856.0,0.0,2.0,2,1911.4,1911.4,0.0,1856.0,1856.0,Thin,False,History,2023-03-04,2023-07-06
Laredo,TX,,Westfield,MA,,2120.1,2058.0,0.0,2.0,2,2120.1,2120.1,0.0,2058.0,2058.0,Thin,False,History,2023-03-16,2023-05-19
De Land,FL,,Milo,ME,,1501.8,1601.4,123.0,2.0,2,1501.8,1501.8,0.0,1601.4,1601.4,Thin,False,History,2025-12-02,2025-12-02
De Quincy,LA,,Laredo,TX,,483.1,629.1,198.9,2.0,2,483.1,483.1,0.0,498.4,759.8,Thin,False,History,2024-10-02,2024-10-03
Red Bud,IL,,Laredo,TX,,1083.6,1262.8,218.3,2.0,2,1081.7,1085.5,3.8,1162.1,1363.4,Thin,False,History,2025-03-27,2025-12-08
Laredo,TX,,York,PA,,1808.9,1768.6,0.0,2.0,2,1808.9,1808.9,0.0,1768.6,1768.6,Thin,False,History,2022-06-03,2022-06-03
Middletown,NY,,Lancaster,TX,,1582.8,1703.4,140.4,2.0,2,1582.8,1582.8,0.0,1679.6,1727.3,Thin,False,History,2023-11-01,2024-08-20
Middletown,NY,,Laredo,TX,,2005.7,2035.5,106.6,2.0,2,2005.7,2005.7,0.0,2022.8,2048.2,Thin,False,History,2023-06-26,2024-02-21
Miami,FL,,Fort Worth,TX,,1350.3,1321.1,9.2,2.0,2,1350.3,1350.3,0.0,1319.7,1322.5,Thin,False,History,2022-11-15,2023-01-06
Miami,FL,,Houston,TX,,1190.9,1171.0,181.9,2.0,1,1189.3,1192.5,3.2,1171.0,1171.0,Thin,False,History,2021-07-09,2022-05-16
Michigan City,IN,,South Windsor,CT,,847.1,923.2,90.6,2.0,2,847.1,847.1,0.0,892.9,953.6,Thin,False,History,2026-05-04,2026-06-16
Meridian,MS,,Clare,MI,,951.4,1020.4,73.3,2.0,2,951.4,951.4,0.0,1020.3,1020.4,Thin,False,History,2025-09-02,2026-01-30
Dayton,NJ,,Laredo,TX,,1945.1,1917.8,26.4,2.0,2,1945.1,1945.1,0.0,1911.3,1924.2,Thin,False,History,2023-01-30,2023-07-24
Laredo,TX,,Westminster,CO,,1103.3,1056.5,0.0,2.0,2,1103.3,1103.3,0.0,1056.5,1056.5,Thin,False,History,2024-06-12,2024-06-12
Laredo,TX,,Wharton,NJ,,1953.6,1913.7,0.0,2.0,2,1953.6,1953.6,0.0,1913.7,1913.7,Thin,False,History,2026-06-16,2026-06-16
Laredo,TX,,Whitsett,NC,,1490.9,1448,0,3,3,1490.9,1490.9,0,1448,1448,Thin,False,History,2022-09-06,2023-05-27
Laredo,TX,,Webberville,MI,,1581.9,1535.4,0.0,2.0,2,1580.2,1583.6,3.4,1532.4,1538.4,Thin,False,History,2021-04-09,2025-03-05
De Land,FL,,Marshfield,WI,,1430.8,1485.1,123.0,2.0,2,1430.8,1430.8,0.0,1485.1,1485.1,Thin,False,History,2025-09-29,2025-09-29
Cresson,TX,,Laredo,TX,,434.7,461.0,61.4,2.0,2,434.7,434.7,0.0,454.8,467.3,Thin,False,History,2022-03-11,2023-03-11
Crete,NE,,Laredo,TX,,1025.2,1170.8,169.6,2.0,2,1025.2,1025.2,0.0,1170.4,1171.1,Thin,False,History,2024-10-22,2025-11-07
Las Vegas,NV,,Seabrook,TX,,1500.5,1942.6,538.4,2.0,2,1500.5,1500.5,0.0,1806.8,2078.5,Thin,False,History,2023-11-22,2023-11-22
Shippensburg,PA,,Laredo,TX,,1772.7,1976.1,247.9,2.0,2,1772.7,1772.7,0.0,1958.5,1993.7,Thin,False,History,2022-04-19,2022-12-10
Austinville,VA,,Laredo,TX,,1471.3,1578.5,164.1,2.0,2,1471.3,1471.3,0.0,1546.0,1611.0,Thin,False,History,2022-04-01,2024-02-02
Sturbridge,MA,,San Antonio,TX,,1968.9,2241.4,315.5,2.0,2,1968.9,1968.9,0.0,2144.4,2338.3,Thin,False,History,2022-10-10,2022-11-18
Hagerstown,MD,,Muscoda,WI,,844.1,1027.4,224.9,2.0,2,844.1,844.1,0.0,1027.4,1027.4,Thin,False,History,2025-10-29,2025-10-29
Guntersville,AL,,Laredo,TX,,1171.4,1311.1,175.3,2.0,2,1171.4,1171.4,0.0,1311.1,1311.1,Thin,False,History,2025-05-09,2025-05-30
Laredo,TX,,Elizabethtown,PA,,1827.7,1783.1,0.0,2.0,2,1827.7,1827.7,0.0,1783.1,1783.1,Thin,False,History,2022-05-19,2022-05-28
Compton,CA,,Laredo,TX,,1501.2,1627.1,261.8,2.0,2,1501.2,1501.2,0.0,1603.4,1650.7,Thin,False,History,2024-12-24,2026-07-20
Laredo,TX,,Williamson,NY,,1895.7,1220,0,3,2,1895.7,1895.7,0,0,1830,Thin,False,History,2021-04-09,2022-01-17
Shelby,OH,,Laredo,TX,,1569.4,1859.0,354.0,2.0,2,1550.7,1588.1,37.4,1641.3,2076.7,Thin,False,History,2022-12-07,2023-12-12
Shelton,WA,,San Antonio,TX,,2236.0,2344.8,169.0,2.0,2,2236.0,2236.0,0.0,2240.8,2448.7,Thin,False,History,2022-05-17,2023-04-07
Harrison,NJ,,Nuevo Laredo,TA,,1963.6,1943.9,31.2,2.0,1,1963.6,1963.6,0.0,1943.9,1943.9,Thin,False,History,2022-06-07,2022-12-05
Spanish Fork,UT,,Laredo,TX,,1444.4,1389.4,70.9,2.0,2,1441.8,1446.9,5.1,1368.3,1410.6,Thin,False,History,2022-01-04,2025-05-14
South Sioux City,NE,,Laredo,TX,,1171.0,1299.1,147.3,2.0,2,1171.0,1171.1,0.1,1163.9,1434.3,Thin,False,History,2025-03-26,2025-10-27
South Bend,IN,,Laredo,TX,,1449.4,1530.2,147.0,2.0,1,1449.2,1449.5,0.3,1530.2,1530.2,Thin,False,History,2022-02-11,2024-12-09
Sioux City,IA,,Pharr,TX,,1240.5,1605.6,394.7,2.0,2,1240.3,1240.7,0.4,1374.6,1836.7,Thin,False,History,2024-03-03,2025-07-30
Sherman,TX,,Laredo,TX,,493.0,567.0,82.5,2.0,2,493.0,493.0,0.0,562.7,571.4,Thin,False,History,2022-11-09,2024-05-30
Laredo,TX,,Coal City,IL,,1306.0,1292.4,0.0,2.0,2,1306.0,1306.0,0.0,1292.4,1292.4,Thin,False,History,2026-08-03,2026-08-04
Kansas City,KS,,Laredo,TX,,917.0,1045.5,141.0,2.0,2,914.4,919.5,5.1,943.0,1148.0,Thin,False,History,2022-05-26,2026-03-30
Closter,NJ,,Austin,TX,,1753.2,1901.2,178.2,2.0,2,1747.2,1759.1,11.9,1784.9,2017.4,Thin,False,History,2023-04-10,2023-12-19
Cleveland,TX,,Laredo,TX,,393.6,434.6,70.4,2.0,2,390.9,396.4,5.5,419.2,450.0,Thin,False,History,2024-07-29,2024-10-01
Cleburne,TX,,Laredo,TX,,416.7,457.8,67.2,2.0,2,416.7,416.7,0.0,455.8,459.9,Thin,False,History,2023-05-19,2024-01-08
Clarksville,TN,,Laredo,TX,,1238.2,1329.6,116.6,2.0,2,1113.5,1362.9,249.4,1165.8,1493.4,Thin,False,History,2025-08-19,2025-10-14
Morganton,NC,,Laredo,TX,,1400.8,1740.8,390.0,2.0,2,1384.1,1417.5,33.4,1687.5,1794.2,Thin,False,History,2022-07-30,2025-05-22
Morgantown,WV,,Houston,TX,,1330.0,1714.8,417.3,2.0,2,1330.0,1330.0,0.0,1698.3,1731.2,Thin,False,History,2023-07-04,2023-07-04
Tulsa,OK,,Laredo,TX,,695.4,755.6,64.2,2.0,2,688.8,702.0,13.2,696.9,814.3,Thin,False,History,2021-07-16,2022-08-12
Trenton,GA,,Laredo,TX,,1152.3,1236.1,163.0,2.0,2,1152.3,1152.3,0.0,1236.1,1236.1,Thin,False,History,2025-12-16,2026-01-29
Trenton,GA,,San Antonio,TX,,994.6,1256.9,315.1,2.0,2,994.6,994.6,0.0,1256.9,1256.9,Thin,False,History,2026-02-27,2026-02-27
Thomasville,AL,,Midland,TX,,900.0,1814.3,1037.4,2.0,2,900.0,900.0,0.0,1814.3,1814.3,Thin,False,History,2024-07-01,2024-07-01
Laredo,TX,,Delta,OH,,1529.7,1476.9,0.0,2.0,2,1528.6,1530.8,2.2,1470.6,1483.3,Thin,False,History,2023-03-11,2023-04-01
Laredo,TX,,Coppell,TX,,447.2,445.5,0,3,3,445,451.6,6.6,444,448.5,Thin,False,History,2022-09-28,2024-06-12
Laredo,TX,,Corinne,UT,,1590.6,1430.2,0.0,2.0,1,1558.0,1623.3,65.3,1430.2,1430.2,Thin,False,History,2022-04-16,2022-08-20
Laredo,TX,,Clovis,CA,,1722.2,1656.0,0.0,2.0,2,1722.2,1722.2,0.0,1589.8,1722.2,Thin,False,History,2024-12-20,2024-12-21
Tonawanda,NY,,Laredo,TX,,1814.2,2066.4,325.2,2.0,2,1812.5,1815.9,3.4,2004.7,2128.0,Thin,False,History,2022-01-04,2023-09-06
Temple,TX,,Laredo,TX,,300.4,406.6,117.6,2.0,2,300.4,300.4,0.0,373.9,439.3,Thin,False,History,2023-03-30,2023-07-14
Tangancicuaro,MI,,Sumner,WA,,2619.4,,0.0,2.0,0,2339.8,2899.1,559.3,,,Thin,False,History,2024-10-21,2024-10-28
Syracuse,NY,,Laredo,TX,,1946.4,2130.1,260.0,2.0,2,1946.4,1946.4,0.0,2126.2,2134.1,Thin,False,History,2023-06-19,2023-09-19
Sunnyside,WA,,Laredo,TX,,2155.4,2245.0,234.8,2.0,2,2155.4,2155.4,0.0,2192.9,2297.2,Thin,False,History,2022-03-21,2022-09-06
Swedesboro,NJ,,Cleburne,TX,,1509.7,1756.8,266.6,2.0,2,1509.7,1509.7,0.0,1704.3,1809.2,Thin,False,History,2022-08-20,2023-06-07
Aston,PA,,Laredo,TX,,1888.4,2011.6,175.4,2.0,2,1876.6,1900.1,23.5,1984.5,2038.8,Thin,False,History,2022-05-20,2024-05-16
Troy,AL,,Laredo,TX,,986.5,1226.0,265.0,2.0,2,986.4,986.6,0.2,1065.2,1386.8,Thin,False,History,2022-01-28,2025-06-16
Montrose,CO,,Burnet,TX,,972.0,1387.2,436.4,2.0,2,972.0,972.0,0.0,1266.2,1508.3,Thin,False,History,2023-01-26,2024-06-19
Monclova,CO,,Greenfield,IN,,1523.6,1392.1,0.0,2.0,2,1523.5,1523.6,0.1,1309.4,1474.7,Thin,False,History,2026-02-05,2026-02-13
Monitor,WA,,Laredo,TX,,2311.6,2384.1,211.8,2.0,2,2303.5,2319.7,16.2,2312.9,2455.3,Thin,False,History,2022-09-14,2022-10-13
Midlothian,TX,,Laredo,TX,,411.1,447.7,39.9,2.0,2,411.1,411.1,0.0,432.2,463.2,Thin,False,History,2023-07-31,2024-12-30
Mill City,OR,,Terrell,TX,,2067.6,2154.6,170.2,2.0,2,2067.6,2067.6,0.0,2076.3,2232.8,Thin,False,History,2023-03-06,2023-03-07
Laredo,TX,,Claremore,OK,,724.0,715.2,0.0,2.0,2,714.3,733.7,19.4,707.4,722.9,Thin,False,History,2023-02-16,2025-10-09
Laredo,TX,,Clarksville,AR,,762.5,752.0,0.0,2.0,2,761.4,763.6,2.2,748.9,755.1,Thin,False,History,2024-04-06,2024-04-07
Laredo,TX,,Chelsea,MA,,2189.5,2136.9,0.0,2.0,2,2189.5,2189.5,0.0,2136.9,2136.9,Thin,False,History,2022-10-29,2023-07-13
Wayne,NJ,,Grand Prairie,TX,,1554.3,1602.9,53.5,2.0,2,1554.3,1554.3,0.0,1589.1,1616.7,Thin,False,History,2022-11-07,2023-06-06
Wilmington,CA,,Thorndale,TX,,1433.7,1380.5,0.0,2.0,2,1433.7,1433.7,0.0,1380.5,1380.5,Thin,False,History,2024-08-19,2024-08-20
Wilmington,MA,,Laredo,TX,,2196.0,2337.2,204.4,2.0,2,2195.6,2196.5,0.9,2199.9,2474.6,Thin,False,History,2026-03-16,2026-05-28
Williamsport,PA,,San Antonio,TX,,1695.5,2026.2,401.1,2.0,2,1690.8,1700.2,9.4,2017.6,2034.9,Thin,False,History,2021-10-11,2024-03-12
Alsip,IL,,Laredo,TX,,1381.6,1348.8,22.5,2.0,2,1379.1,1384.1,5.0,1335.9,1361.8,Thin,False,History,2022-02-07,2022-02-11
Altoona,PA,,Laredo,TX,,1746.1,1971.3,292.6,2.0,2,1746.1,1746.1,0.0,1965.3,1977.3,Thin,False,History,2022-10-19,2023-06-27
Alliance,OH,,Laredo,TX,,1624.4,2012.8,463.0,2.0,2,1624.4,1624.4,0.0,1996.7,2029.0,Thin,False,History,2022-08-12,2022-09-22
Albany,NY,,Laredo,TX,,2080.9,2132.8,122.0,2.0,2,2080.1,2081.7,1.6,2127.6,2137.9,Thin,False,History,2022-04-27,2026-06-09
Wausau,WI,,Laredo,TX,,1539.6,1647.7,154.3,2.0,2,1532.3,1546.9,14.6,1630.6,1664.8,Thin,False,History,2024-06-12,2025-04-04
Waterloo,IA,,Mcallen,TX,,1319.6,1861.8,583.8,2.0,2,1319.6,1319.6,0.0,1655.9,2067.8,Thin,False,History,2025-04-16,2026-03-04
Watkins Glen,NY,,Laredo,TX,,1907.8,2036.6,203.1,2.0,2,1907.8,1907.8,0.0,2000.2,2073.1,Thin,False,History,2021-11-10,2023-04-06
Vineland,NJ,,Mcallen,TX,,1898.6,2018.6,157.8,2.0,2,1898.6,1898.6,0.0,1981.8,2055.5,Thin,False,History,2026-01-28,2026-07-10
Allentown,PA,,Denton,TX,,1474.5,1764.4,299.3,2.0,2,1474.5,1474.5,0.0,1511.8,2016.9,Thin,False,History,2023-01-16,2023-05-23
Wilkes Barre,PA,,San Antonio,TX,,1745.8,2029.0,347.0,2.0,2,1742.3,1749.3,7.0,2004.8,2053.3,Thin,False,History,2021-12-20,2023-09-26
Weston,OR,,Laredo,TX,,2069.7,2240.2,316.0,2.0,2,2069.7,2069.7,0.0,2167.1,2313.4,Thin,False,History,2022-06-15,2022-07-20
West Haven,CT,,Frisco,TX,,1626.5,1936.1,334.4,2.0,2,1626.5,1626.5,0.0,1710.7,2161.5,Thin,False,History,2026-01-20,2026-01-20
Memphis,TN,,San Antonio,TX,,720.2,1044.6,359.8,2.0,2,719.8,720.6,0.8,1034.5,1054.6,Thin,False,History,2025-08-29,2025-09-03
Jackson,TN,,Laredo,TX,,967.8,1276.5,344.6,2.0,2,967.8,967.8,0.0,1092.3,1460.7,Thin,False,History,2022-11-05,2024-11-25
Jacksonville,FL,,Arlington,TX,,1012.0,1002.7,0.0,2.0,2,1012.0,1012.0,0.0,1002.7,1002.7,Thin,False,History,2022-10-28,2022-11-22
Interamerica,TX,,LaGrange,GA,,1074.7,1064.1,0.0,2.0,1,1074.7,1074.7,0.0,1064.1,1064.1,Thin,False,History,2020-11-13,2020-12-16
Irvin,PA,,Laredo,TX,,1660.8,1870.8,275.6,2.0,2,1658.1,1663.4,5.3,1767.2,1974.5,Thin,False,History,2022-04-01,2023-09-07
LaGrange,GA,,Laredo,TX,,1076.4,1047.6,0.0,2.0,2,1076.4,1076.4,0.0,1047.6,1047.6,Thin,False,History,2025-05-27,2025-09-24
Kearny,NJ,,Houston,TX,,1610.9,1599.8,27.1,2.0,2,1610.9,1610.9,0.0,1599.8,1599.8,Thin,False,History,2025-06-20,2025-06-20
Jacksonville,FL,,Lancaster,TX,,1001.7,1082.1,101.6,2.0,2,1001.7,1001.7,0.0,993.0,1171.2,Thin,False,History,2022-08-16,2022-08-30
Columbus Junction,IA,,Hidalgo,TX,,1299.9,1917.2,641.8,2.0,2,1299.9,1299.9,0.0,1917.2,1917.2,Thin,False,History,2025-04-27,2025-04-27
Columbia,MO,,San Antonio,TX,,846.4,1207.2,373.4,2.0,2,846.4,846.4,0.0,1036.0,1378.5,Thin,False,History,2023-07-23,2023-08-13
Coldwater,MI,,Mcallen,TX,,1596.8,1853.1,342.8,2.0,2,1596.8,1596.9,0.1,1842.5,1863.7,Thin,False,History,2025-09-03,2026-04-09
Coldwater,MI,,Edinburg,TX,,1587.3,1774.4,268.2,2.0,2,1587.3,1587.3,0.0,1763.2,1785.6,Thin,False,History,2025-07-25,2025-07-28
Jonestown,PA,,Laredo,TX,,1714.8,1972.8,309.7,2.0,2,1708.5,1721.1,12.6,1931.0,2014.6,Thin,False,History,2021-12-15,2024-03-04
Jordan,MI,,San Antonio,TX,,1922.0,2216.7,350.4,2.0,2,1540.0,2304.0,764.0,1905.3,2528.1,Thin,False,History,2025-09-04,2025-10-03
Johnstown,NY,,Lewisville,TX,,1612.5,1776.4,200.0,2.0,2,1612.5,1612.5,0.0,1762.2,1790.5,Thin,False,History,2022-12-28,2023-01-10
Memphis,TN,,Laredo,TX,,887.8,985.3,128.0,2.0,2,887.7,887.8,0.1,934.2,1036.4,Thin,False,History,2023-02-25,2025-01-28
Laredo,TX,,Atlatna,GA,,1140.9,1122.5,0.0,2.0,2,1140.9,1140.9,0.0,1122.5,1122.5,Thin,False,History,2023-09-28,2024-01-08
Laredo,TX,,Baldwin,FL,,1247.8,1223.2,0.0,2.0,2,1197.1,1298.4,101.3,1172.6,1273.7,Thin,False,History,2023-08-04,2023-09-07
Laredo,TX,,Arlington,TX,,432.4,423.1,0.0,2.0,2,432.4,432.5,0.1,423.1,423.1,Thin,False,History,2024-11-17,2025-12-03
Alloy,WV,,Laredo,TX,,1562.5,1879.0,382.6,2.0,2,1562.5,1562.5,0.0,1617.1,2141.0,Thin,False,History,2022-07-07,2022-07-12
Upper Darby,PA,,Laredo,TX,,1888.7,1911.5,94.4,2.0,2,1888.7,1888.7,0.0,1878.4,1944.6,Thin,False,History,2020-08-14,2021-06-18
Union City,TN,,Haltom City,TX,,602.3,820.7,243.0,2.0,2,602.3,602.3,0.0,639.0,1002.4,Thin,False,History,2024-05-16,2024-07-24
Union,NJ,,Houston,TX,,1848.2,2272.0,447.8,2.0,2,1660.8,2035.7,374.9,2058.2,2485.7,Thin,False,History,2023-07-24,2024-05-14
Twin Falls,ID,,Fort Worth,TX,,1473.1,1632.9,218.6,2.0,2,1473.1,1473.1,0.0,1585.1,1680.8,Thin,False,History,2023-03-10,2023-08-19
Wyoming,NY,,Laredo,TX,,1859.0,2162.4,381.6,2.0,2,1838.9,1879.0,40.1,2139.2,2185.7,Thin,False,History,2022-07-01,2024-01-03
Humble,TX,,Laredo,TX,,369.0,380.7,19.6,2.0,2,369.0,369.0,0.0,370.3,391.1,Thin,False,History,2023-03-17,2024-03-01
Humboldt,TN,,Laredo,TX,,975.2,1446.2,510.5,2.0,2,975.2,975.2,0.0,1382.1,1510.3,Thin,False,History,2025-05-27,2025-05-27
Hunington,IN,,Del Rio,TX,,1451.9,1529.4,179.7,2.0,2,1451.9,1451.9,0.0,1441.4,1617.3,Thin,False,History,2024-08-16,2024-08-19
Huntingburng,IN,,Laredo,TX,,1232.9,1434.3,264.0,2.0,1,1232.9,1232.9,0.0,1434.3,1434.3,Thin,False,History,2021-07-14,2022-12-28
Huger,SC,,Laredo,TX,,1463.0,1641.6,240.6,2.0,2,1463.0,1463.0,0.0,1581.8,1701.5,Thin,False,History,2022-03-25,2023-07-21
Huger,SC,,San Antonio,TX,,1310.6,1530.2,285.1,2.0,2,1305.0,1316.2,11.2,1451.8,1608.6,Thin,False,History,2022-05-07,2025-12-02
Acworth,GA,,Los Fresnos,TX,,1163.5,1390.4,261.6,2.0,2,1163.5,1163.5,0.0,1390.4,1390.4,Thin,False,History,2025-10-31,2025-11-03
Woodbridge,NJ,,Houston,TX,,1619.3,1855.9,275.5,2.0,2,1619.3,1619.3,0.0,1739.6,1972.2,Thin,False,History,2023-07-25,2023-12-12
Laredo,TX,,Alma,GA,,1220.8,1183.6,0.0,2.0,2,1220.8,1220.8,0.0,1183.6,1183.6,Thin,False,History,2022-11-04,2023-11-14
Laredo,TX,,Alpena,SD,,1301.8,1272.7,0.0,2.0,2,1301.8,1301.9,0.1,1272.7,1272.7,Thin,False,History,2025-10-28,2025-11-07
Laredo,TX,,Altamont,NY,,2090.3,1996.3,0.0,2.0,2,2090.3,2090.3,0.0,1996.3,1996.3,Thin,False,History,2021-10-07,2021-10-08
Laredo,TX,,Amarillo,TX,,680.4,617.8,0.0,2.0,2,680.4,680.4,0.0,617.8,617.8,Thin,False,History,2024-06-26,2024-06-26
Laredo,TX,,Andover,MA,,2198.1,2145.7,0.0,2.0,2,2198.1,2198.1,0.0,2145.7,2145.7,Thin,False,History,2023-04-01,2023-05-21
Laredo,TX,,Albany,MS,,960.4,916.3,0.0,2.0,2,960.4,960.5,0.1,915.4,917.2,Thin,False,History,2025-12-13,2026-02-25
Youngstown,OH,,Laredo,TX,,1649.5,2003.8,419.8,2.0,2,1649.5,1649.5,0.0,2003.8,2003.8,Thin,False,History,2021-11-10,2022-08-05
Acton,MA,,Laredo,TX,,2181.6,2218.0,97.0,2.0,1,2181.6,2181.6,0.0,2218.0,2218.0,Thin,False,History,2026-06-19,2026-06-24
Winchester,VA,,Hondo,TX,,1576.4,1885.4,346.8,2.0,2,1576.4,1576.4,0.0,1825.4,1945.3,Thin,False,History,2026-01-17,2026-01-17
Wolcott,NY,,San Antonio,TX,,1755.2,2009.4,312.8,2.0,2,1749.5,1760.8,11.3,1912.1,2106.6,Thin,False,History,2022-10-18,2022-12-21
Wytheville,VA,,Lancaster,TX,,1032.2,1167.3,318.9,2.0,1,1032.2,1032.2,0.0,1167.3,1167.3,Thin,False,History,2020-10-22,2022-11-15
Yakima,WA,,Houston,TX,,2204.3,2657.9,564.8,2.0,2,2204.3,2204.3,0.0,2657.9,2657.9,Thin,False,History,2022-09-28,2022-09-28
Yakima,WA,,Manor,TX,,2138.5,2320.2,360.4,2.0,2,2138.5,2138.5,0.0,2199.0,2441.3,Thin,False,History,2024-08-14,2024-08-14
Worthington,MN,,Laredo,TX,,1266.9,1385.7,146.8,2.0,2,1266.9,1266.9,0.0,1385.7,1385.7,Thin,False,History,2022-05-12,2024-07-05
Wyalusing,PA,,Laredo,TX,,1925.3,2040.7,191.2,2.0,2,1925.3,1925.3,0.0,2027.5,2053.9,Thin,False,History,2021-11-12,2022-07-22
Zilla,WA,,San Antonio,TX,,2047.5,2299.0,326.2,1.0,1,2047.5,2047.5,0.0,2299.0,2299.0,Thin,False,History,2023-03-01,2023-03-01
100 Corporate Way,SC,,Laredo,TX,,1436.0,1540.5,187.9,1.0,1,1436.0,1436.0,0.0,1540.5,1540.5,Thin,False,History,2025-10-28,2025-10-28
78045,TX,,Jersey City,NJ,,1970.9,1920.7,0.0,1.0,1,1970.9,1970.9,0.0,1920.7,1920.7,Thin,False,History,2026-07-23,2026-07-23
Abbotsford,WI,,Laredo,TX,,1509.4,1870.7,416.7,1.0,1,1509.4,1509.4,0.0,1870.7,1870.7,Thin,False,History,2024-05-31,2024-05-31
Aberdeen,WA,,Superior,WI,,1758.9,1844.8,136.2,1.0,1,1758.9,1758.9,0.0,1844.8,1844.8,Thin,False,History,2025-09-02,2025-09-02
Abilene,TX,,Laredo,TX,,402.5,524.3,158.2,1.0,1,402.5,402.5,0.0,524.3,524.3,Thin,False,History,2025-06-24,2025-06-24
Adairsville,GA,,Westwood,MA,,1062.5,1136.5,107.4,1.0,1,1062.5,1062.5,0.0,1136.5,1136.5,Thin,False,History,2026-04-03,2026-04-03
Adel,IA,,Edmond,OK,,538.5,741.1,213.3,1.0,1,538.5,538.5,0.0,741.1,741.1,Thin,False,History,2025-02-11,2025-02-11
Adel,IA,,Oceanside,NY,,1168.6,1264.4,111.9,1.0,1,1168.6,1168.6,0.0,1264.4,1264.4,Thin,False,History,2025-04-23,2025-04-23
Agawam,MA,,Houston,TX,,1793.0,2191.6,433.1,1.0,1,1793.0,1793.0,0.0,2191.6,2191.6,Thin,False,History,2023-01-30,2023-01-30
Agua Fria,N.,,Charlotte,NC,,1386.7,1365.9,0.0,1.0,1,1386.7,1386.7,0.0,1365.9,1365.9,Thin,False,History,2022-07-21,2022-07-21
Agua Fria,N.,,Pueblo,CO,,993.0,928.8,0.0,1.0,1,993.0,993.0,0.0,928.8,928.8,Thin,False,History,2022-05-19,2022-05-19
Agua Fria,N.,,South Milwaukee,WI,,1434.2,1419.5,0.0,1.0,1,1434.2,1434.2,0.0,1419.5,1419.5,Thin,False,History,2022-08-18,2022-08-18
Agua Fria,N.,,Tulsa,OK,,687.1,680.6,0.0,1.0,1,687.1,687.1,0.0,680.6,680.6,Thin,False,History,2022-05-19,2022-05-19
Akron,OH,,Laredo,TX,,1599.9,1915.4,385.7,1.0,1,1599.9,1599.9,0.0,1915.4,1915.4,Thin,False,History,2024-02-14,2024-02-14
Akron,OH,,Saint Cloud,MN,,843.2,996.8,192.9,1.0,1,843.2,843.2,0.0,996.8,996.8,Thin,False,History,2025-04-09,2025-04-09
Albany,GA,,Fort Worth,TX,,856.6,1369.3,546.1,1.0,1,856.6,856.6,0.0,1369.3,1369.3,Thin,False,History,2020-10-24,2020-10-24
Albany,GA,,Waco,TX,,849.4,1360.0,535.6,1.0,1,849.4,849.4,0.0,1360.0,1360.0,Thin,False,History,2023-01-11,2023-01-11
Albany,KY,,Laredo,TX,,1223.7,1880.2,696.2,1.0,1,1223.7,1223.7,0.0,1880.2,1880.2,Thin,False,History,2022-12-19,2022-12-19
Albany,OR,,Burleson,TX,,2111.6,2463.4,488.4,1.0,1,2111.6,2111.6,0.0,2463.4,2463.4,Thin,False,History,2022-05-10,2022-05-10
Alma,GA,,Schenectady,NY,,1071.7,1306.9,254.3,1.0,1,1071.7,1071.7,0.0,1306.9,1306.9,Thin,False,History,2025-01-09,2025-01-09
Alpharetta,GA,,Laredo,TX,,1175.2,1524.5,425.3,1.0,1,1175.2,1175.2,0.0,1524.5,1524.5,Thin,False,History,2023-04-14,2023-04-14
Alpine,TX,,Chester,VA,,1768.4,1900.7,173.2,1.0,1,1768.4,1768.4,0.0,1900.7,1900.7,Thin,False,History,2023-08-04,2023-08-04
Altoona,IA,,Laredo,TX,,1137.3,1288.8,181.9,1.0,1,1137.3,1137.3,0.0,1288.8,1288.8,Thin,False,History,2024-04-19,2024-04-19
Altoona,IA,,Salem,OR,,1835.9,2389.8,623.5,1.0,1,1835.9,1835.9,0.0,2389.8,2389.8,Thin,False,History,2025-09-16,2025-09-16
Altoona,PA,,Denton,TX,,1336.6,1517.2,221.0,1.0,1,1336.6,1336.6,0.0,1517.2,1517.2,Thin,False,History,2022-11-01,2022-11-01
Altoona,PA,,Rosenberg,TX,,1497.9,1730.4,326.1,1.0,1,1497.9,1497.9,0.0,1730.4,1730.4,Thin,False,History,2026-04-01,2026-04-01
Williamsport,PA,,Austin,TX,,1609.5,2033.2,475.8,1.0,1,1609.5,1609.5,0.0,2033.2,2033.2,Thin,False,History,2024-09-04,2024-09-04
Alcolu,SC,,Henderson,CO,,1099.4,2395.3,1393.6,1.0,1,1099.4,1099.4,0.0,2395.3,2395.3,Thin,False,History,2025-02-13,2025-02-13
Alexandria,IN,,Norwich,CT,,832.2,884.5,67.5,1.0,1,832.2,832.2,0.0,884.5,884.5,Thin,False,History,2026-06-17,2026-06-17
Allentown,PA,,Humble,TX,,1634.5,1745.5,144.2,1.0,1,1634.5,1634.5,0.0,1745.5,1745.5,Thin,False,History,2024-06-20,2024-06-20
Allentown,PA,,San Antonio,TX,,1730.3,1935.7,251.8,1.0,1,1730.3,1730.3,0.0,1935.7,1935.7,Thin,False,History,2021-03-21,2021-03-21
Allentown,PA,,Temple,TX,,1584.3,1641.9,97.2,1.0,1,1584.3,1584.3,0.0,1641.9,1641.9,Thin,False,History,2022-11-09,2022-11-09
Alleyton,TX,,Laredo,TX,,278.5,521.1,248.2,1.0,1,278.5,278.5,0.0,521.1,521.1,Thin,False,History,2024-06-11,2024-06-11
Alleyton,TX,,Mcallen,TX,,316.1,529.0,228.1,1.0,1,316.1,316.1,0.0,529.0,529.0,Thin,False,History,2025-10-07,2025-10-07
Alliance,OH,,San Antonio,TX,,1475.5,1916.0,521.4,1.0,1,1475.5,1475.5,0.0,1916.0,1916.0,Thin,False,History,2025-05-29,2025-05-29
Albert Lea,MN,,Laredo,TX,,1257.6,1305.5,71.3,1.0,1,1257.6,1257.6,0.0,1305.5,1305.5,Thin,False,History,2025-02-03,2025-02-03
Albert Lea,MN,,Temple,TX,,974.1,1287.5,334.3,1.0,1,974.1,974.1,0.0,1287.5,1287.5,Thin,False,History,2020-11-13,2020-11-13
Albertville,AL,,Dowagiac,MI,,619.7,761.7,169.4,1.0,1,619.7,619.7,0.0,761.7,761.7,Thin,False,History,2025-07-14,2025-07-14
Albertville,AL,,Flower Mound,TX,,747.5,839.1,135.5,1.0,1,747.5,747.5,0.0,839.1,839.1,Thin,False,History,2024-08-20,2024-08-20
Albertville,AL,,Selma,TX,,938.0,1503.9,662.3,1.0,1,938.0,938.0,0.0,1503.9,1503.9,Thin,False,History,2022-06-22,2022-06-22
Albertville,AL,,Temple,TX,,793.1,1216.1,458.1,1.0,1,793.1,793.1,0.0,1216.1,1216.1,Thin,False,History,2026-08-24,2026-08-24
Albion,NY,,Dallas,TX,,1432.2,1848.8,446.0,1.0,1,1432.2,1432.2,0.0,1848.8,1848.8,Thin,False,History,2022-05-02,2022-05-02
Alburtis,PA,,Laredo,TX,,1885.0,,94.3,1.0,0,1885.0,1885.0,0.0,,,Thin,False,History,2021-05-06,2021-05-06
Whitmore Lake,MI,,Laredo,TX,,1611.8,1599.1,50.2,1.0,1,1611.8,1611.8,0.0,1599.1,1599.1,Thin,False,History,2023-06-26,2023-06-26
Wilder,KY,,Louisville,KY,,109.0,106.6,0.0,1.0,1,109.0,109.0,0.0,106.6,106.6,Thin,False,History,2021-12-07,2021-12-07
Wilkes Barre,PA,,Laredo,PA,,1905.6,1988.0,137.7,1.0,1,1905.6,1905.6,0.0,1988.0,1988.0,Thin,False,History,2025-11-03,2025-11-03
Willachoochee,GA,,Austin,TX,,977.6,1467.9,511.9,1.0,1,977.6,977.6,0.0,1467.9,1467.9,Thin,False,History,2025-09-09,2025-09-09
Willamina,OR,,San Antonio,TX,,2301.8,2603.8,502.1,1.0,1,2301.8,2301.8,0.0,2603.8,2603.8,Thin,False,History,2024-05-03,2024-05-03
Williamson,NY,,Dallas,TX,,1472.1,2173.5,749.7,1.0,1,1472.1,1472.1,0.0,2173.5,2173.5,Thin,False,History,2021-02-10,2021-02-10
Albany,OR,,Temple,TX,,2220.1,2400.4,352.2,1.0,1,2220.1,2220.1,0.0,2400.4,2400.4,Thin,False,History,2022-12-21,2022-12-21
Albemarle,NC,,Laredo,TX,,1435.5,1441.2,47.9,1.0,1,1435.5,1435.5,0.0,1441.2,1441.2,Thin,False,History,2022-11-17,2022-11-17
Keasbey,NJ,,Fort Worth,TX,,1575.3,1563.4,19.5,1.0,1,1575.3,1575.3,0.0,1563.4,1563.4,Thin,False,History,2023-07-01,2023-07-01
Keasbey,NJ,,Ft Worth,TX,,1573.5,1993.1,452.2,1.0,1,1573.5,1573.5,0.0,1993.1,1993.1,Thin,False,History,2026-06-03,2026-06-03
Keasbey,NJ,,Lubbock,TX,,1823.9,2280.7,570.3,1.0,1,1823.9,1823.9,0.0,2280.7,2280.7,Thin,False,History,2026-04-27,2026-04-27
Keasbey,NJ,,Montgomery,IL,,821.7,874.9,80.4,1.0,1,821.7,821.7,0.0,874.9,874.9,Thin,False,History,2025-03-30,2025-03-30
Keasbey,NJ,,San Antonio,TX,,1804.1,2117.9,364.5,1.0,1,1804.1,1804.1,0.0,2117.9,2117.9,Thin,False,History,2026-07-14,2026-07-14
Keasbey,NJ,,Waxahachie,TX,,1559.9,2128.1,598.7,1.0,1,1559.9,1559.9,0.0,2128.1,2128.1,Thin,False,History,2026-08-07,2026-08-07
Kenilworth,NJ,,Carrollton,TX,,1539.8,1563.8,36.1,1.0,1,1539.8,1539.8,0.0,1563.8,1563.8,Thin,False,History,2022-10-05,2022-10-05
Kennewick,WA,,Laredo,TX,,2115.2,2214.1,237.4,1.0,1,2115.2,2115.2,0.0,2214.1,2214.1,Thin,False,History,2022-11-11,2022-11-11
Jordan,MI,,Ardmore,OK,,1212.6,1425.7,257.3,1.0,1,1212.6,1212.6,0.0,1425.7,1425.7,Thin,False,History,2025-11-03,2025-11-03
Junction,IA,,Hidalgo,TX,,1299.8,1700.7,428.4,1.0,1,1299.8,1299.8,0.0,1700.7,1700.7,Thin,False,History,2025-04-03,2025-04-03
Kankakee,IL,,Laredo,TX,,1336.1,1327.3,43.7,1.0,1,1336.1,1336.1,0.0,1327.3,1327.3,Thin,False,History,2022-04-22,2022-04-22
Kansas City,KS,,Monroe Township,NJ,,1182.5,1184.9,27.6,1.0,1,1182.5,1182.5,0.0,1184.9,1184.9,Thin,False,History,2026-03-30,2026-03-30
Kansas City,MO,,Eugene,OR,,1802.7,2041.5,280.6,1.0,1,1802.7,1802.7,0.0,2041.5,2041.5,Thin,False,History,2022-11-28,2022-11-28
Kansas City,MO,,Laredo,TX,,937.4,979.2,65.2,1.0,1,937.4,937.4,0.0,979.2,979.2,Thin,False,History,2023-01-26,2023-01-26
Kansas City,MO,,South Bend,IN,,568.8,610.5,60.6,1.0,1,568.8,568.8,0.0,610.5,610.5,Thin,False,History,2025-08-26,2025-08-26
Katy,TX,,Brownstown,MI,,1291.1,1334.7,70.2,1.0,1,1291.1,1291.1,0.0,1334.7,1334.7,Thin,False,History,2025-06-28,2025-06-28
Jersey City,NJ,,San Antonio,TX,,1812.3,,189.5,1.0,0,1812.3,1812.3,0.0,,,Thin,False,History,2021-06-29,2021-06-29
Johnstown,PA,,Laredo,TX,,1714.1,1953.3,283.1,1.0,1,1714.1,1714.1,0.0,1953.3,1953.3,Thin,False,History,2022-03-29,2022-03-29
Joliet,IL,,Arlington,TX,,907.8,919.5,21.9,1.0,1,907.8,907.8,0.0,919.5,919.5,Thin,False,History,2026-08-11,2026-08-11
Joliet,IL,,Dallas,TX,,899.7,930.7,42.0,1.0,1,899.7,899.7,0.0,930.7,930.7,Thin,False,History,2025-09-29,2025-09-29
Joliet,IL,,Laredo,TX,,1322.0,1466.0,157.3,1.0,1,1322.0,1322.0,0.0,1466.0,1466.0,Thin,False,History,2023-01-10,2023-01-10
Jonesboro,PA,,Houston,TX,,1483.4,1614.3,157.0,1.0,1,1483.4,1483.4,0.0,1614.3,1614.3,Thin,False,History,2023-10-04,2023-10-04
Jonestown,PA,,Cuerto,TX,,1630.8,1884.6,281.0,1.0,1,1630.8,1630.8,0.0,1884.6,1884.6,Thin,False,History,2026-08-20,2026-08-20
Jonestown,PA,,Houston,TX,,1492.8,2175.0,707.2,1.0,1,1492.8,1492.8,0.0,2175.0,2175.0,Thin,False,History,2022-07-09,2022-07-09
Jefferson,TX,,Laredo,TX,,540.1,733.3,214.4,2,2,540.1,540.1,0,651.3,815.4,Thin,False,History,2023-02-20,2023-03-13
Jeffersonville,IN,,Laredo,TX,,1266.4,1337.7,119.4,1.0,1,1266.4,1266.4,0.0,1337.7,1337.7,Thin,False,History,2026-04-07,2026-04-07
Jeffersonville,IN,,San Antonio,TX,,1131.3,1473.6,396.6,1.0,1,1131.3,1131.3,0.0,1473.6,1473.6,Thin,False,History,2025-07-29,2025-07-29
Jeffersonville,IN,,Seguin,TX,,1083.5,1500.6,463.1,1.0,1,1083.5,1083.5,0.0,1500.6,1500.6,Thin,False,History,2025-04-28,2025-04-28
Jennings,FL,,Boyd,TX,,971.5,1044.1,107.7,1.0,1,971.5,971.5,0.0,1044.1,1044.1,Thin,False,History,2023-09-23,2023-09-23
Jersey City,NJ,,Brookshire,TX,,1661.3,1955.6,326.7,1.0,1,1661.3,1661.3,0.0,1955.6,1955.6,Thin,False,History,2022-10-02,2022-10-02
Jersey City,NJ,,Dallas,TX,,1537.5,1618.7,89.3,1.0,1,1537.5,1537.5,0.0,1618.7,1618.7,Thin,False,History,2022-07-16,2022-07-16
Jersey City,NJ,,Owatonna,MN,,1179.3,1221.0,66.5,1.0,1,1179.3,1179.3,0.0,1221.0,1221.0,Thin,False,History,2025-06-20,2025-06-20
La Fayette,GA,,Millbury,MA,,1013.2,1122.1,135.7,1.0,1,1013.2,1013.2,0.0,1122.1,1122.1,Thin,False,History,2026-04-07,2026-04-07
LaGrange,GA,,Gainesville,GA,,124.3,119.8,0.0,1.0,1,124.3,124.3,0.0,119.8,119.8,Thin,False,History,2020-11-16,2020-11-16
La Pine,OR,,New Salem,MA,,2975.5,3224.8,321.2,1.0,1,2975.5,2975.5,0.0,3224.8,3224.8,Thin,False,History,2023-03-30,2023-03-30
La Porte,IN,,Laredo,TX,,1434.6,1523.2,153.9,1.0,1,1434.6,1434.6,0.0,1523.2,1523.2,Thin,False,History,2024-01-29,2024-01-29
La Porte,TX,,Carrizo Springs,TX,,338.0,414.3,80.0,1.0,1,338.0,338.0,0.0,414.3,414.3,Thin,False,History,2022-11-04,2022-11-04
Lackawanna,NY,,Elmendorf,TX,,1651.9,2063.7,482.2,1.0,1,1651.9,1651.9,0.0,2063.7,2063.7,Thin,False,History,2026-06-02,2026-06-02
Lackawanna,NY,,Houston,TX,,2202.3,2156.9,0.0,1.0,1,2202.3,2202.3,0.0,2156.9,2156.9,Thin,False,History,2022-12-21,2022-12-21
Lafayette,IN,,Fort Worth,TX,,919.5,1037.2,141.3,1.0,1,919.5,919.5,0.0,1037.2,1037.2,Thin,False,History,2021-08-31,2021-08-31
Knoxville,TN,,Oklahoma City,OK,,852.0,922.6,82.1,1.0,1,852.0,852.0,0.0,922.6,922.6,Thin,False,History,2024-07-16,2024-07-16
Kosciusko,MS,,Gladwin,MI,,956.5,990.5,43.5,1.0,1,956.5,956.5,0.0,990.5,990.5,Thin,False,History,2025-09-26,2025-09-26
Kutztown,PA,,Conroe,TX,,1529.6,3019.3,1530.6,1.0,1,1529.6,1529.6,0.0,3019.3,3019.3,Thin,False,History,2024-08-27,2024-08-27
Kutztown,PA,,Dallas,TX,,1459.3,1610.1,160.7,1.0,1,1459.3,1459.3,0.0,1610.1,1610.1,Thin,False,History,2024-03-06,2024-03-06
Kutztown,PA,,Laredo,TX,,1874.4,1995.5,160.7,1.0,1,1874.4,1874.4,0.0,1995.5,1995.5,Thin,False,History,2023-07-12,2023-07-12
Kutztown,PA,,Roanoke,TX,,1481.7,1588.3,127.5,1.0,1,1481.7,1481.7,0.0,1588.3,1588.3,Thin,False,History,2023-01-17,2023-01-17
Kutztown,PA,,San Antonio,TX,,1715.8,1961.9,289.0,1.0,1,1715.8,1715.8,0.0,1961.9,1961.9,Thin,False,History,2023-10-24,2023-10-24
Kutztown,PA,,Santa Catarina,N.,,1874.4,,133.0,1.0,0,1874.4,1874.4,0.0,,,Thin,False,History,2022-11-11,2022-11-11
Kilgore,TX,,Alice,TX,,440.4,555.1,131.4,1.0,1,440.4,440.4,0.0,555.1,555.1,Thin,False,History,2024-10-15,2024-10-15
Kingman,AZ,,San Antonio,TX,,1280.9,1587.4,361.5,1.0,1,1280.9,1280.9,0.0,1587.4,1587.4,Thin,False,History,2025-12-11,2025-12-11
Kings Mountain,NC,,Houston,TX,,1021.0,1014.2,0.0,1.0,1,1021.0,1021.0,0.0,1014.2,1014.2,Thin,False,History,2023-03-28,2023-03-28
Kings Mountain,NC,,Lewisville,TX,,1021.4,1057.8,51.0,1.0,1,1021.4,1021.4,0.0,1057.8,1057.8,Thin,False,History,2023-04-11,2023-04-11
Kingsley,PA,,Tyler,TX,,1494.3,1643.0,193.6,1.0,1,1494.3,1494.3,0.0,1643.0,1643.0,Thin,False,History,2023-08-29,2023-08-29
Kissimmee,FL,,Dallas,TX,,1107.1,1103.7,18.6,1.0,1,1107.1,1107.1,0.0,1103.7,1103.7,Thin,False,History,2022-09-20,2022-09-20
Kissimmee,FL,,San Antonio,TX,,1165.3,,243.2,1.0,0,1165.3,1165.3,0.0,,,Thin,False,History,2021-06-23,2021-06-23
Klamath Falls,OR,,Moxee,WA,,356.2,359.3,4.0,1.0,1,356.2,356.2,0.0,359.3,359.3,Thin,False,History,2022-08-04,2022-08-04
Kenosha,WI,,Laredo,TX,,1406.8,1543.0,161.3,1.0,1,1406.8,1406.8,0.0,1543.0,1543.0,Thin,False,History,2022-12-08,2022-12-08
Keokuk,IA,,Laredo,TX,,1141.8,1394.6,279.0,1.0,1,1141.8,1141.8,0.0,1394.6,1394.6,Thin,False,History,2023-07-08,2023-07-08
Kernersville,NC,,San Antonio,TX,,1311.3,1512.8,226.3,1.0,1,1311.3,1311.3,0.0,1512.8,1512.8,Thin,False,History,2020-10-31,2020-10-31
Kersey,PA,,Donation,TX,,1340.9,2041.9,746.3,1.0,1,1340.9,1340.9,0.0,2041.9,2041.9,Thin,False,History,2026-07-07,2026-07-07
Kettle Falls,WA,,El Paso,TX,,1654.4,1726.0,83.2,1.0,1,1654.4,1654.4,0.0,1726.0,1726.0,Thin,False,History,2023-02-21,2023-02-21
Kettle Falls,WA,,San Antonio,TX,,2124.7,2387.4,380.8,1.0,1,2124.7,2124.7,0.0,2387.4,2387.4,Thin,False,History,2022-10-18,2022-10-18
Kettleman,CA,,Dallas,TX,,1522.8,2137.2,629.5,1.0,1,1522.8,1522.8,0.0,2137.2,2137.2,Thin,False,History,2024-07-08,2024-07-08
Kewanee,IL,,Laredo,TX,,1286.0,1436.1,214.5,1.0,1,1286.0,1286.0,0.0,1436.1,1436.1,Thin,False,History,2022-08-23,2022-08-23
Jacksonville,FL,,Cedar Falls,IA,,1265.7,1353.6,154.7,1.0,1,1265.7,1265.7,0.0,1353.6,1353.6,Thin,False,History,2025-08-26,2025-08-26
Jacksonville,FL,,Deerfield,FL,,323.7,312.8,0.0,1.0,1,323.7,323.7,0.0,312.8,312.8,Thin,False,History,2022-12-03,2022-12-03
Jacksonville,FL,,Hazle Township,PA,,898.6,1088.7,207.6,1.0,1,898.6,898.6,0.0,1088.7,1088.7,Thin,False,History,2025-11-21,2025-11-21
Jacksonville,FL,,New Braunfels,TX,,1052.1,1414.6,373.4,1.0,1,1052.1,1052.1,0.0,1414.6,1414.6,Thin,False,History,2022-05-17,2022-05-17
Jacksonville,FL,,Owingsville,KY,,743.2,689.3,0.0,1.0,1,743.2,743.2,0.0,689.3,689.3,Thin,False,History,2025-05-09,2025-05-09
Jacksonville,FL,,Tyler,TX,,1218.2,1340.5,154.7,1.0,1,1218.2,1218.2,0.0,1340.5,1340.5,Thin,False,History,2025-08-22,2025-08-22
Lakeville,MN,,Houston,TX,,1303.1,1371.9,85.9,1.0,1,1303.1,1303.1,0.0,1371.9,1371.9,Thin,False,History,2026-01-16,2026-01-16
Lakewood,NJ,,Brookshire,TX,,1642.6,1976.4,383.1,1.0,1,1642.6,1642.6,0.0,1976.4,1976.4,Thin,False,History,2022-09-06,2022-09-06
Interamerica,TX,,Auburn,AL,,1034.0,1023.4,0.0,1.0,1,1034.0,1034.0,0.0,1023.4,1023.4,Thin,False,History,2020-10-21,2020-10-21
Inwood,NY,,Carrollton,TX,,1585.1,2030.1,462.9,1.0,1,1585.1,1585.1,0.0,2030.1,2030.1,Thin,False,History,2022-10-17,2022-10-17
Iowa City,IA,,Laredo,TX,,1223.5,1415.7,213.7,1.0,1,1223.5,1223.5,0.0,1415.7,1415.7,Thin,False,History,2025-07-25,2025-07-25
Islip,NY,,Laredo,TX,,2033.0,2027.9,55.8,1.0,1,2033.0,2033.0,0.0,2027.9,2027.9,Thin,False,History,2023-08-29,2023-08-29
Ithaca,NY,,Laredo,TX,,1943.3,2149.1,270.1,1.0,1,1943.3,1943.3,0.0,2149.1,2149.1,Thin,False,History,2022-02-22,2022-02-22
Ivyland,PA,,Laredo,TX,,1912.4,1945.8,92.9,1.0,1,1912.4,1912.4,0.0,1945.8,1945.8,Thin,False,History,2022-03-22,2022-03-22
Jackson,TN,,Holland,MI,,602.4,724.3,130.3,1.0,1,602.4,602.4,0.0,724.3,724.3,Thin,False,History,2025-11-11,2025-11-11
Jackson,TN,,Nuevo Laredo,TA,,967.8,1063.8,130.8,1.0,1,967.8,967.8,0.0,1063.8,1063.8,Thin,False,History,2023-06-06,2023-06-06
Lakeville,MN,,Fort Worth,TX,,953.1,1398.2,487.3,1.0,1,953.1,953.1,0.0,1398.2,1398.2,Thin,False,History,2022-04-14,2022-04-14
Indiana,PA,,Laredo,TX,,1713.6,2033.1,373.9,1.0,1,1713.6,1713.6,0.0,2033.1,2033.1,Thin,False,History,2022-03-31,2022-03-31
Indianapolis,IN,,Bensenville,IL,,200.9,250.9,58.4,1.0,1,200.9,200.9,0.0,250.9,250.9,Thin,False,History,2025-04-21,2025-04-21
Indianapolis,IN,,Houston,TX,,1048.5,1581.0,566.7,1.0,1,1048.5,1048.5,0.0,1581.0,1581.0,Thin,False,History,2023-04-23,2023-04-23
Indianapolis,IN,,Rogers,MN,,614.6,682.2,81.7,1.0,1,614.6,614.6,0.0,682.2,682.2,Thin,False,History,2025-02-04,2025-02-04
Indianapolis,IN,,San Antonio,TX,,1186.2,1300.7,160.8,1.0,1,1186.2,1186.2,0.0,1300.7,1300.7,Thin,False,History,2020-12-01,2020-12-01
Indianapolis,IN,,Seabrook,NH,,970.8,1013.3,81.4,1.0,1,970.8,970.8,0.0,1013.3,1013.3,Thin,False,History,2026-05-20,2026-05-20
Indianapolis,IN,,Springfield,MA,,865.1,947.0,115.2,1.0,1,865.1,865.1,0.0,947.0,947.0,Thin,False,History,2026-04-03,2026-04-03
Lafayette,IN,,La Porte,TX,,1059.4,1526.3,517.8,1.0,1,1059.4,1059.4,0.0,1526.3,1526.3,Thin,False,History,2021-10-18,2021-10-18
Lake Charles,LA,,Laredo,TX,,502.7,540.8,79.5,1.0,1,502.7,502.7,0.0,540.8,540.8,Thin,False,History,2025-06-23,2025-06-23
Lake City,FL,,Houston,TX,,822.9,1216.4,397.4,1.0,1,822.9,822.9,0.0,1216.4,1216.4,Thin,False,History,2023-04-05,2023-04-05
Lake Norden,SD,,Laredo,TX,,1348.1,1490.2,197.6,1.0,1,1348.1,1348.1,0.0,1490.2,1490.2,Thin,False,History,2025-01-14,2025-01-14
Lake Wales,FL,,Houston,TX,,1018.8,1369.9,372.1,1.0,1,1018.8,1018.8,0.0,1369.9,1369.9,Thin,False,History,2022-05-19,2022-05-19
Lake Wales,FL,,Keller,TX,,1154.6,1142.6,15.6,1.0,1,1154.6,1154.6,0.0,1142.6,1142.6,Thin,False,History,2022-06-10,2022-06-10
Lakeland,FL,,Pittsburgh,PA,,1193.2,1156.7,0.0,1.0,1,1193.2,1193.2,0.0,1156.7,1156.7,Thin,False,History,2024-12-07,2024-12-07
Lakeview,OR,,Tyler,TX,,1920.7,2425.1,556.0,1.0,1,1920.7,1920.7,0.0,2425.1,2425.1,Thin,False,History,2022-07-12,2022-07-12
Howell,NJ,,Laredo,TX,,1954.5,1988.7,107.3,1.0,1,1954.5,1954.5,0.0,1988.7,1988.7,Thin,False,History,2022-05-02,2022-05-02
Hubbard,OR,,DeSoto,TX,,2087.1,2200.2,193.3,1.0,1,2087.1,2087.1,0.0,2200.2,2200.2,Thin,False,History,2023-05-12,2023-05-12
Hudsonville,MI,,Houston,TX,,1315.2,1654.4,350.6,1.0,1,1315.2,1315.2,0.0,1654.4,1654.4,Thin,False,History,2022-11-07,2022-11-07
Huger,SC,,Saltillo,CO,,1674.3,,340.2,1.0,0,1674.3,1674.3,0.0,,,Thin,False,History,2024-12-05,2024-12-05
Huger,SC,,Sinton,TX,,1305.1,1606.4,372.2,1.0,1,1305.1,1305.1,0.0,1606.4,1606.4,Thin,False,History,2023-02-02,2023-02-02
Huntigton Valley,PA,,Laredo,TX,,1908.5,1862.2,24.4,1.0,1,1908.5,1908.5,0.0,1862.2,1862.2,Thin,False,History,2026-05-21,2026-05-21
Huntingdon,TN,,Laredo,TX,,998.4,1089.7,124.3,1.0,1,998.4,998.4,0.0,1089.7,1089.7,Thin,False,History,2024-12-10,2024-12-10
Huntley,MT,,Hereford,TX,,994.6,1607.8,659.6,1.0,1,994.6,994.6,0.0,1607.8,1607.8,Thin,False,History,2023-03-30,2023-03-30
Laredo,TX,,Alma,AR,,716.8,703.9,0.0,1.0,1,716.8,716.8,0.0,703.9,703.9,Thin,False,History,2023-11-08,2023-11-08
Laredo,TX,,Altus,OK,,619.8,551.1,0.0,1.0,1,619.8,619.8,0.0,551.1,551.1,Thin,False,History,2023-12-06,2023-12-06
Houston,TX,,Pearsall,TX,,214.2,366.9,160.0,1.0,1,214.2,214.2,0.0,366.9,366.9,Thin,False,History,2023-11-06,2023-11-06
Houston,TX,,Sanger,TX,,291.5,334.7,45.6,1.0,1,291.5,291.5,0.0,334.7,334.7,Thin,False,History,2024-07-25,2024-07-25
Houston,TX,,Tilden,TX,,262.5,397.7,138.8,1.0,1,262.5,262.5,0.0,397.7,397.7,Thin,False,History,2024-05-08,2024-05-08
Howard,PA,,Grand Praire,TX,,1401.2,1468.8,114.7,1.0,1,1401.2,1401.2,0.0,1468.8,1468.8,Thin,False,History,2020-12-18,2020-12-18
Howard,PA,,San Antonio,TX,,1647.2,2106.2,534.4,1.0,1,1647.2,1647.2,0.0,2106.2,2106.2,Thin,False,History,2023-09-24,2023-09-24
Howell,NJ,,Industrial,TX,,1595.1,1664.4,106.7,1.0,1,1595.1,1595.1,0.0,1664.4,1664.4,Thin,False,History,2024-05-13,2024-05-13
Landrum,SC,,Goodyear,AZ,,2030.6,2066.8,93.1,1.0,1,2030.6,2030.6,0.0,2066.8,2066.8,Thin,False,History,2022-12-23,2022-12-23
Langhorne,PA,,San Antonio,TX,,1764.2,1913.1,204.9,1.0,1,1764.2,1764.2,0.0,1913.1,1913.1,Thin,False,History,2026-06-01,2026-06-01
Lansdale,PA,,Laredo,TX,,1912.6,1899.9,46.4,1.0,1,1912.6,1912.6,0.0,1899.9,1899.9,Thin,False,History,2021-12-08,2021-12-08
Laredo,TN,,Lindon,UT,,1459.5,1332.4,0.0,1.0,1,1459.5,1459.5,0.0,1332.4,1332.4,Thin,False,History,2022-10-07,2022-10-07
Laredo,TX,,Addison,IL,,1344.5,1335.9,0.0,1.0,1,1344.5,1344.5,0.0,1335.9,1335.9,Thin,False,History,2025-05-02,2025-05-02
Laredo,TX,,Albany,GA,,1095.1,1081.6,0.0,1.0,1,1095.1,1095.1,0.0,1081.6,1081.6,Thin,False,History,2024-06-07,2024-06-07
Laredo,TX,,Albert Lea,MN,,1272.7,1247.2,0.0,1.0,1,1272.7,1272.7,0.0,1247.2,1247.2,Thin,False,History,2025-10-05,2025-10-05
Laredo,TX,,Albertville,AL,,1095.4,1049.5,0.0,1.0,1,1095.4,1095.4,0.0,1049.5,1049.5,Thin,False,History,2023-12-01,2023-12-01
Lakewood,NJ,,Groesbeck,TX,,1618.7,1950.7,403.0,1.0,1,1618.7,1618.7,0.0,1950.7,1950.7,Thin,False,History,2026-07-24,2026-07-24
Lakewood,NJ,,San Antonio,TX,,1796.9,2085.5,353.2,1.0,1,1796.9,1796.9,0.0,2085.5,2085.5,Thin,False,History,2026-05-13,2026-05-13
Lancaster,MA,,Houston,TX,,1841.4,1931.3,126.6,1.0,1,1841.4,1841.4,0.0,1931.3,1931.3,Thin,False,History,2022-10-18,2022-10-18
Lancaster,PA,,Hutchins,TX,,1428.0,1744.2,351.7,1.0,1,1428.0,1428.0,0.0,1744.2,1744.2,Thin,False,History,2023-03-26,2023-03-26
Lancaster,PA,,Kenosha,WI,,763.6,865.5,124.8,1.0,1,763.6,763.6,0.0,865.5,865.5,Thin,False,History,2026-05-01,2026-05-01
Lancaster,PA,,Nash,TX,,1243.3,1426.5,210.5,1.0,1,1243.3,1243.3,0.0,1426.5,1426.5,Thin,False,History,2025-01-04,2025-01-04
Lancaster,PA,,West Bend,WI,,823.7,927.8,124.8,1.0,1,823.7,823.7,0.0,927.8,927.8,Thin,False,History,2026-05-01,2026-05-01
Lancaster,TX,,Laredo,TX,,432.3,439.3,14.1,1.0,1,432.3,432.3,0.0,439.3,439.3,Thin,False,History,2024-06-01,2024-06-01
Laredo,TX,,Bethlehem,PA,,2088.7,2027.3,0.0,1.0,1,2088.7,2088.7,0.0,2027.3,2027.3,Thin,False,History,2022-12-23,2022-12-23
Laredo,TX,,Bethpage,NY,,2016.0,1941.0,0.0,1.0,1,2016.0,2016.0,0.0,1941.0,1941.0,Thin,False,History,2022-06-18,2022-06-18
Laredo,TX,,Billerica,MA,,2200.5,2144.6,0.0,1.0,1,2200.5,2200.5,0.0,2144.6,2144.6,Thin,False,History,2026-06-12,2026-06-12
Laredo,TX,,Billings,MT,,1655.0,1595.2,0.0,1.0,1,1655.0,1655.0,0.0,1595.2,1595.2,Thin,False,History,2023-03-23,2023-03-23
Laredo,TX,,Boise,ID,,1828.9,1702.8,0.0,1.0,1,1828.9,1828.9,0.0,1702.8,1702.8,Thin,False,History,2023-05-04,2023-05-04
Laredo,TX,,Bridgeton,MO,,1057.9,1052.1,0.0,1.0,1,1057.9,1057.9,0.0,1052.1,1052.1,Thin,False,History,2022-06-22,2022-06-22
Laredo,TX,,Brigham,UT,,1550.1,1420.5,0.0,1.0,1,1550.1,1550.1,0.0,1420.5,1420.5,Thin,False,History,2022-04-20,2022-04-20
Laredo,TX,,Brighton,CO,,1126.8,1054.3,0.0,1.0,1,1126.8,1126.8,0.0,1054.3,1054.3,Thin,False,History,2022-09-16,2022-09-16
Laredo,TX,,Bangor,ME,,2415.7,2352.4,0.0,1.0,1,2415.7,2415.7,0.0,2352.4,2352.4,Thin,False,History,2022-11-17,2022-11-17
Laredo,TX,,Baton Rouge,LA,,964.2,,0.0,1.0,0,964.2,964.2,0.0,,,Thin,False,History,2023-10-13,2023-10-13
Laredo,TX,,Beaver Dam,WI,,1465.6,717.7,0,2,1,1464,1467.1,3.1,0,1435.3,Thin,False,History,2023-07-14,2026-06-03
Laredo,TX,,Beaverton,OR,,2267.1,2138.9,0.0,1.0,1,2267.1,2267.1,0.0,2138.9,2138.9,Thin,False,History,2022-06-30,2022-06-30
Laredo,TX,,Bedford,PA,,1773.5,1754.8,0.0,1.0,1,1773.5,1773.5,0.0,1754.8,1754.8,Thin,False,History,2023-08-20,2023-08-20
Laredo,TX,,Berwick,PA,,1906.9,1859.2,0.0,1.0,1,1906.9,1906.9,0.0,1859.2,1859.2,Thin,False,History,2023-08-21,2023-08-21
Laredo,TX,,Bethany,MO,,1021.9,1001.8,0.0,1.0,1,1021.9,1021.9,0.0,1001.8,1001.8,Thin,False,History,2025-04-21,2025-04-21
Laredo,TX,,Arcadia,FL,,1400.4,,0.0,1.0,0,1400.4,1400.4,0.0,,,Thin,False,History,2023-09-12,2023-09-12
Laredo,TX,,Arlington,WA,,2370.5,2230.6,0.0,1.0,1,2370.5,2370.5,0.0,2230.6,2230.6,Thin,False,History,2023-12-14,2023-12-14
Laredo,TX,,Ashland,OH,,1561.1,1513.7,0.0,1.0,1,1561.1,1561.1,0.0,1513.7,1513.7,Thin,False,History,2023-05-26,2023-05-26
Laredo,TX,,Auburn,AL,,1034.3,,0.0,1.0,0,1034.3,1034.3,0.0,,,Thin,False,History,2021-02-06,2021-02-06
Laredo,TX,,Auburn,WA,,2333.7,2199.0,0.0,1.0,1,2333.7,2333.7,0.0,2199.0,2199.0,Thin,False,History,2023-11-09,2023-11-09
Laredo,TX,,Avon,IN,,1322.3,1270.3,0.0,1.0,1,1322.3,1322.3,0.0,1270.3,1270.3,Thin,False,History,2026-05-06,2026-05-06
Laredo,TX,,Baltimore,MD,,1792.0,1739.8,0.0,1.0,1,1792.0,1792.0,0.0,1739.8,1739.8,Thin,False,History,2023-01-13,2023-01-13
Laredo,TX,,Belvidere,IL,,1358.3,1352.2,0.0,1.0,1,1358.3,1358.3,0.0,1352.2,1352.2,Thin,False,History,2023-07-18,2023-07-18
Huntsville,AR,,Laredo,TX,,788.2,893.1,123.7,1.0,1,788.2,788.2,0.0,893.1,893.1,Thin,False,History,2022-04-01,2022-04-01
Hurley,WI,,Coopersville,MI,,591.6,652.8,110.0,1.0,1,591.6,591.6,0.0,652.8,652.8,Thin,False,History,2026-04-14,2026-04-14
Idabel,OK,,Montgomery,IN,,676.7,816.8,187.4,1.0,1,676.7,676.7,0.0,816.8,816.8,Thin,False,History,2025-08-15,2025-08-15
Idaho Falls,ID,,Houston,TX,,1641.4,1864.8,255.2,1.0,1,1641.4,1641.4,0.0,1864.8,1864.8,Thin,False,History,2024-10-25,2024-10-25
Idaho Falls,ID,,Laredo,TX,,1712.0,1915.9,260.5,1.0,1,1712.0,1712.0,0.0,1915.9,1915.9,Thin,False,History,2022-12-21,2022-12-21
Immokalee,FL,,Dallas,TX,,1218.8,1326.4,126.9,1.0,1,1218.8,1218.8,0.0,1326.4,1326.4,Thin,False,History,2022-12-05,2022-12-05
Laredo,TX,,Antioch,TN,,1405.0,1393.8,0.0,1.0,1,1405.0,1405.0,0.0,1393.8,1393.8,Thin,False,History,2022-11-14,2022-11-14
Laredo,TX,,Apopka,FL,,1297.2,1261.9,0.0,1.0,1,1297.2,1297.2,0.0,1261.9,1261.9,Thin,False,History,2022-12-30,2022-12-30
Houston,TX,,Callaghan,TX,,304.9,659.2,361.8,1.0,1,304.9,304.9,0.0,659.2,659.2,Thin,False,History,2023-07-08,2023-07-08
Houston,TX,,Camp Hill,PA,,1474.4,1456.0,11.2,1.0,1,1474.4,1474.4,0.0,1456.0,1456.0,Thin,False,History,2023-07-19,2023-07-19
Houston,TX,,Finlay,OH,,1206.8,1212.1,27.3,1.0,1,1206.8,1206.8,0.0,1212.1,1212.1,Thin,False,History,2025-12-17,2025-12-17
Houston,TX,,Kent,WA,,2358.2,2263.0,0.0,1.0,1,2358.2,2358.2,0.0,2263.0,2263.0,Thin,False,History,2023-07-24,2023-07-24
Houston,TX,,Mishawaka,IN,,1146.7,1129.1,0.0,1.0,1,1146.7,1146.7,0.0,1129.1,1129.1,Thin,False,History,2025-08-11,2025-08-11
Houston,TX,,Myton,UT,,1390.9,1371.3,38.8,1.0,1,1390.9,1390.9,0.0,1371.3,1371.3,Thin,False,History,2022-10-24,2022-10-24
Houston,TX,,Nashville,TN,,780.1,1099.3,345.9,1.0,1,780.1,780.1,0.0,1099.3,1099.3,Thin,False,History,2025-11-07,2025-11-07
Laredo,TX,,Buckeye,AZ,,1169.8,1039.3,0.0,1.0,1,1169.8,1169.8,0.0,1039.3,1039.3,Thin,False,History,2023-01-16,2023-01-16
Hood River,OR,,Dallas,TX,,2000.5,2164.2,243.0,1.0,1,2000.5,2000.5,0.0,2164.2,2164.2,Thin,False,History,2022-12-29,2022-12-29
Horn Lake,MS,,Laredo,TX,,894.8,866.0,2.4,1.0,1,894.8,894.8,0.0,866.0,866.0,Thin,False,History,2024-11-19,2024-11-19
Hornersville,MO,,Terrell,TX,,473.1,713.0,243.7,1.0,1,473.1,473.1,0.0,713.0,713.0,Thin,False,History,2024-07-27,2024-07-27
Horse Cave,KY,,Grand Prairie,TX,,770.7,850.9,83.7,1.0,1,770.7,770.7,0.0,850.9,850.9,Thin,False,History,2024-07-30,2024-07-30
Horse Cave,KY,,Houston,TX,,869.1,1362.6,515.6,1.0,1,869.1,869.1,0.0,1362.6,1362.6,Thin,False,History,2022-07-26,2022-07-26
Houston,MS,,Laredo,TX,,372.6,374.3,11.8,1.0,1,372.6,372.6,0.0,374.3,374.3,Thin,False,History,2022-05-18,2022-05-18
Houston,TX,,Boardman,OR,,2111.7,2208.5,168.8,1.0,1,2111.7,2111.7,0.0,2208.5,2208.5,Thin,False,History,2023-03-07,2023-03-07
Holden,LA,,Alice,TX,,538.9,679.2,149.0,1.0,1,538.9,538.9,0.0,679.2,679.2,Thin,False,History,2024-10-15,2024-10-15
Holland,MI,,Council Bluffs,IA,,597.2,591.1,0.0,1.0,1,597.2,597.2,0.0,591.1,591.1,Thin,False,History,2025-04-01,2025-04-01
Holland,MI,,Omaha,NE,,600.0,1056.7,471.8,1.0,1,600.0,600.0,0.0,1056.7,1056.7,Thin,False,History,2025-04-08,2025-04-08
Holland,MI,,San Antonio,TX,,1358.2,1519.3,205.8,1.0,1,1358.2,1358.2,0.0,1519.3,1519.3,Thin,False,History,2022-08-05,2022-08-05
Holley,NY,,Laredo,TX,,1858.1,2194.5,400.8,1.0,1,1858.1,1858.1,0.0,2194.5,2194.5,Thin,False,History,2023-07-11,2023-07-11
Hollis Center,ME,,Elizabeth,NJ,,322.3,777.2,460.0,1.0,1,322.3,322.3,0.0,777.2,777.2,Thin,False,History,2022-09-04,2022-09-04
Homestead,FL,,Houston,TX,,1223.8,1225.6,31.7,1.0,1,1223.8,1223.8,0.0,1225.6,1225.6,Thin,False,History,2022-11-14,2022-11-14
Honey Brook,PA,,Georgetown,TX,,1611.6,1960.6,406.5,1.0,1,1611.6,1611.6,0.0,1960.6,1960.6,Thin,False,History,2022-03-24,2022-03-24
Laredo,TX,,Brockton,MA,,2185.3,2132.9,0.0,1.0,1,2185.3,2185.3,0.0,2132.9,2132.9,Thin,False,History,2022-11-25,2022-11-25
Laredo,TX,,Broken Arrow,OK,,691.4,684.5,0.0,1.0,1,691.4,691.4,0.0,684.5,684.5,Thin,False,History,2022-05-26,2022-05-26
Laredo,TX,,Brooksville,KY,,1539.8,1450.3,0.0,1.0,1,1539.8,1539.8,0.0,1450.3,1450.3,Thin,False,History,2024-08-23,2024-08-23
Laredo,TX,,Brundidge,AL,,996.1,985.1,0.0,1.0,1,996.1,996.1,0.0,985.1,985.1,Thin,False,History,2023-07-01,2023-07-01
Hobart,IN,,San Antonio,TX,,1234.8,,261.9,1.0,0,1234.8,1234.8,0.0,,,Thin,False,History,2021-06-16,2021-06-16
Hodgkins,IL,,Laredo,TX,,1345.8,1348.9,13.1,1.0,1,1345.8,1345.8,0.0,1348.9,1348.9,Thin,False,History,2023-02-27,2023-02-27
Hoffman,MN,,New Braunfels,TX,,1270.3,1412.1,186.0,1.0,1,1270.3,1270.3,0.0,1412.1,1412.1,Thin,False,History,2025-04-08,2025-04-08
Hoisington,KS,,Houston,TX,,718.6,842.5,135.6,1.0,1,718.6,718.6,0.0,842.5,842.5,Thin,False,History,2024-02-16,2024-02-16
Hazlehurst,MS,,Laredo,TX,,755.4,932.2,243.8,1.0,1,755.4,755.4,0.0,932.2,932.2,Thin,False,History,2023-10-16,2023-10-16
Hazleton,PA,,Tomball,TX,,1603.1,2006.3,457.8,1.0,1,1603.1,1603.1,0.0,2006.3,2006.3,Thin,False,History,2025-12-16,2025-12-16
Hazlewood,MO,,Del Rio,TX,,1058.5,1357.6,341.1,1.0,1,1058.5,1058.5,0.0,1357.6,1357.6,Thin,False,History,2025-09-15,2025-09-15
Headland,AL,,Laredo,TX,,1023.2,1322.9,375.1,1.0,1,1023.2,1023.2,0.0,1322.9,1322.9,Thin,False,History,2024-09-18,2024-09-18
Hebron,KY,,Laredo,TX,,1355.2,1325.9,10.9,1.0,1,1355.2,1355.2,0.0,1325.9,1325.9,Thin,False,History,2025-03-29,2025-03-29
Hermiston,OR,,Houston,TX,,2103.7,2693.9,703.1,1.0,1,2103.7,2103.7,0.0,2693.9,2693.9,Thin,False,History,2022-05-31,2022-05-31
Herndon,PA,,Hillsboro,TX,,1480.6,1700.2,234.3,1.0,1,1480.6,1480.6,0.0,1700.2,1700.2,Thin,False,History,2023-05-23,2023-05-23
Heyburn,ID,,Laredo,TX,,1689.7,1755.6,191.8,1.0,1,1689.7,1689.7,0.0,1755.6,1755.6,Thin,False,History,2022-09-29,2022-09-29
Laredo,TX,,Cedar Hill,TX,,424.9,419.9,0.0,1.0,1,424.9,424.9,0.0,419.9,419.9,Thin,False,History,2022-08-08,2022-08-08
Laredo,TX,,Cedar Rapids,IA,,1249.1,1216.1,0.0,1.0,1,1249.1,1249.1,0.0,1216.1,1216.1,Thin,False,History,2026-04-22,2026-04-22
Hawthorne,NJ,,Zapopan,JA,,2764.9,,127.7,1.0,0,2764.9,2764.9,0.0,,,Thin,False,History,2022-01-14,2022-01-14
Hayward,WI,,Tulsa,OK,,817.9,1888.3,1106.6,1.0,1,817.9,817.9,0.0,1888.3,1888.3,Thin,False,History,2025-06-17,2025-06-17
Hayward,WI,,Versailles,MO,,694.0,853.5,213.4,1.0,1,694.0,694.0,0.0,853.5,853.5,Thin,False,History,2025-06-17,2025-06-17
Hazelhurst,GA,,Boyd,TX,,960.8,1127.9,191.5,1.0,1,960.8,960.8,0.0,1127.9,1127.9,Thin,False,History,2023-12-01,2023-12-01
Hazleton,PA,,San Antonio,TX,,1726.4,1884.4,209.7,1.0,1,1726.4,1726.4,0.0,1884.4,1884.4,Thin,False,History,2021-11-29,2021-11-29
Hazle Township,PA,,North Hampton,MA,,276.2,359.8,102.1,1.0,1,276.2,276.2,0.0,359.8,359.8,Thin,False,History,2026-04-29,2026-04-29
Laredo,TX,,Canon,CO,,1033.6,964.0,0.0,1.0,1,1033.6,1033.6,0.0,964.0,964.0,Thin,False,History,2024-02-02,2024-02-02
Laredo,TX,,Cape Canaveral,FL,,1375.3,1339.3,0.0,1.0,1,1375.3,1375.3,0.0,1339.3,1339.3,Thin,False,History,2021-11-15,2021-11-15
Laredo,TX,,Capitol Heights,MD,,1916.3,1840.4,0.0,1.0,1,1916.3,1916.3,0.0,1840.4,1840.4,Thin,False,History,2025-08-15,2025-08-15
Laredo,TX,,Carlisle,PA,,1787.7,1754.7,0.0,1.0,1,1787.7,1787.7,0.0,1754.7,1754.7,Thin,False,History,2023-06-17,2023-06-17
Laredo,TX,,Carrollton,TX,,447.0,442.2,0.0,1.0,1,447.0,447.0,0.0,442.2,442.2,Thin,False,History,2023-09-27,2023-09-27
Laredo,TX,,Carslile,IA,,1126.5,1098.6,0.0,1.0,1,1126.5,1126.5,0.0,1098.6,1098.6,Thin,False,History,2021-01-07,2021-01-07
Laredo,TX,,Cayce,SC,,1345.0,1334.1,0.0,1.0,1,1345.0,1345.0,0.0,1334.1,1334.1,Thin,False,History,2024-04-12,2024-04-12
Laredo,TX,,Cedar Grove,WI,,1474.5,1460.5,0.0,1.0,1,1474.5,1474.5,0.0,1460.5,1460.5,Thin,False,History,2022-10-05,2022-10-05
Laredo,TX,,Buffalo,NY,,1799.4,1750.7,0.0,1.0,1,1799.4,1799.4,0.0,1750.7,1750.7,Thin,False,History,2025-06-05,2025-06-05
Laredo,TX,,Buford,GA,,1181.3,1148.0,0.0,1.0,1,1181.3,1181.3,0.0,1148.0,1148.0,Thin,False,History,2024-05-24,2024-05-24
Laredo,TX,,Burkburnett,TX,,558.0,511.3,0.0,1.0,1,558.0,558.0,0.0,511.3,511.3,Thin,False,History,2023-11-08,2023-11-08
Laredo,TX,,Burlington Township,NJ,,1912.3,1848.1,0.0,1.0,1,1912.3,1912.3,0.0,1848.1,1848.1,Thin,False,History,2023-10-08,2023-10-08
Laredo,TX,,Burlington,NC,,1493.0,1469.3,0.0,1.0,1,1493.0,1493.0,0.0,1469.3,1469.3,Thin,False,History,2022-07-20,2022-07-20
Laredo,TX,,Byron Center,MI,,1593.6,1542.3,0.0,1.0,1,1593.6,1593.6,0.0,1542.3,1542.3,Thin,False,History,2024-04-19,2024-04-19
Laredo,TX,,Caldwell,ID,,1862.7,1736.5,0.0,1.0,1,1862.7,1862.7,0.0,1736.5,1736.5,Thin,False,History,2022-12-08,2022-12-08
Laredo,TX,,Calumet City,IL,,1379.9,1332.1,0.0,1.0,1,1379.9,1379.9,0.0,1332.1,1332.1,Thin,False,History,2026-04-22,2026-04-22
Laredo,TX,,Cudahy,WI,,1430.7,1415.6,0.0,1.0,1,1430.7,1430.7,0.0,1415.6,1415.6,Thin,False,History,2022-08-12,2022-08-12
Laredo,TX,,Dalhart,TX,,743.5,709.0,0.0,1.0,1,743.5,743.5,0.0,709.0,709.0,Thin,False,History,2023-08-02,2023-08-02
Laredo,TX,,Dallas,GA,,1236.8,1215.8,0.0,1.0,1,1236.8,1236.8,0.0,1215.8,1215.8,Thin,False,History,2023-10-12,2023-10-12
Laredo,TX,,Danvers,MA,,2209.7,2142.8,0.0,1.0,1,2209.7,2209.7,0.0,2142.8,2142.8,Thin,False,History,2025-11-03,2025-11-03
Laredo,TX,,Danville,VA,,1519.8,1487.0,0.0,1.0,1,1519.8,1519.8,0.0,1487.0,1487.0,Thin,False,History,2020-10-29,2020-10-29
Laredo,TX,,Dayton,OH,,1420.6,1363.7,0.0,1.0,1,1420.6,1420.6,0.0,1363.7,1363.7,Thin,False,History,2021-11-26,2021-11-26
Laredo,TX,,Dayton,TX,,382.5,357.8,0.0,1.0,1,382.5,382.5,0.0,357.8,357.8,Thin,False,History,2026-02-06,2026-02-06
Laredo,TX,,Daytona Beach,FL,,1303.1,1258.2,0.0,1.0,1,1303.1,1303.1,0.0,1258.2,1258.2,Thin,False,History,2023-12-10,2023-12-10
Laredo,TX,,Columbus,NE,,1058.8,1057.8,0.0,1.0,1,1058.8,1058.8,0.0,1057.8,1057.8,Thin,False,History,2023-05-17,2023-05-17
Laredo,TX,,Commerce,CA,,1503.1,1370.3,0.0,1.0,1,1503.1,1503.1,0.0,1370.3,1370.3,Thin,False,History,2025-12-04,2025-12-04
Laredo,TX,,Commerce,GA,,1209.0,1175.8,0.0,1.0,1,1209.0,1209.0,0.0,1175.8,1175.8,Thin,False,History,2023-06-10,2023-06-10
Laredo,TX,,Conklin,NY,,1978.9,1894.0,0.0,1.0,1,1978.9,1978.9,0.0,1894.0,1894.0,Thin,False,History,2023-07-03,2023-07-03
Laredo,TX,,Corinth,MS,,978.2,949.6,0.0,1.0,1,978.2,978.2,0.0,949.6,949.6,Thin,False,History,2024-05-22,2024-05-22
Laredo,TX,,Covington,LA,,689.8,663.0,0.0,1.0,1,689.8,689.8,0.0,663.0,663.0,Thin,False,History,2024-10-11,2024-10-11
Laredo,TX,,Crossville,TN,,1202.5,1167.1,0.0,1.0,1,1202.5,1202.5,0.0,1167.1,1167.1,Thin,False,History,2025-07-09,2025-07-09
Laredo,TX,,Chesapeake,VA,,1702.3,1677.4,0.0,1.0,1,1702.3,1702.3,0.0,1677.4,1677.4,Thin,False,History,2023-07-10,2023-07-10
Laredo,TX,,Claysburg,PA,,1754.6,1692.9,0.0,1.0,1,1754.6,1754.6,0.0,1692.9,1692.9,Thin,False,History,2022-05-20,2022-05-20
Laredo,TX,,Clearfield,UT,,1520.2,1394.5,0.0,1.0,1,1520.2,1520.2,0.0,1394.5,1394.5,Thin,False,History,2022-12-03,2022-12-03
Laredo,TX,,Cleveland,OH,,1608.3,1547.0,0.0,1.0,1,1608.3,1608.3,0.0,1547.0,1547.0,Thin,False,History,2022-06-17,2022-06-17
Laredo,TX,,Cleveland,TN,,1190.2,1161.1,0.0,1.0,1,1190.2,1190.2,0.0,1161.1,1161.1,Thin,False,History,2024-07-10,2024-07-10
Laredo,TX,,Colonual Heights,VA,,1649.9,1610.7,0.0,1.0,1,1649.9,1649.9,0.0,1610.7,1610.7,Thin,False,History,2021-05-07,2021-05-07
Laredo,TX,,Columbia,TN,,1206.9,1194.1,0.0,1.0,1,1206.9,1206.9,0.0,1194.1,1194.1,Thin,False,History,2024-06-11,2024-06-11
Laredo,TX,,Columbus,IN,,1334.9,1290.9,0.0,1.0,1,1334.9,1334.9,0.0,1290.9,1290.9,Thin,False,History,2022-06-03,2022-06-03
High Point,NC,,Ames,IA,,1039.1,1149.8,146.5,1.0,1,1039.1,1039.1,0.0,1149.8,1149.8,Thin,False,History,2025-03-25,2025-03-25
High Point,NC,,Laredo,TX,,1463.3,1494.5,80.5,1.0,1,1463.3,1463.3,0.0,1494.5,1494.5,Thin,False,History,2026-01-21,2026-01-21
Highland,MI,,Laredo,TX,,1621.8,1715.1,151.8,1.0,1,1621.8,1621.8,0.0,1715.1,1715.1,Thin,False,History,2023-03-30,2023-03-30
Hillsboro,OR,,Walkerville,MI,,2354.1,2375.0,78.9,1.0,1,2354.1,2354.1,0.0,2375.0,2375.0,Thin,False,History,2025-05-23,2025-05-23
Hillsborough Township,NJ,,Edwardsville,IL,,912.7,944.5,57.1,1.0,1,912.7,912.7,0.0,944.5,944.5,Thin,False,History,2026-04-17,2026-04-17
Hillside,NJ,,Deer Park,TX,,1605.9,1616.7,41.6,1.0,1,1605.9,1605.9,0.0,1616.7,1616.7,Thin,False,History,2022-10-21,2022-10-21
Hinesport,NJ,,Laredo,TX,,1910.2,1978.3,129.3,1.0,1,1910.2,1910.2,0.0,1978.3,1978.3,Thin,False,History,2022-11-14,2022-11-14
Laredo,TX,,Chandler,AZ,,1117.7,994.1,0.0,1.0,1,1117.7,1117.7,0.0,994.1,994.1,Thin,False,History,2022-12-09,2022-12-09
Hawkins,TX,,Laredo,TX,,493.8,594.8,111.8,1.0,1,493.8,493.8,0.0,594.8,594.8,Thin,False,History,2023-01-18,2023-01-18
Hawthorne,NJ,,Laredo,TX,,1985.8,2012.6,95.9,1.0,1,1985.8,1985.8,0.0,2012.6,2012.6,Thin,False,History,2021-12-22,2021-12-22
Laredo,TX,,Disputanta,VA,,1664.3,1622.7,0.0,1.0,1,1664.3,1664.3,0.0,1622.7,1622.7,Thin,False,History,2023-11-24,2023-11-24
Laredo,TX,,Donaldsoville,LA,,659.1,634.6,0.0,1.0,1,659.1,659.1,0.0,634.6,634.6,Thin,False,History,2020-11-11,2020-11-11
Laredo,TX,,Dubuque,IA,,1326.1,1294.1,0.0,1.0,1,1326.1,1326.1,0.0,1294.1,1294.1,Thin,False,History,2022-11-25,2022-11-25
Laredo,TX,,Dunkirk,NY,,1757.0,1693.5,0.0,1.0,1,1757.0,1757.0,0.0,1693.5,1693.5,Thin,False,History,2023-07-10,2023-07-10
Laredo,TX,,Dwight,IL,,1280.8,1266.6,0.0,1.0,1,1280.8,1280.8,0.0,1266.6,1266.6,Thin,False,History,2020-07-03,2020-07-03
Laredo,TX,,Earl Park,IN,,1407.8,1346.4,0.0,1.0,1,1407.8,1407.8,0.0,1346.4,1346.4,Thin,False,History,2025-07-03,2025-07-03
Hauppague,NY,,Houston,TX,,1693.5,1665.9,0.0,1.0,1,1693.5,1693.5,0.0,1665.9,1665.9,Thin,False,History,2024-08-28,2024-08-28
Hauppauge,NY,,Laredo,TX,,2036.2,2133.8,158.2,1.0,1,2036.2,2036.2,0.0,2133.8,2133.8,Thin,False,History,2023-04-21,2023-04-21
Hauppauge,NY,,New Hartford,NY,,279.3,258.0,0.0,1.0,1,279.3,279.3,0.0,258.0,258.0,Thin,False,History,2023-07-21,2023-07-21
Hauppauge,NY,,Taylor,TX,,1767.1,1990.6,269.5,1.0,1,1767.1,1767.1,0.0,1990.6,1990.6,Thin,False,History,2023-11-15,2023-11-15
Haverhill,MA,,San Antonio,TX,,2048.6,2291.2,290.6,1.0,1,2048.6,2048.6,0.0,2291.2,2291.2,Thin,False,History,2022-03-23,2022-03-23
Haw,TN,,Laredo,TX,,1334.3,1428.2,146.5,1.0,1,1334.3,1334.3,0.0,1428.2,1428.2,Thin,False,History,2025-09-30,2025-09-30
Hawesville 3543,KY,,Laredo,TX,,1224.7,1308.4,157.1,1.0,1,1224.7,1224.7,0.0,1308.4,1308.4,Thin,False,History,2024-07-09,2024-07-09
Hawesville,KY,,Odessa,TX,,1135.6,1871.6,868.7,1.0,1,1135.6,1135.6,0.0,1871.6,1871.6,Thin,False,History,2021-12-18,2021-12-18
Harrisville,PA,,Racine,WI,,520.9,1027.9,558.3,1.0,1,520.9,520.9,0.0,1027.9,1027.9,Thin,False,History,2025-08-15,2025-08-15
Hartford,MI,,Cedar Falls,IA,,405.4,,152.4,1.0,0,405.4,405.4,0.0,,,Thin,False,History,2025-03-31,2025-03-31
Hartford,MI,,San Antonio,TX,,1316.5,1515.6,255.9,1.0,1,1316.5,1316.5,0.0,1515.6,1515.6,Thin,False,History,2020-12-08,2020-12-08
Hartford,OH,,Hidalgo,TX,,1594.5,,203.7,1.0,0,1594.5,1594.5,0.0,,,Thin,False,History,2026-06-08,2026-06-08
Hartford,WI,,Chambersburg,PA,,758.3,838.3,118.4,1.0,1,758.3,758.3,0.0,838.3,838.3,Thin,False,History,2026-06-05,2026-06-05
Haskel,TX,,Bruni,TX,,620.3,816.8,242.7,1.0,1,620.3,620.3,0.0,816.8,816.8,Thin,False,History,2023-05-15,2023-05-15
Hastings,MI,,Laredo,TX,,1547.5,1948.4,400.9,1.0,1,1547.5,1547.5,0.0,1948.4,1948.4,Thin,False,History,2025-01-21,2025-01-21
Hatch,NM,,Mansfield,TX,,704.1,847.5,186.5,1.0,1,704.1,704.1,0.0,847.5,847.5,Thin,False,History,2023-04-11,2023-04-11
Laredo,TX,,Delaware,OH,,1499.8,1432.1,0.0,1.0,1,1499.8,1499.8,0.0,1432.1,1432.1,Thin,False,History,2023-06-23,2023-06-23
Laredo,TX,,Delphi,IN,,1379.8,1314.5,0.0,1.0,1,1379.8,1379.8,0.0,1314.5,1314.5,Thin,False,History,2026-05-18,2026-05-18
Harrisburg,OR,,San Antonio,TX,,2226.4,2536.7,472.5,1.0,1,2226.4,2226.4,0.0,2536.7,2536.7,Thin,False,History,2023-12-19,2023-12-19
Harrisburg,PA,,San Antonio,TX,,1669.9,1965.1,338.8,1.0,1,1669.9,1669.9,0.0,1965.1,1965.1,Thin,False,History,2022-05-03,2022-05-03
Harrison,NJ,,Essexville,MI,,705.4,720.4,18.9,1.0,1,705.4,705.4,0.0,720.4,720.4,Thin,False,History,2025-07-25,2025-07-25
Harrison,OH,,Belcamp,MD,,554.3,663.7,158.7,1.0,1,554.3,554.3,0.0,663.7,663.7,Thin,False,History,2026-08-18,2026-08-18
Harrison,OH,,Laredo,TX,,1390.7,1622.5,292.2,1.0,1,1390.7,1390.7,0.0,1622.5,1622.5,Thin,False,History,2023-03-04,2023-03-04
Harrisonville,MO,,West Mifflin,PA,,853.2,881.1,44.0,1.0,1,853.2,853.2,0.0,881.1,881.1,Thin,False,History,2026-03-30,2026-03-30
Guadalupe,N.,,Nashville,TN,,1251.3,,0.0,1.0,0,1251.3,1251.3,0.0,,,Thin,False,History,2024-07-24,2024-07-24
Guadalupe,N.,,Norcross,GA,,1266.6,1260.3,0.0,1.0,1,1266.6,1266.6,0.0,1260.3,1260.3,Thin,False,History,2024-04-25,2024-04-25
Guadalupe,N.,,West Berlin,NJ,,2058.4,,0.0,1.0,0,2058.4,2058.4,0.0,,,Thin,False,History,2024-12-14,2024-12-14
Guilford,ME,,Laredo,TX,,2413.9,2791.3,444.1,1.0,1,2413.9,2413.9,0.0,2791.3,2791.3,Thin,False,History,2023-06-15,2023-06-15
Gurnee,IL,,Laredo,TX,,1384.7,1453.5,81.4,1.0,1,1384.7,1384.7,0.0,1453.5,1453.5,Thin,False,History,2023-02-14,2023-02-14
Guymon,AR,,Laredo,TX,,793.6,1002.1,274.3,1.0,1,793.6,793.6,0.0,1002.1,1002.1,Thin,False,History,2021-08-20,2021-08-20
Haines City,FL,,New Braunfels,TX,,1156.9,1348.5,203.9,1.0,1,1156.9,1156.9,0.0,1348.5,1348.5,Thin,False,History,2022-06-06,2022-06-06
Haines,FL,,Victoria,TX,,1102.8,1302.1,215.3,1.0,1,1102.8,1102.8,0.0,1302.1,1302.1,Thin,False,History,2022-04-18,2022-04-18
Laredo,TX,,Enid,OK,,706.1,698.6,0.0,1.0,1,706.1,706.1,0.0,698.6,698.6,Thin,False,History,2024-10-02,2024-10-02
Grove,IL,,Laredo,TX,,1370.0,1387.9,38.7,1.0,1,1370.0,1370.0,0.0,1387.9,1387.9,Thin,False,History,2022-01-25,2022-01-25
Guadalupe,N.,,Charlotte,NC,,1548.3,,0.0,1.0,0,1548.3,1548.3,0.0,,,Thin,False,History,2025-02-08,2025-02-08
Guadalupe,N.,,Dallas,TX,,445.8,434.9,0.0,1.0,1,445.8,445.8,0.0,434.9,434.9,Thin,False,History,2024-09-14,2024-09-14
Guadalupe,N.,,Hendersonville,NC,,1319.7,1291.4,0.0,1.0,1,1319.7,1319.7,0.0,1291.4,1291.4,Thin,False,History,2022-03-08,2022-03-08
Guadalupe,N.,,Jacksonville,FL,,1369.2,,148.6,1.0,0,1369.2,1369.2,0.0,,,Thin,False,History,2024-08-21,2024-08-21
Guadalupe,N.,,Las Vegas,NV,,1587.5,1904.0,148.6,1.0,1,1587.5,1587.5,0.0,1904.0,1904.0,Thin,False,History,2024-09-07,2024-09-07
Guadalupe,N.,,Miami,FL,,1728.8,,148.6,1.0,0,1728.8,1728.8,0.0,,,Thin,False,History,2025-01-18,2025-01-18
Laredo,TX,,Elk Grove Village,IL,,1361.0,1345.3,0.0,1.0,1,1361.0,1361.0,0.0,1345.3,1345.3,Thin,False,History,2022-07-15,2022-07-15
Laredo,TX,,Elkhorn,NE,,1595.4,1536.7,0.0,1.0,1,1595.4,1595.4,0.0,1536.7,1536.7,Thin,False,History,2022-09-02,2022-09-02
Laredo,TX,,Elkridge,MD,,1784.6,1731.8,0.0,1.0,1,1784.6,1784.6,0.0,1731.8,1731.8,Thin,False,History,2023-04-21,2023-04-21
Laredo,TX,,Ellabell,GA,,1296.7,1252.0,0.0,1.0,1,1296.7,1296.7,0.0,1252.0,1252.0,Thin,False,History,2022-08-17,2022-08-17
Laredo,TX,,Elloree,SC,,1388.2,1348.1,0.0,1.0,1,1388.2,1388.2,0.0,1348.1,1348.1,Thin,False,History,2023-09-01,2023-09-01
Laredo,TX,,Eloy,AZ,,1064.7,962.0,0.0,1.0,1,1064.7,1064.7,0.0,962.0,962.0,Thin,False,History,2023-01-20,2023-01-20
Laredo,TX,,Enfield,CT,,2107.5,2040.5,0.0,1.0,1,2107.5,2107.5,0.0,2040.5,2040.5,Thin,False,History,2023-07-20,2023-07-20
Laredo,TX,,Englewood,CO,,1086.4,1037.1,0.0,1.0,1,1086.4,1086.4,0.0,1037.1,1037.1,Thin,False,History,2024-05-06,2024-05-06
Laredo,TX,,East Wenatchee,WA,,2240.3,2109.9,0.0,1.0,1,2240.3,2240.3,0.0,2109.9,2109.9,Thin,False,History,2023-08-23,2023-08-23
Laredo,TX,,Eatontown,NJ,,1966.3,1891.2,0.0,1.0,1,1966.3,1966.3,0.0,1891.2,1891.2,Thin,False,History,2023-05-15,2023-05-15
Laredo,TX,,Edgerton,KS,,940.5,895.3,0.0,1.0,1,940.5,940.5,0.0,895.3,895.3,Thin,False,History,2026-03-19,2026-03-19
Laredo,TX,,Edmond,OK,,643.6,641.7,0.0,1.0,1,643.6,643.6,0.0,641.7,641.7,Thin,False,History,2024-01-20,2024-01-20
Laredo,TX,,Edwardsville,IL,,1086.5,1073.9,0.0,1.0,1,1086.5,1086.5,0.0,1073.9,1073.9,Thin,False,History,2026-04-15,2026-04-15
Laredo,TX,,Edwardsville,KS,,914.6,910.8,0.0,1.0,1,914.6,914.6,0.0,910.8,910.8,Thin,False,History,2024-12-11,2024-12-11
Laredo,TX,,El Reno,OK,,646.7,607.0,0.0,1.0,1,646.7,646.7,0.0,607.0,607.0,Thin,False,History,2024-06-25,2024-06-25
Laredo,TX,,Elizabethton,TN,,1381.8,1326.2,0.0,1.0,1,1381.8,1381.8,0.0,1326.2,1326.2,Thin,False,History,2024-12-02,2024-12-02
Laredo,TX,,Gainesville,GA,,1199.0,1183.3,0.0,1.0,1,1199.0,1199.0,0.0,1183.3,1183.3,Thin,False,History,2022-06-10,2022-06-10
Laredo,TX,,Gaithersburg,MD,,1763.8,1711.0,0.0,1.0,1,1763.8,1763.8,0.0,1711.0,1711.0,Thin,False,History,2026-07-10,2026-07-10
Laredo,TX,,Galt,CA,,1859.2,1736.2,11.5,1.0,1,1859.2,1859.2,0.0,1736.2,1736.2,Thin,False,History,2025-03-31,2025-03-31
Laredo,TX,,Gastonia,NC,,1362.0,,0.0,1.0,0,1362.0,1362.0,0.0,,,Thin,False,History,2025-06-20,2025-06-20
Laredo,TX,,Geneva,IL,,1352.8,,0.0,1.0,0,1352.8,1352.8,0.0,,,Thin,False,History,2021-04-22,2021-04-22
Laredo,TX,,Gold Hill,NC,,1429.7,1395.9,0.0,1.0,1,1429.7,1429.7,0.0,1395.9,1395.9,Thin,False,History,2023-04-21,2023-04-21
Laredo,TX,,Gordonsville,VA,,1649.4,1598.5,0.0,1.0,1,1649.4,1649.4,0.0,1598.5,1598.5,Thin,False,History,2023-07-13,2023-07-13
Laredo,TX,,Greenville Jun,ME,,2489.6,2425.4,0.0,1.0,1,2489.6,2489.6,0.0,2425.4,2425.4,Thin,False,History,2022-04-22,2022-04-22
Laredo,TX,,Farmington,NM,,1051.3,1899.3,1146.4,1.0,1,1051.3,1051.3,0.0,1899.3,1899.3,Thin,False,History,2022-05-03,2022-05-03
Laredo,TX,,Fayetteville,NC,,1513.8,1477.8,0.0,1.0,1,1513.8,1513.8,0.0,1477.8,1477.8,Thin,False,History,2023-09-30,2023-09-30
Laredo,TX,,Florence,KY,,1347.8,1307.3,0.0,1.0,1,1347.8,1347.8,0.0,1307.3,1307.3,Thin,False,History,2023-07-19,2023-07-19
Laredo,TX,,Flushing,NY,,2001.4,1938.2,0.0,1.0,1,2001.4,2001.4,0.0,1938.2,1938.2,Thin,False,History,2022-12-02,2022-12-02
Laredo,TX,,Fort Smith,AR,,766.5,733.6,0.0,1.0,1,766.5,766.5,0.0,733.6,733.6,Thin,False,History,2025-08-15,2025-08-15
Laredo,TX,,Franklin,IN,,1340.6,1283.1,0.0,1.0,1,1340.6,1340.6,0.0,1283.1,1283.1,Thin,False,History,2023-02-28,2023-02-28
Laredo,TX,,Franklin,KY,,1132.8,1097.6,0.0,1.0,1,1132.8,1132.8,0.0,1097.6,1097.6,Thin,False,History,2026-08-07,2026-08-07
Laredo,TX,,Front Royal,VA,,1680.6,1647.8,0.0,1.0,1,1680.6,1680.6,0.0,1647.8,1647.8,Thin,False,History,2022-06-20,2022-06-20
Hanover,PA,,Buda,TX,,1564.0,1955.2,429.9,1.0,1,1564.0,1564.0,0.0,1955.2,1955.2,Thin,False,History,2022-02-15,2022-02-15
Laredo,TX,,Erlanger,KY,,1350.1,1299.7,0,2,2,1349.8,1350.3,0.5,1296.2,1303.1,Thin,False,History,2023-05-19,2026-08-07
Laredo,TX,,Ennis,TX,,408.3,406.4,0.0,1.0,1,408.3,408.3,0.0,406.4,406.4,Thin,False,History,2022-02-23,2022-02-23
Laredo,TX,,Ephrata,PA,,1856.7,1801.6,0.0,1.0,1,1856.7,1856.7,0.0,1801.6,1801.6,Thin,False,History,2022-11-18,2022-11-18
Laredo,TX,,Everson,WA,,2429.3,2290.2,0.0,1.0,1,2429.3,2429.3,0.0,2290.2,2290.2,Thin,False,History,2023-06-20,2023-06-20
Laredo,TX,,Fairfax,VA,,1737.4,1678.8,0.0,1.0,1,1737.4,1737.4,0.0,1678.8,1678.8,Thin,False,History,2022-05-20,2022-05-20
Laredo,TX,,Fairview,OR,,2292.7,2163.5,0.0,1.0,1,2292.7,2292.7,0.0,2163.5,2163.5,Thin,False,History,2022-04-14,2022-04-14
Haltom City,TX,,Arlington,OR,,1888.4,1815.9,0.0,1.0,1,1888.4,1888.4,0.0,1815.9,1815.9,Thin,False,History,2023-01-07,2023-01-07
Hamben,CT,,Carville,LA,,1457.2,1654.4,210.9,1.0,1,1457.2,1457.2,0.0,1654.4,1654.4,Thin,False,History,2025-01-13,2025-01-13
Hamilton,OH,,Houston,TX,,1073.2,1523.0,478.7,1.0,1,1073.2,1073.2,0.0,1523.0,1523.0,Thin,False,History,2020-12-01,2020-12-01
Hampshire,IL,,Marble Falls,TX,,1154.4,1638.0,512.2,1.0,1,1154.4,1154.4,0.0,1638.0,1638.0,Thin,False,History,2025-10-17,2025-10-17
Hampstead,MD,,Dallas,TX,,1365.5,1391.4,34.1,1.0,1,1365.5,1365.5,0.0,1391.4,1391.4,Thin,False,History,2023-01-31,2023-01-31
Hampton,NH,,Laredo,TX,,2228.3,2509.6,353.9,1.0,1,2228.3,2228.3,0.0,2509.6,2509.6,Thin,False,History,2022-12-27,2022-12-27
Hanahan,SC,,Houston,TX,,1112.6,1340.5,287.5,1.0,1,1112.6,1112.6,0.0,1340.5,1340.5,Thin,False,History,2022-11-19,2022-11-19
Hanceville,AL,,Laredo,TX,,1059.6,1154.2,155.1,1.0,1,1059.6,1059.6,0.0,1154.2,1154.2,Thin,False,History,2023-09-05,2023-09-05
Greer,SC,,Londonderry,NH,,968.6,1115.8,215.4,1.0,1,968.6,968.6,0.0,1115.8,1115.8,Thin,False,History,2026-07-23,2026-07-23
Grenada,MS,,Laredo,TX,,905.8,970.0,148.0,1.0,1,905.8,905.8,0.0,970.0,970.0,Thin,False,History,2024-05-24,2024-05-24
Gresham,OR,,Van Buren,MI,,2350.2,2373.5,84.8,1.0,1,2350.2,2350.2,0.0,2373.5,2373.5,Thin,False,History,2025-03-08,2025-03-08
Greybull,WY,,Buda,TX,,1450.9,1593.1,204.4,1.0,1,1450.9,1450.9,0.0,1593.1,1593.1,Thin,False,History,2022-10-03,2022-10-03
Greybull,WY,,Ellijay,GA,,1789.8,1901.5,204.4,1.0,1,1789.8,1789.8,0.0,1901.5,1901.5,Thin,False,History,2022-09-23,2022-09-23
Griffin,GA,,Laredo,TX,,1133.1,1154.9,39.0,1.0,1,1133.1,1133.1,0.0,1154.9,1154.9,Thin,False,History,2022-01-24,2022-01-24
Griffin,GA,,Seguin,TX,,947.4,1176.6,248.4,1.0,1,947.4,947.4,0.0,1176.6,1176.6,Thin,False,History,2021-01-19,2021-01-19
Laredo,TX,,Ham Lake,MN,,1394.6,1363.6,0.0,1.0,1,1394.6,1394.6,0.0,1363.6,1363.6,Thin,False,History,2022-06-08,2022-06-08
Green Forest,AR,,Boling,TX,,652.2,,483.4,1.0,0,652.2,652.2,0.0,,,Thin,False,History,2020-11-07,2020-11-07
Green River,UT,,Fredonia,TX,,1048.9,1508.0,507.5,1.0,1,1048.9,1048.9,0.0,1508.0,1508.0,Thin,False,History,2025-03-04,2025-03-04
Greencastle,PA,,San Antonio,TX,,1582.2,1905.3,374.4,1.0,1,1582.2,1582.2,0.0,1905.3,1905.3,Thin,False,History,2022-06-04,2022-06-04
Greenville,AL,,Grand Prairie,TX,,684.9,1288.9,650.8,1.0,1,684.9,684.9,0.0,1288.9,1288.9,Thin,False,History,2022-06-25,2022-06-25
Greenville,AL,,Laredo,TX,,940.6,1351.8,475.3,1.0,1,940.6,940.6,0.0,1351.8,1351.8,Thin,False,History,2024-07-08,2024-07-08
Greenville,KY,,Feeding Hills,MA,,1017.6,1093.0,110.8,1.0,1,1017.6,1017.6,0.0,1093.0,1093.0,Thin,False,History,2026-05-29,2026-05-29
Greenville,SC,,Missouri City,TX,,957.3,1040.0,97.0,1.0,1,957.3,957.3,0.0,1040.0,1040.0,Thin,False,History,2026-02-24,2026-02-24
Greenwood,FL,,Cross Plains,TX,,939.1,1171.6,253.9,1.0,1,939.1,939.1,0.0,1171.6,1171.6,Thin,False,History,2023-03-27,2023-03-27
Grand Rapids,MI,,Laredo,TX,,1538.2,,120.7,1.0,0,1538.2,1538.2,0.0,,,Thin,False,History,2025-06-27,2025-06-27
Grand Rapids,OH,,Laredo,TX,,1528.9,2148.3,676.0,1.0,1,1528.9,1528.9,0.0,2148.3,2148.3,Thin,False,History,2023-09-05,2023-09-05
Grangeville,ID,,Houston,TX,,2091.9,2193.0,235.6,1.0,1,2091.9,2091.9,0.0,2193.0,2193.0,Thin,False,History,2023-05-09,2023-05-09
Granite City,IL,,Houston,TX,,795.4,1073.6,286.9,1.0,1,795.4,795.4,0.0,1073.6,1073.6,Thin,False,History,2023-02-26,2023-02-26
Grannis,AR,,Laredo,TX,,644.2,856.2,233.6,1.0,1,644.2,644.2,0.0,856.2,856.2,Thin,False,History,2025-10-03,2025-10-03
Grayson,AL,,Laredo,TX,,1101.3,1250.9,244.3,1.0,1,1101.3,1101.3,0.0,1250.9,1250.9,Thin,False,History,2024-05-07,2024-05-07
Greely,CO,,Warren,MI,,1244.3,1282.2,56.6,1.0,1,1244.3,1244.3,0.0,1282.2,1282.2,Thin,False,History,2025-01-13,2025-01-13
Green Bay,WI,,San Antonio,TX,,1386.1,1684.2,338.4,1.0,1,1386.1,1386.1,0.0,1684.2,1684.2,Thin,False,History,2023-10-02,2023-10-02
Laredo,TX,,Greer,SC,,1299.4,1268.4,0.0,1.0,1,1299.4,1299.4,0.0,1268.4,1268.4,Thin,False,History,2026-04-22,2026-04-22
Laredo,TX,,Gresham,OR,,2252.6,2126.1,0.0,1.0,1,2252.6,2252.6,0.0,2126.1,2126.1,Thin,False,History,2023-01-19,2023-01-19
Laredo,TX,,Haines City,FL,,1324.2,1287.4,0.0,1.0,1,1324.2,1324.2,0.0,1287.4,1287.4,Thin,False,History,2023-09-30,2023-09-30
Gramercy,LA,,China Grove,TX,,508.0,708.7,215.6,1.0,1,508.0,508.0,0.0,708.7,708.7,Thin,False,History,2021-05-12,2021-05-12
Grand Junction,CO,,Bonanza,UT,,172.1,152.5,0.0,1.0,1,172.1,172.1,0.0,152.5,152.5,Thin,False,History,2023-12-22,2023-12-22
Grand Prairie,TX,,Corpus Christi,TX,,472.7,,173.7,1.0,0,472.7,472.7,0.0,,,Thin,False,History,2025-06-26,2025-06-26
Grand Prairie,TX,,Laredo,TX,,436.1,433.1,0.0,1.0,1,436.1,436.1,0.0,433.1,433.1,Thin,False,History,2023-06-08,2023-06-08
Grand Rapids,MI,,Houston,TX,,1362.1,1670.3,338.1,1.0,1,1362.1,1362.1,0.0,1670.3,1670.3,Thin,False,History,2025-03-21,2025-03-21
Germantown,WI,,Laredo,TX,,1462.4,1532.0,87.4,1.0,1,1462.4,1462.4,0.0,1532.0,1532.0,Thin,False,History,2026-04-29,2026-04-29
Gibsonia,PA,,San Antonio,TX,,1505.8,1846.5,391.3,1.0,1,1505.8,1505.8,0.0,1846.5,1846.5,Thin,False,History,2022-05-24,2022-05-24
Gilbert,AZ,,Provo,UT,,694.0,773.8,149.7,1.0,1,694.0,694.0,0.0,773.8,773.8,Thin,False,History,2023-01-26,2023-01-26
Gilbertsville,PA,,Laredo,TX,,1891.2,1948.7,136.7,1.0,1,1891.2,1891.2,0.0,1948.7,1948.7,Thin,False,History,2022-02-24,2022-02-24
Gilchrist,OR,,Arlington,TX,,1968.6,1987.6,91.7,1.0,1,1968.6,1968.6,0.0,1987.6,1987.6,Thin,False,History,2022-07-05,2022-07-05
Glassboro,NJ,,San Antonio,TX,,1723.5,1880.1,207.4,1.0,1,1723.5,1723.5,0.0,1880.1,1880.1,Thin,False,History,2022-11-21,2022-11-21
Glendale Heightis,IL,,Diamond Lk Rd,MN,,415.5,436.1,27.7,1.0,1,415.5,415.5,0.0,436.1,436.1,Thin,False,History,2025-03-11,2025-03-11
Glens Falls,NY,,Saint Cloud,MN,,1306.4,1334.0,51.4,1.0,1,1306.4,1306.4,0.0,1334.0,1334.0,Thin,False,History,2025-01-11,2025-01-11
Geneva,IL,,Saint Cloud,MN,,575.7,882.3,316.5,1.0,1,575.7,575.7,0.0,882.3,882.3,Thin,False,History,2025-02-09,2025-02-09
Gentry,AR,,Laredo,TX,,746.5,1159.0,444.0,1.0,1,746.5,746.5,0.0,1159.0,1159.0,Thin,False,History,2024-06-07,2024-06-07
Georgetown,DE,,Waco,TX,,1535.1,1590.0,95.4,1.0,1,1535.1,1535.1,0.0,1590.0,1590.0,Thin,False,History,2023-02-01,2023-02-01
Georgetown,SC,,Laredo,TX,,1472.9,1703.0,260.0,1.0,1,1472.9,1472.9,0.0,1703.0,1703.0,Thin,False,History,2022-02-22,2022-02-22
Georgetown,TX,,Laredo,TX,,267.3,430.2,170.5,1.0,1,267.3,267.3,0.0,430.2,430.2,Thin,False,History,2024-03-09,2024-03-09
Georgetown,TX,,Riverdale,IL,,1117.6,1185.1,106.8,1.0,1,1117.6,1117.6,0.0,1185.1,1185.1,Thin,False,History,2025-01-08,2025-01-08
Georgetown,TX,,Valhalla,NY,,1744.3,1815.0,103.2,1.0,1,1744.3,1744.3,0.0,1815.0,1815.0,Thin,False,History,2023-09-08,2023-09-08
Germantown,IL,,Chillicothe,TX,,719.6,937.6,241.4,1.0,1,719.6,719.6,0.0,937.6,937.6,Thin,False,History,2024-08-31,2024-08-31
Laredo,TX,,Hewitt,TX,,330.6,648.9,328.8,1.0,1,330.6,330.6,0.0,648.9,648.9,Thin,False,History,2023-01-17,2023-01-17
Laredo,TX,,Hialeah,FL,,1528.9,1481.8,0.0,1.0,1,1528.9,1528.9,0.0,1481.8,1481.8,Thin,False,History,2026-08-17,2026-08-17
Laredo,TX,,Hillside,NJ,,1959.9,1918.4,0.0,1.0,1,1959.9,1959.9,0.0,1918.4,1918.4,Thin,False,History,2026-06-02,2026-06-02
Laredo,TX,,Hodgkins,IL,,1345.3,1336.6,0.0,1.0,1,1345.3,1345.3,0.0,1336.6,1336.6,Thin,False,History,2022-06-28,2022-06-28
Laredo,TX,,Holiday City,OH,,1518.7,1452.6,0.0,1.0,1,1518.7,1518.7,0.0,1452.6,1452.6,Thin,False,History,2021-11-19,2021-11-19
Laredo,TX,,Holley,NY,,1856.7,1792.3,0.0,1.0,1,1856.7,1856.7,0.0,1792.3,1792.3,Thin,False,History,2020-08-17,2020-08-17
Gastonia,NC,,Laredo,TX,,1369.5,1369.9,16.8,1.0,1,1369.5,1369.5,0.0,1369.9,1369.9,Thin,False,History,2023-03-29,2023-03-29
Geneva,IL,,Hopkins,MN,,408.3,717.6,316.5,1.0,1,408.3,408.3,0.0,717.6,717.6,Thin,False,History,2025-02-10,2025-02-10
Laredo,TX,,Hagerstown,MD,,1742.1,1681.0,0.0,1.0,1,1742.1,1742.1,0.0,1681.0,1681.0,Thin,False,History,2023-07-10,2023-07-10
Laredo,TX,,Harrisburg,PA,,1988.3,1975.3,0.0,1.0,1,1988.3,1988.3,0.0,1975.3,1975.3,Thin,False,History,2024-05-31,2024-05-31
Laredo,TX,,Harrisonburg,VA,,1625.6,1585.8,0,2,2,1625.6,1625.6,0,1585.8,1585.8,Thin,False,History,2022-10-27,2023-02-03
Laredo,TX,,Harvey,LA,,701.0,690.4,0.0,1.0,1,701.0,701.0,0.0,690.4,690.4,Thin,False,History,2021-05-10,2021-05-10
Laredo,TX,,Hattiesburg,MS,,783.1,,0.0,1.0,0,783.1,783.1,0.0,,,Thin,False,History,2024-09-10,2024-09-10
Laredo,TX,,Heber City,UT,,1478.6,1353.0,0.0,1.0,1,1478.6,1478.6,0.0,1353.0,1353.0,Thin,False,History,2023-02-22,2023-02-22
Laredo,TX,,Hermantown,MN,,1519.4,1492.0,0.0,1.0,1,1519.4,1519.4,0.0,1492.0,1492.0,Thin,False,History,2026-04-10,2026-04-10
Laredo,TX,,Labelle,FL,,1422.7,1388.4,0.0,1.0,1,1422.7,1422.7,0.0,1388.4,1388.4,Thin,False,History,2020-08-06,2020-08-06
Laredo,TX,,Laconia,NH,,2270.1,2191.7,0.0,1.0,1,2270.1,2270.1,0.0,2191.7,2191.7,Thin,False,History,2025-01-08,2025-01-08
Laredo,TX,,Lake Wales,FL,,1345.6,1311.3,0.0,1.0,1,1345.6,1345.6,0.0,1311.3,1311.3,Thin,False,History,2021-08-16,2021-08-16
Laredo,TX,,Lakewood,NJ,,1954.2,1890.3,0.0,1.0,1,1954.2,1954.2,0.0,1890.3,1890.3,Thin,False,History,2022-09-09,2022-09-09
Laredo,TX,,Lamoni,IA,,1046.7,1041.0,0.0,1.0,1,1046.7,1046.7,0.0,1041.0,1041.0,Thin,False,History,2026-05-19,2026-05-19
Laredo,TX,,Lansdowne,PA,,1890.9,1815.1,0.0,1.0,1,1890.9,1890.9,0.0,1815.1,1815.1,Thin,False,History,2026-05-14,2026-05-14
Laredo,TX,,Lavergne,TN,,1107.6,1070.0,0.0,1.0,1,1107.6,1107.6,0.0,1070.0,1070.0,Thin,False,History,2025-11-19,2025-11-19
Laredo,TX,,Layton,UT,,1586.3,1390.4,0.0,1.0,1,1586.3,1586.3,0.0,1390.4,1390.4,Thin,False,History,2024-01-15,2024-01-15
Laredo,TX,,Jessuo,MD,,1781.2,1728.3,0.0,1.0,1,1781.2,1781.2,0.0,1728.3,1728.3,Thin,False,History,2022-08-30,2022-08-30
Laredo,TX,,Johnstown,NY,,2045.4,1980.2,0.0,1.0,1,2045.4,2045.4,0.0,1980.2,1980.2,Thin,False,History,2023-02-18,2023-02-18
Laredo,TX,,Joliet,IL,,1322.6,1309.1,0.0,1.0,1,1322.6,1322.6,0.0,1309.1,1309.1,Thin,False,History,2024-06-19,2024-06-19
Laredo,TX,,Kennewick,WA,,2112.2,1985.8,0.0,1.0,1,2112.2,2112.2,0.0,1985.8,1985.8,Thin,False,History,2023-09-29,2023-09-29
Laredo,TX,,Kingstree,SC,,1431.4,1397.6,0.0,1.0,1,1431.4,1431.4,0.0,1397.6,1397.6,Thin,False,History,2023-04-28,2023-04-28
Laredo,TX,,Kinloch,MO,,1063.5,1054.0,0.0,1.0,1,1063.5,1063.5,0.0,1054.0,1054.0,Thin,False,History,2024-07-10,2024-07-10
Laredo,TX,,Knoxville,TN,,1333.7,1282.2,0.0,1.0,1,1333.7,1333.7,0.0,1282.2,1282.2,Thin,False,History,2024-04-12,2024-04-12
Laredo,TX,,Kyle,TX,,212.9,444.4,213.1,1.0,1,212.9,212.9,0.0,444.4,444.4,Thin,False,History,2023-03-28,2023-03-28
Graham,NC,,Palestine,TX,,1086.9,1740.7,687.2,1.0,1,1086.9,1086.9,0.0,1740.7,1740.7,Thin,False,History,2023-04-29,2023-04-29
Graham,TX,,Laredo,TX,,438.0,554.4,120.0,1.0,1,438.0,438.0,0.0,554.4,554.4,Thin,False,History,2023-06-02,2023-06-02
Laredo,TX,,Hurley,WI,,1594.7,1561.5,0.0,1.0,1,1594.7,1594.7,0.0,1561.5,1561.5,Thin,False,History,2023-12-14,2023-12-14
Laredo,TX,,Hyde Park,MA,,2199.8,2136.4,0.0,1.0,1,2199.8,2199.8,0.0,2136.4,2136.4,Thin,False,History,2023-06-01,2023-06-01
Laredo,TX,,Itasca,IL,,1353.0,1346.7,0.0,1.0,1,1353.0,1353.0,0.0,1346.7,1346.7,Thin,False,History,2022-06-25,2022-06-25
Laredo,TX,,Jackson,TN,,967.2,932.6,0.0,1.0,1,967.2,967.2,0.0,932.6,932.6,Thin,False,History,2023-09-09,2023-09-09
Laredo,TX,,Jacksonville,NC,,1674.3,1597.4,0.0,1.0,1,1674.3,1674.3,0.0,1597.4,1597.4,Thin,False,History,2024-06-12,2024-06-12
Laredo,TX,,Jersey City,NJ,,1970.8,1926.2,0.0,1.0,1,1970.8,1970.8,0.0,1926.2,1926.2,Thin,False,History,2021-01-19,2021-01-19
Gloster,MS,,Converse,TX,,513.6,745.4,243.1,1.0,1,513.6,513.6,0.0,745.4,745.4,Thin,False,History,2025-01-16,2025-01-16
Gloster,MS,,Laredo,TX,,675.2,764.0,134.9,1.0,1,675.2,675.2,0.0,764.0,764.0,Thin,False,History,2024-10-07,2024-10-07
Gloster,MS,,Pharr,TX,,668.1,938.0,272.8,1.0,1,668.1,668.1,0.0,938.0,938.0,Thin,False,History,2025-04-10,2025-04-10
Gloucester City,NJ,,Mankato,MN,,1199.0,1189.3,18.6,1.0,1,1199.0,1199.0,0.0,1189.3,1189.3,Thin,False,History,2025-01-29,2025-01-29
Gloucester,NJ,,Cleburne,TX,,1523.6,1568.2,73.2,1.0,1,1523.6,1523.6,0.0,1568.2,1568.2,Thin,False,History,2022-10-29,2022-10-29
Goodyear,AZ,,College Station,TX,,1125.9,1110.6,32.4,1.0,1,1125.9,1125.9,0.0,1110.6,1110.6,Thin,False,History,2024-03-29,2024-03-29
Goodyear,AZ,,Mckinney,TX,,1103.6,1069.5,32.4,1.0,1,1103.6,1103.6,0.0,1069.5,1069.5,Thin,False,History,2024-02-16,2024-02-16
Goose Creek,SC,,Mesquite,TX,,1088.1,1285.4,236.4,1.0,1,1088.1,1088.1,0.0,1285.4,1285.4,Thin,False,History,2023-04-03,2023-04-03
Garden City,GA,,Cassopolis,MI,,933.6,1013.3,141.1,1.0,1,933.6,933.6,0.0,1013.3,1013.3,Thin,False,History,2025-06-30,2025-06-30
Garden City,KS,,Laredo,TX,,826.7,,315.1,1.0,0,826.7,826.7,0.0,,,Thin,False,History,2020-11-21,2020-11-21
Garland,TX,,Laredo,TX,,447.3,461.8,27.0,1.0,1,447.3,447.3,0.0,461.8,461.8,Thin,False,History,2022-11-10,2022-11-10
Garner,NC,,New Braunfels,TX,,1384.0,1558.7,237.1,1.0,1,1384.0,1384.0,0.0,1558.7,1558.7,Thin,False,History,2025-01-29,2025-01-29
Gastonia,NC,,Columbus,OH,,441.1,453.7,17.5,1.0,1,441.1,441.1,0.0,453.7,453.7,Thin,False,History,2025-11-11,2025-11-11
Laredo,TX,,Livingstone,TX,,419.1,,0.0,1.0,0,419.1,419.1,0.0,,,Thin,False,History,2023-08-16,2023-08-16
Laredo,TX,,Long Island,NY,,1994.3,1917.8,0.0,1.0,1,1994.3,1994.3,0.0,1917.8,1917.8,Thin,False,History,2023-10-19,2023-10-19
Laredo,TX,,Louisville,MS,,883.9,831.5,0.0,1.0,1,883.9,883.9,0.0,831.5,831.5,Thin,False,History,2023-12-03,2023-12-03
Friendship,NY,,Conroe,TX,,1763.8,2284.9,572.1,1.0,1,1763.8,1763.8,0.0,2284.9,2284.9,Thin,False,History,2022-07-18,2022-07-18
Frostproof,FL,,Chambersburg,PA,,996.9,1054.3,66.8,1.0,1,996.9,996.9,0.0,1054.3,1054.3,Thin,False,History,2024-01-19,2024-01-19
Frostproof,FL,,Houston,TX,,1019.4,1034.6,28.3,1.0,1,1019.4,1019.4,0.0,1034.6,1034.6,Thin,False,History,2022-06-14,2022-06-14
Ft Laudarle,FL,,Laredo,TX,,1503.0,,36.4,1.0,0,1503.0,1503.0,0.0,,,Thin,False,History,2021-09-21,2021-09-21
Fort Pierce,FL,,San Antonio,TX,,1293.4,1534.7,244.2,1.0,1,1293.4,1293.4,0.0,1534.7,1534.7,Thin,False,History,2021-04-20,2021-04-20
Gainesville,GA,,San Antonio,TX,,1046.0,1222.2,189.2,1.0,1,1046.0,1046.0,0.0,1222.2,1222.2,Thin,False,History,2025-05-14,2025-05-14
Gainesville,GA,,Weston,OR,,2445.1,2444.6,65.6,1.0,1,2445.1,2445.1,0.0,2444.6,2444.6,Thin,False,History,2022-12-03,2022-12-03
Galveston,TX,,Laredo,TX,,410.3,425.0,70.6,1.0,1,410.3,410.3,0.0,425.0,425.0,Thin,False,History,2023-06-02,2023-06-02
Franklin,OH,,Queretaro,QR,,1970.8,,0.0,1.0,0,1970.8,1970.8,0.0,,,Thin,False,History,2025-04-08,2025-04-08
Franklinton,NC,,Laredo,TX,,1552.6,1924.2,406.5,1.0,1,1552.6,1552.6,0.0,1924.2,1924.2,Thin,False,History,2022-12-01,2022-12-01
Fredericksbrg,PA,,Fort Worth,TX,,1390.8,1924.2,540.7,1.0,1,1390.8,1390.8,0.0,1924.2,1924.2,Thin,False,History,2023-03-27,2023-03-27
Fredericksburg,VA,,Austin,TX,,1475.4,2004.5,585.3,1.0,1,1475.4,1475.4,0.0,2004.5,2004.5,Thin,False,History,2024-03-26,2024-03-26
Fredericksburg,VA,,Laredo,TX,,1704.3,1979.2,346.1,1.0,1,1704.3,1704.3,0.0,1979.2,1979.2,Thin,False,History,2024-05-24,2024-05-24
Fredericksburg,VA,,Sulphur Springs,TX,,1197.4,1306.2,115.0,1.0,1,1197.4,1197.4,0.0,1306.2,1306.2,Thin,False,History,2023-02-20,2023-02-20
Fresno,CA,,Dallas,TX,,1553.0,2158.4,624.7,1.0,1,1553.0,1553.0,0.0,2158.4,2158.4,Thin,False,History,2023-12-23,2023-12-23
Fresno,CA,,Pharr,TX,,1804.9,2079.6,348.9,1.0,1,1804.9,1804.9,0.0,2079.6,2079.6,Thin,False,History,2024-09-23,2024-09-23
Laredo,TX,,Lenora,KS,,1039.6,926.3,0.0,1.0,1,1039.6,1039.6,0.0,926.3,926.3,Thin,False,History,2024-02-12,2024-02-12
Laredo,TX,,Lewisville,TX,,451.3,450.1,0.0,1.0,1,451.3,451.3,0.0,450.1,450.1,Thin,False,History,2022-04-13,2022-04-13
Laredo,TX,,Lexington,NC,,1439.7,1418.9,0.0,1.0,1,1439.7,1439.7,0.0,1418.9,1418.9,Thin,False,History,2023-01-03,2023-01-03
Laredo,TX,,Lima,OH,,1814.4,1733.2,0.0,1.0,1,1814.4,1814.4,0.0,1733.2,1733.2,Thin,False,History,2022-10-07,2022-10-07
Laredo,TX,,Lincoln,NE,,1052.7,1032.8,0.0,1.0,1,1052.7,1052.7,0.0,1032.8,1032.8,Thin,False,History,2024-09-27,2024-09-27
Laredo,TX,,Lindon,UT,,1580.7,1537.7,0.0,1.0,1,1580.7,1580.7,0.0,1537.7,1537.7,Thin,False,History,2023-02-24,2023-02-24
Franklin,MA,,Laredo,TX,,2178.0,2158.2,38.0,1.0,1,2178.0,2178.0,0.0,2158.2,2158.2,Thin,False,History,2023-09-22,2023-09-22
Franklin,OH,,Fort Worth,TX,,1009.0,1042.5,54.3,1.0,1,1009.0,1009.0,0.0,1042.5,1042.5,Thin,False,History,2025-11-03,2025-11-03
Fort Wayne,IN,,Houston,TX,,1143.0,1517.6,415.0,1.0,1,1143.0,1143.0,0.0,1517.6,1517.6,Thin,False,History,2025-09-17,2025-09-17
Fort Wayne,IN,,Mankato,MN,,599.1,708.5,133.9,1.0,1,599.1,599.1,0.0,708.5,708.5,Thin,False,History,2025-02-01,2025-02-01
Fort Wayne,IN,,Pharr,TX,,1494.5,1756.4,286.5,1.0,1,1494.5,1494.5,0.0,1756.4,1756.4,Thin,False,History,2025-04-04,2025-04-04
Fort Worth,TX,,Pearsall,TX,,340.0,456.9,133.9,1.0,1,340.0,340.0,0.0,456.9,456.9,Thin,False,History,2023-07-27,2023-07-27
Fort Worth,TX,,Taylor,TX,,165.9,455.7,296.4,1.0,1,165.9,165.9,0.0,455.7,455.7,Thin,False,History,2023-08-12,2023-08-12
Franklin Park,IL,,Fort Worth,TX,,927.4,1145.5,239.4,2,2,895.3,959.4,64.1,1079,1212,Thin,False,History,2022-08-20,2023-04-10
Fontana,CA,,Lafayette,CO,,980.1,995.6,15.6,1.0,1,980.1,980.1,0.0,995.6,995.6,Thin,False,History,2025-04-14,2025-04-14
Forked Riveer,NJ,,Laredo,TX,,1947.8,1971.2,89.7,1.0,1,1947.8,1947.8,0.0,1971.2,1971.2,Thin,False,History,2022-01-18,2022-01-18
Fort Collins,CO,,Green Bay,WI,,1107.9,1140.7,71.9,1.0,1,1107.9,1107.9,0.0,1140.7,1140.7,Thin,False,History,2026-06-03,2026-06-03
Fort Madison,IA,,Memphis,TN,,480.6,579.8,108.3,1.0,1,480.6,480.6,0.0,579.8,579.8,Thin,False,History,2026-04-24,2026-04-24
Fort Payne,AL,,Houston,TX,,778.5,890.3,150.0,1.0,1,778.5,778.5,0.0,890.3,890.3,Thin,False,History,2022-09-19,2022-09-19
Fort Pierce,FL,,Forest Park,GA,,562.2,688.0,127.7,1.0,1,562.2,562.2,0.0,688.0,688.0,Thin,False,History,2026-08-21,2026-08-21
Fort Smith,AR,,Nuevo Laredo,TA,,726.2,996.9,281.8,1.0,1,726.2,726.2,0.0,996.9,996.9,Thin,False,History,2023-06-05,2023-06-05
Laredo,TX,,Massapequea,NY,,2027.3,1957.6,0.0,1.0,1,2027.3,2027.3,0.0,1957.6,1957.6,Thin,False,History,2023-03-16,2023-03-16
Laredo,TX,,Mccarran,NV,,1867.7,1722.4,0.0,1.0,1,1867.7,1867.7,0.0,1722.4,1722.4,Thin,False,History,2025-05-29,2025-05-29
Flemington,NJ,,Tyler,TX,,1474.2,1539.9,101.4,1.0,1,1474.2,1474.2,0.0,1539.9,1539.9,Thin,False,History,2024-07-27,2024-07-27
Florence,KY,,Austin,TX,,1127.0,1384.7,315.6,1.0,1,1127.0,1127.0,0.0,1384.7,1384.7,Thin,False,History,2022-07-12,2022-07-12
Florence,SC,,Laredo,TX,,1422.7,1524.0,115.2,1.0,1,1422.7,1422.7,0.0,1524.0,1524.0,Thin,False,History,2023-01-06,2023-01-06
Florien,LA,,Laredo,TX,,558.1,691.3,185.4,1.0,1,558.1,558.1,0.0,691.3,691.3,Thin,False,History,2024-12-30,2024-12-30
Flowery Branch,GA,,Dallas,TX,,834.3,,707.1,1.0,0,834.3,834.3,0.0,,,Thin,False,History,2021-10-19,2021-10-19
Fontana,CA,,Dallas,TX,,1392.3,2148.8,833.2,1.0,1,1392.3,1392.3,0.0,2148.8,2148.8,Thin,False,History,2025-08-12,2025-08-12
Laredo,TX,,Loveland,CO,,1163.2,1078.8,0.0,1.0,1,1163.2,1163.2,0.0,1078.8,1078.8,Thin,False,History,2023-11-07,2023-11-07
Laredo,TX,,Luxemburg,WI,,1570.4,1544.2,0.0,1.0,1,1570.4,1570.4,0.0,1544.2,1544.2,Thin,False,History,2022-12-06,2022-12-06
Laredo,TX,,Lynchburg,VA,,1578.4,1529.2,0.0,1.0,1,1578.4,1578.4,0.0,1529.2,1529.2,Thin,False,History,2023-05-26,2023-05-26
Laredo,TX,,Madisonville,TX,,367.1,700.5,367.3,1.0,1,367.1,367.1,0.0,700.5,700.5,Thin,False,History,2022-02-14,2022-02-14
Laredo,TX,,Manchester,CT,,2103.3,2060.2,0.0,1.0,1,2103.3,2103.3,0.0,2060.2,2060.2,Thin,False,History,2023-06-27,2023-06-27
Laredo,TX,,Maquoketa,IA,,1322.2,1280.4,0.0,1.0,1,1322.2,1322.2,0.0,1280.4,1280.4,Thin,False,History,2022-06-07,2022-06-07
Laredo,TX,,Marked Tree,AR,,901.1,857.3,0.0,1.0,1,901.1,901.1,0.0,857.3,857.3,Thin,False,History,2022-08-18,2022-08-18
Laredo,TX,,Maryland,MD,,1776.3,1718.8,0.0,1.0,1,1776.3,1776.3,0.0,1718.8,1718.8,Thin,False,History,2023-02-08,2023-02-08
Fall River,MA,,Logansport,IN,,910.0,923.5,32.0,1.0,1,910.0,910.0,0.0,923.5,923.5,Thin,False,History,2026-04-17,2026-04-17
Fall River,MA,,Morris,IL,,1011.9,1031.3,32.0,1.0,1,1011.9,1011.9,0.0,1031.3,1031.3,Thin,False,History,2025-12-31,2025-12-31
Fall River,MA,,San Antonio,TX,,2023.4,2132.2,154.7,1.0,1,2023.4,2023.4,0.0,2132.2,2132.2,Thin,False,History,2025-09-30,2025-09-30
Farmerville,LA,,Laredo,TX,,651.1,876.9,277.1,1.0,1,651.1,651.1,0.0,876.9,876.9,Thin,False,History,2024-02-01,2024-02-01
Farmingdale,NJ,,Lancaster,TX,,1546.3,1624.6,102.2,1.0,1,1546.3,1546.3,0.0,1624.6,1624.6,Thin,False,History,2023-07-29,2023-07-29
Farmington,CT,,Laredo,TX,,2083.4,2032.1,14.4,1.0,1,2083.4,2083.4,0.0,2032.1,2032.1,Thin,False,History,2024-01-19,2024-01-19
Farmington,NM,,Laredo,TX,,1061.4,1333.7,373.7,1.0,1,1061.4,1061.4,0.0,1333.7,1333.7,Thin,False,History,2024-04-05,2024-04-05
Farmville,VA,,Dallas,TX,,1212.7,1255.6,49.5,1.0,1,1212.7,1212.7,0.0,1255.6,1255.6,Thin,False,History,2023-05-30,2023-05-30
Evansville,IN,,Mcallen,TX,,1246.4,1419.5,240.8,1.0,1,1246.4,1246.4,0.0,1419.5,1419.5,Thin,False,History,2020-07-14,2020-07-14
Everett,WA,,San Marcos,TX,,2235.5,2397.8,238.7,1.0,1,2235.5,2235.5,0.0,2397.8,2397.8,Thin,False,History,2023-06-28,2023-06-28
Everett,WA,,Temple,TX,,2276.0,2162.8,19.6,1.0,1,2276.0,2276.0,0.0,2162.8,2162.8,Thin,False,History,2023-03-03,2023-03-03
Fairfield,NJ,,Midland,TX,,1877.4,1965.9,131.8,1.0,1,1877.4,1877.4,0.0,1965.9,1965.9,Thin,False,History,2022-08-18,2022-08-18
Fairfield,OH,,Harrisonville,MO,,596.2,732.5,138.4,1.0,1,596.2,596.2,0.0,732.5,732.5,Thin,False,History,2024-12-02,2024-12-02
Fairmont,MN,,Laredo,TX,,1331.6,1358.0,89.8,1.0,1,1331.6,1331.6,0.0,1358.0,1358.0,Thin,False,History,2023-11-13,2023-11-13
Fairview,OR,,Oklahoma City,OK,,1901.2,1932.0,116.2,1.0,1,1901.2,1901.2,0.0,1932.0,1932.0,Thin,False,History,2026-05-09,2026-05-09
Faison,NC,,Hermitage,AR,,945.6,1112.8,197.7,1.0,1,945.6,945.6,0.0,1112.8,1112.8,Thin,False,History,2023-06-03,2023-06-03
Laredo,TX,,Mona,UT,,1478.2,1351.6,0.0,1.0,1,1478.2,1478.2,0.0,1351.6,1351.6,Thin,False,History,2023-05-01,2023-05-01
Laredo,TX,,Montpelier,OH,,1506.6,1457.7,0,2,2,1506.6,1506.6,0,1457.1,1458.3,Thin,False,History,2026-04-24,2026-07-17
Laredo,TX,,Monterrey,N.,,131.4,,0.0,1.0,0,131.4,131.4,0.0,,,Thin,False,History,2025-06-16,2025-06-16
Laredo,TX,,Montgomery,AL,,1058.0,1047.0,0.0,1.0,1,1058.0,1058.0,0.0,1047.0,1047.0,Thin,False,History,2023-06-17,2023-06-17
Laredo,TX,,Montross,VA,,1738.1,1691.7,0.0,1.0,1,1738.1,1738.1,0.0,1691.7,1691.7,Thin,False,History,2023-05-15,2023-05-15
Europa,MS,,Laredo,TX,,911.0,1267.5,450.5,1.0,1,911.0,911.0,0.0,1267.5,1267.5,Thin,False,History,2025-01-22,2025-01-22
Evans,GA,,Laredo,TX,,1275.7,1374.9,135.8,1.0,1,1275.7,1275.7,0.0,1374.9,1374.9,Thin,False,History,2025-08-11,2025-08-11
Franklin Park,IL,,San Antonio,TX,,1199.5,1394.2,211.9,1.0,1,1199.5,1199.5,0.0,1394.2,1394.2,Thin,False,History,2022-11-01,2022-11-01
Laredo,TX,,Mckinney,TX,,472.0,469.5,0.0,1.0,1,472.0,472.0,0.0,469.5,469.5,Thin,False,History,2022-04-28,2022-04-28
Laredo,TX,,Memphis,TN,,894.2,859.2,0.0,1.0,1,894.2,894.2,0.0,859.2,859.2,Thin,False,History,2024-03-13,2024-03-13
Laredo,TX,,Mendota,IL,,1302.4,1287.2,0.0,1.0,1,1302.4,1302.4,0.0,1287.2,1287.2,Thin,False,History,2026-01-06,2026-01-06
Laredo,TX,,Mesa,AZ,,1118.4,982.3,0.0,1.0,1,1118.4,1118.4,0.0,982.3,982.3,Thin,False,History,2025-07-09,2025-07-09
Laredo,TX,,Mid City North Baton Rouge,LA,,623.3,595.6,0.0,1.0,1,623.3,623.3,0.0,595.6,595.6,Thin,False,History,2023-02-09,2023-02-09
Laredo,TX,,Mills River,NC,,1331.7,1299.2,0.0,1.0,1,1331.7,1331.7,0.0,1299.2,1299.2,Thin,False,History,2024-12-03,2024-12-03
Laredo,TX,,Minot,ND,,1754.1,1599.3,0.0,1.0,1,1754.1,1754.1,0.0,1599.3,1599.3,Thin,False,History,2022-05-27,2022-05-27
Laredo,TX,,Newburgh,NY,,2015.0,1966.1,0.0,1.0,1,2015.0,2015.0,0.0,1966.1,1966.1,Thin,False,History,2022-12-13,2022-12-13
Laredo,TX,,Newport,OR,,2446.5,2191.4,0.0,1.0,1,2446.5,2446.5,0.0,2191.4,2191.4,Thin,False,History,2022-10-06,2022-10-06
Laredo,TX,,Nj,NJ,,2485.0,2394.6,0.0,1.0,1,2485.0,2485.0,0.0,2394.6,2394.6,Thin,False,History,2025-03-13,2025-03-13
Laredo,TX,,North Charleston,SC,,1444.5,1385.1,0.0,1.0,1,1444.5,1444.5,0.0,1385.1,1385.1,Thin,False,History,2022-11-02,2022-11-02
Laredo,TX,,North Kingstown,RI,,2145.4,2088.6,0.0,1.0,1,2145.4,2145.4,0.0,2088.6,2088.6,Thin,False,History,2026-07-03,2026-07-03
Laredo,TX,,Northbrook,IL,,1377.4,1360.8,0.0,1.0,1,1377.4,1377.4,0.0,1360.8,1360.8,Thin,False,History,2026-04-24,2026-04-24
Laredo,TX,,Okeechobee,FL,,1403.6,,0.0,1.0,0,1403.6,1403.6,0.0,,,Thin,False,History,2025-06-30,2025-06-30
Laredo,TX,,Olive Branch,MS,,1019.5,983.6,0.0,1.0,1,1019.5,1019.5,0.0,983.6,983.6,Thin,False,History,2023-09-18,2023-09-18
Laredo,TX,,Mount Holly,NJ,,1911.4,1856.0,0.0,1.0,1,1911.4,1911.4,0.0,1856.0,1856.0,Thin,False,History,2023-05-27,2023-05-27
Laredo,TX,,Mountainside,NJ,,1953.5,1902.8,0.0,1.0,1,1953.5,1953.5,0.0,1902.8,1902.8,Thin,False,History,2025-01-23,2025-01-23
Laredo,TX,,Mullins,SC,,1452.3,1427.7,0.0,1.0,1,1452.3,1452.3,0.0,1427.7,1427.7,Thin,False,History,2020-09-02,2020-09-02
Laredo,TX,,Muskegon,MI,,1543.7,1491.3,0.0,1.0,1,1543.7,1543.7,0.0,1491.3,1491.3,Thin,False,History,2022-12-13,2022-12-13
Laredo,TX,,New Berlin,NY,,2037.2,1943.2,0.0,1.0,1,2037.2,2037.2,0.0,1943.2,1943.2,Thin,False,History,2023-08-21,2023-08-21
Laredo,TX,,New Boston,MI,,1593.5,1536.1,0.0,1.0,1,1593.5,1593.5,0.0,1536.1,1536.1,Thin,False,History,2024-02-03,2024-02-03
Laredo,TX,,New Castle,DE,,1859.5,1794.3,0.0,1.0,1,1859.5,1859.5,0.0,1794.3,1794.3,Thin,False,History,2026-04-17,2026-04-17
Laredo,TX,,New London,WI,,1516.1,1514.9,9.8,1.0,1,1516.1,1516.1,0.0,1514.9,1514.9,Thin,False,History,2025-01-14,2025-01-14
Flemington,NJ,,Denton,TX,,1526.5,1580.3,74.3,1.0,1,1526.5,1526.5,0.0,1580.3,1580.3,Thin,False,History,2023-05-02,2023-05-02
Laredo,TX,,Moosic,PA,,1918.2,1852.6,0.0,1.0,1,1918.2,1918.2,0.0,1852.6,1852.6,Thin,False,History,2022-02-05,2022-02-05
Laredo,TX,,Moraine,OH,,1406.9,1359.8,0.0,1.0,1,1406.9,1406.9,0.0,1359.8,1359.8,Thin,False,History,2026-07-24,2026-07-24
Laredo,TX,,Morehead,KY,,1364.8,1319.0,0.0,1.0,1,1364.8,1364.8,0.0,1319.0,1319.0,Thin,False,History,2026-08-15,2026-08-15
Laredo,TX,,Morganton,NC,,1964.1,1897.3,0.0,1.0,1,1964.1,1964.1,0.0,1897.3,1897.3,Thin,False,History,2023-07-10,2023-07-10
Laredo,TX,,Morrisville,NC,,1536.4,1502.1,0.0,1.0,1,1536.4,1536.4,0.0,1502.1,1502.1,Thin,False,History,2026-08-25,2026-08-25
Laredo,TX,,Mossville,IL,,1261.1,1249.9,0.0,1.0,1,1261.1,1261.1,0.0,1249.9,1249.9,Thin,False,History,2026-07-31,2026-07-31
Laredo,TX,,Mount Holly,NC,,1376.1,1340.0,0.0,1.0,1,1376.1,1376.1,0.0,1340.0,1340.0,Thin,False,History,2022-10-09,2022-10-09
Fayetteville,AR,,Houston,TX,,559.8,,115.1,1.0,0,559.8,559.8,0.0,,,Thin,False,History,2021-04-30,2021-04-30
Ferndale,WA,,Garland,TX,,2217.7,2201.6,69.7,1.0,1,2217.7,2217.7,0.0,2201.6,2201.6,Thin,False,History,2022-10-31,2022-10-31
Fitchburg,MA,,Dallas,TX,,1746.9,1814.8,95.2,1.0,1,1746.9,1746.9,0.0,1814.8,1814.8,Thin,False,History,2023-03-21,2023-03-21
Fitzgerald,GA,,Irving,TX,,887.1,1008.1,152.9,1.0,1,887.1,887.1,0.0,1008.1,1008.1,Thin,False,History,2022-11-15,2022-11-15
Fitzgerald,GA,,Laredo,TX,,1169.1,1198.0,60.6,1.0,1,1169.1,1169.1,0.0,1198.0,1198.0,Thin,False,History,2021-02-02,2021-02-02
Flagstaff,AZ,,Laredo,TX,,1178.3,1279.8,209.6,1.0,1,1178.3,1178.3,0.0,1279.8,1279.8,Thin,False,History,2021-03-19,2021-03-19
Flanders,NJ,,Laredo,TX,,1952.2,1997.7,101.0,1.0,1,1952.2,1952.2,0.0,1997.7,1997.7,Thin,False,History,2026-06-30,2026-06-30
Flat Rock,MI,,Laredo,TX,,1593.4,1701.2,165.3,1.0,1,1593.4,1593.4,0.0,1701.2,1701.2,Thin,False,History,2025-03-07,2025-03-07
Ennis,TX,,San Antonio,TX,,265.4,450.4,191.2,1.0,1,265.4,265.4,0.0,450.4,450.4,Thin,False,History,2025-08-19,2025-08-19
Ephrata,PA,,Hillsboro,TX,,1484.4,1944.6,484.7,1.0,1,1484.4,1484.4,0.0,1944.6,1944.6,Thin,False,History,2026-07-17,2026-07-17
Ephrata,PA,,Round Rock,TX,,1605.2,2004.6,449.9,1.0,1,1605.2,1605.2,0.0,2004.6,2004.6,Thin,False,History,2024-07-09,2024-07-09
Erial,NJ,,Beeville,TX,,1731.3,2003.6,308.7,1.0,1,1731.3,1731.3,0.0,2003.6,2003.6,Thin,False,History,2023-12-07,2023-12-07
Erie,PA,,Palestine,TX,,1276.3,1704.8,461.1,1.0,1,1276.3,1276.3,0.0,1704.8,1704.8,Thin,False,History,2023-07-12,2023-07-12
Erwin,TN,,South Windsor,CT,,758.1,1030.1,292.8,1.0,1,758.1,758.1,0.0,1030.1,1030.1,Thin,False,History,2026-06-12,2026-06-12
Essex,MD,,Laredo,TX,,1801.6,1837.0,91.9,1.0,1,1801.6,1801.6,0.0,1837.0,1837.0,Thin,False,History,2026-06-08,2026-06-08
Eugene,OR,,Boerne,TX,,2178.8,2325.9,297.6,1.0,1,2178.8,2178.8,0.0,2325.9,2325.9,Thin,False,History,2025-07-14,2025-07-14
Eloy,AZ,,Gilmer,TX,,1124.1,1535.2,457.5,1.0,1,1124.1,1124.1,0.0,1535.2,1535.2,Thin,False,History,2024-10-09,2024-10-09
Elwood,IL,,Tewksbury,MA,,1016.8,1017.4,43.8,1.0,1,1016.8,1016.8,0.0,1017.4,1017.4,Thin,False,History,2026-05-19,2026-05-19
Elwood,KS,,Carneys Point,NJ,,1139.6,1205.1,99.0,1.0,1,1139.6,1139.6,0.0,1205.1,1205.1,Thin,False,History,2026-05-22,2026-05-22
Elyria,OH,,Waterloo,IA,,604.3,653.9,80.4,1.0,1,604.3,604.3,0.0,653.9,653.9,Thin,False,History,2025-03-21,2025-03-21
Encino,NM,,Bulverde,TX,,648.1,1465.2,880.1,1.0,1,648.1,648.1,0.0,1465.2,1465.2,Thin,False,History,2026-03-04,2026-03-04
Endicott,NY,,Hempstead,TX,,1697.9,1857.4,236.6,1.0,1,1697.9,1697.9,0.0,1857.4,1857.4,Thin,False,History,2023-08-02,2023-08-02
Ennis,TX,,Carrizo Springs,TX,,373.8,513.0,157.0,1.0,1,373.8,373.8,0.0,513.0,513.0,Thin,False,History,2024-04-19,2024-04-19
Ennis,TX,,Laredo,TX,,407.2,501.4,97.0,1.0,1,407.2,407.2,0.0,501.4,501.4,Thin,False,History,2023-01-23,2023-01-23
Elkridge,MD,,Frisco,TX,,1360.4,1960.6,624.8,1.0,1,1360.4,1360.4,0.0,1960.6,1960.6,Thin,False,History,2026-07-08,2026-07-08
Elkton,FL,,Houston,TX,,923.2,1026.5,115.9,1.0,1,923.2,923.2,0.0,1026.5,1026.5,Thin,False,History,2024-01-20,2024-01-20
Elkton,FL,,Plano,TX,,1079.4,1352.6,311.8,1.0,1,1079.4,1079.4,0.0,1352.6,1352.6,Thin,False,History,2023-01-17,2023-01-17
Elkton,MD,,Hinton,VA,,224.6,216.2,0.0,1.0,1,224.6,224.6,0.0,216.2,216.2,Thin,False,History,2024-10-31,2024-10-31
Elkton,MD,,Houston,TX,,1502.8,1985.9,539.8,1.0,1,1502.8,1502.8,0.0,1985.9,1985.9,Thin,False,History,2024-10-08,2024-10-08
Ellabell,GA,,Laredo,TX,,1291.7,1397.4,143.2,1.0,1,1291.7,1291.7,0.0,1397.4,1397.4,Thin,False,History,2023-02-20,2023-02-20
Ellijay,GA,,Laredo,TX,,1220.8,1477.9,286.7,1.0,1,1220.8,1220.8,0.0,1477.9,1477.9,Thin,False,History,2024-05-08,2024-05-08
Elmira,NY,,Delta,OH,,436.6,634.0,228.4,1.0,1,436.6,436.6,0.0,634.0,634.0,Thin,False,History,2026-05-01,2026-05-01
Laredo,TX,,Olney,IL,,1191.0,1145.1,0.0,1.0,1,1191.0,1191.0,0.0,1145.1,1145.1,Thin,False,History,2024-08-26,2024-08-26
Laredo,TX,,Oneonta,AL,,1048.7,1002.0,0.0,1.0,1,1048.7,1048.7,0.0,1002.0,1002.0,Thin,False,History,2025-07-18,2025-07-18
Laredo,TX,,Opelika,AL,,1040.9,1015.5,0.0,1.0,1,1040.9,1040.9,0.0,1015.5,1015.5,Thin,False,History,2024-04-24,2024-04-24
Laredo,TX,,Orange,VA,,2045.7,1973.9,0.0,1.0,1,2045.7,2045.7,0.0,1973.9,1973.9,Thin,False,History,2025-05-07,2025-05-07
Laredo,TX,,Orrtanna,PA,,1777.7,1716.1,0.0,1.0,1,1777.7,1777.7,0.0,1716.1,1716.1,Thin,False,History,2023-03-23,2023-03-23
Laredo,TX,,Orting,WA,,2347.1,2207.0,0.0,1.0,1,2347.1,2347.1,0.0,2207.0,2207.0,Thin,False,History,2023-03-15,2023-03-15
Elkhart,IN,,San Antonio,TX,,1317.0,1559.4,291.6,1.0,1,1317.0,1317.0,0.0,1559.4,1559.4,Thin,False,History,2025-03-18,2025-03-18
Elkhart,TX,,Laredo,TX,,420.3,566.3,154.6,1.0,1,420.3,420.3,0.0,566.3,566.3,Thin,False,History,2024-04-17,2024-04-17
Egg Harbor City,NJ,,Laredo,TX,,1970.0,2075.1,161.6,1.0,1,1970.0,1970.0,0.0,2075.1,2075.1,Thin,False,History,2023-08-28,2023-08-28
Eighty Four,PA,,Laredo,TX,,1629.5,1879.4,307.2,1.0,1,1629.5,1629.5,0.0,1879.4,1879.4,Thin,False,History,2023-06-29,2023-06-29
El Dorado,AR,,Laredo,TX,,653.5,958.6,346.8,1.0,1,653.5,653.5,0.0,958.6,958.6,Thin,False,History,2022-09-27,2022-09-27
El Paso,TX,,Denison,TX,,693.0,673.5,11.5,1.0,1,693.0,693.0,0.0,673.5,673.5,Thin,False,History,2025-12-13,2025-12-13
El Paso,TX,,Farmers Branch,TX,,646.4,629.3,3.2,1.0,1,646.4,646.4,0.0,629.3,629.3,Thin,False,History,2025-01-31,2025-01-31
El Paso,TX,,North Salt Lake City,UT,,862.5,861.9,0.0,1.0,1,862.5,862.5,0.0,861.9,861.9,Thin,False,History,2023-02-24,2023-02-24
El Paso,TX,,San Antonio,TX,,537.5,561.4,34.3,1.0,1,537.5,537.5,0.0,561.4,561.4,Thin,False,History,2022-06-20,2022-06-20
Elizabeth,NJ,,San Antonio,TX,,1805.4,2045.9,304.1,1.0,1,1805.4,1805.4,0.0,2045.9,2045.9,Thin,False,History,2021-05-22,2021-05-22
Laredo,TX,,Port Isabel,TX,,241.0,500.0,221.4,1.0,1,241.0,241.0,0.0,500.0,500.0,Thin,False,History,2025-05-02,2025-05-02
Laredo,TX,,Portsmouth,RI,,2160.8,2098.5,0.0,1.0,1,2160.8,2160.8,0.0,2098.5,2098.5,Thin,False,History,2022-05-26,2022-05-26
Edison,NJ,,La Porte,TX,,1596.4,1974.4,451.6,1.0,1,1596.4,1596.4,0.0,1974.4,1974.4,Thin,False,History,2026-05-19,2026-05-19
Edison,NJ,,New Braunfels,TX,,1774.4,1946.9,235.9,1.0,1,1774.4,1774.4,0.0,1946.9,1946.9,Thin,False,History,2022-12-19,2022-12-19
Edison,NJ,,Palestine,TX,,1528.3,1846.3,350.1,1.0,1,1528.3,1528.3,0.0,1846.3,1846.3,Thin,False,History,2022-10-26,2022-10-26
Edison,NJ,,Schertz,TX,,1819.4,1926.3,172.9,1.0,1,1819.4,1819.4,0.0,1926.3,1926.3,Thin,False,History,2025-03-20,2025-03-20
Edison,NJ,,Troy,MI,,628.3,700.0,84.2,1.0,1,628.3,628.3,0.0,700.0,700.0,Thin,False,History,2025-01-20,2025-01-20
Effingham,SC,,Phoenix,IL,,874.8,938.1,117.8,1.0,1,874.8,874.8,0.0,938.1,938.1,Thin,False,History,2026-02-09,2026-02-09
Laredo,TX,,Perryville,MD,,1833.3,,0.0,1.0,0,1833.3,1833.3,0.0,,,Thin,False,History,2026-06-23,2026-06-23
Laredo,TX,,Peru,IL,,1284.5,1271.3,0.0,1.0,1,1284.5,1284.5,0.0,1271.3,1271.3,Thin,False,History,2021-12-15,2021-12-15
Laredo,TX,,Pheonix,AZ,,1133.4,1001.4,0.0,1.0,1,1133.4,1133.4,0.0,1001.4,1001.4,Thin,False,History,2021-12-31,2021-12-31
Laredo,TX,,Plainfield,IN,,1315.2,1263.9,0.0,1.0,1,1315.2,1315.2,0.0,1263.9,1263.9,Thin,False,History,2026-08-03,2026-08-03
Laredo,TX,,Planstville,CT,,2073.7,1984.6,0.0,1.0,1,2073.7,2073.7,0.0,1984.6,1984.6,Thin,False,History,2022-04-21,2022-04-21
Laredo,TX,,Pleasanton,TX,,128.5,256.2,129.1,1.0,1,128.5,128.5,0.0,256.2,256.2,Thin,False,History,2024-09-05,2024-09-05
Laredo,TX,,Pomona,NY,,1994.5,1950.1,0.0,1.0,1,1994.5,1994.5,0.0,1950.1,1950.1,Thin,False,History,2022-09-16,2022-09-16
Laredo,TX,,Poole Greek,GA,,1134.3,1123.7,0.0,1.0,1,1134.3,1134.3,0.0,1123.7,1123.7,Thin,False,History,2023-01-10,2023-01-10
Eugene,OR,,Cashton,WI,,1983.4,2049.7,110.7,1.0,1,1983.4,1983.4,0.0,2049.7,2049.7,Thin,False,History,2022-07-05,2022-07-05
Laredo,TX,,Othello,WA,,2334.3,2131.4,0.0,1.0,1,2334.3,2334.3,0.0,2131.4,2131.4,Thin,False,History,2022-07-29,2022-07-29
Laredo,TX,,Owasso,OK,,699.4,693.7,0.0,1.0,1,699.4,699.4,0.0,693.7,693.7,Thin,False,History,2025-05-22,2025-05-22
Laredo,TX,,Oxford,NC,,1553.5,1512.9,0.0,1.0,1,1553.5,1553.5,0.0,1512.9,1512.9,Thin,False,History,2023-09-24,2023-09-24
Laredo,TX,,Palmetto,FL,,1359.4,1296.9,0.0,1.0,1,1359.4,1359.4,0.0,1296.9,1296.9,Thin,False,History,2023-08-20,2023-08-20
Laredo,TX,,Parlin Pond,ME,,2451.1,2390.8,0.0,1.0,1,2451.1,2451.1,0.0,2390.8,2390.8,Thin,False,History,2021-11-16,2021-11-16
Laredo,TX,,Passaic,NJ,,1978.4,1914.2,0.0,1.0,1,1978.4,1978.4,0.0,1914.2,1914.2,Thin,False,History,2023-04-20,2023-04-20
Laredo,TX,,Pauls Valley,OK,,567.1,565.2,0.0,1.0,1,567.1,567.1,0.0,565.2,565.2,Thin,False,History,2023-12-06,2023-12-06
Laredo,TX,,S Boston,VA,,1548.3,1513.1,0.0,1.0,1,1548.3,1548.3,0.0,1513.1,1513.1,Thin,False,History,2022-12-20,2022-12-20
Laredo,TX,,Sagner,TX,,466.8,466.3,0.0,1.0,1,466.8,466.8,0.0,466.3,466.3,Thin,False,History,2024-06-29,2024-06-29
Laredo,TX,,Sain Paul,MN,,1369.8,1344.3,0.0,1.0,1,1369.8,1369.8,0.0,1344.3,1344.3,Thin,False,History,2025-10-14,2025-10-14
Laredo,TX,,Salem,IL,,1142.1,1093.8,0.0,1.0,1,1142.1,1142.1,0.0,1093.8,1093.8,Thin,False,History,2022-06-22,2022-06-22
Laredo,TX,,San Nicolas De Los Garza,N.,,154.3,,0.0,1.0,0,154.3,154.3,0.0,,,Thin,False,History,2025-06-24,2025-06-24
Laredo,TX,,Sandston,VA,,1677.0,1643.7,0.0,1.0,1,1677.0,1677.0,0.0,1643.7,1643.7,Thin,False,History,2021-04-23,2021-04-23
Laredo,TX,,Santa Teresa,NM,,717.3,613.7,0.0,1.0,1,717.3,717.3,0.0,613.7,613.7,Thin,False,History,2022-06-17,2022-06-17
Laredo,TX,,Schaumburg,IL,,1358.8,1344.1,0.0,1.0,1,1358.8,1358.8,0.0,1344.1,1344.1,Thin,False,History,2025-12-26,2025-12-26
Laredo,TX,,Rome,GA,,1132.3,1093.6,0.0,1.0,1,1132.3,1132.3,0.0,1093.6,1093.6,Thin,False,History,2026-07-17,2026-07-17
Laredo,TX,,Roseburg,OR,,2422.0,2264.2,0.0,1.0,1,2422.0,2422.0,0.0,2264.2,2264.2,Thin,False,History,2022-12-22,2022-12-22
Laredo,TX,,Roseland,NJ,,1963.4,1913.1,0.0,1.0,1,1963.4,1963.4,0.0,1913.1,1913.1,Thin,False,History,2023-06-13,2023-06-13
Laredo,TX,,Rosenberg,TX,,325.6,375.0,0.0,1.0,1,325.6,325.6,0.0,375.0,375.0,Thin,False,History,2023-08-03,2023-08-03
Laredo,TX,,Rosharon,TX,,374.2,600.0,375.0,1.0,1,374.2,374.2,0.0,600.0,600.0,Thin,False,History,2022-03-17,2022-03-17
Laredo,TX,,Round Rock,TX,,253.3,248.9,0.0,1.0,1,253.3,253.3,0.0,248.9,248.9,Thin,False,History,2025-06-10,2025-06-10
Laredo,TX,,Russelville,KY,,1114.9,1079.7,0.0,1.0,1,1114.9,1114.9,0.0,1079.7,1079.7,Thin,False,History,2026-08-03,2026-08-03
Laredo,TX,,Ruther Glen,VA,,1705.6,1645.1,0.0,1.0,1,1705.6,1705.6,0.0,1645.1,1645.1,Thin,False,History,2025-02-18,2025-02-18
Laredo,TX,,Price,UT,,1444.9,1249.1,0.0,1.0,1,1444.9,1444.9,0.0,1249.1,1249.1,Thin,False,History,2023-07-13,2023-07-13
Laredo,TX,,Queenstown,MD,,1813.9,1769.5,0.0,1.0,1,1813.9,1813.9,0.0,1769.5,1769.5,Thin,False,History,2023-04-29,2023-04-29
Laredo,TX,,Redmond,OR,,2182.3,2056.0,0.0,1.0,1,2182.3,2182.3,0.0,2056.0,2056.0,Thin,False,History,2022-06-03,2022-06-03
Laredo,TX,,Richmond,VA,,1669.1,1619.6,0.0,1.0,1,1669.1,1669.1,0.0,1619.6,1619.6,Thin,False,History,2025-08-08,2025-08-08
Laredo,TX,,Riviera Beach,FL,,1463.9,1427.2,0.0,1.0,1,1463.9,1463.9,0.0,1427.2,1427.2,Thin,False,History,2023-08-01,2023-08-01
Laredo,TX,,Roanoke,TX,,438.7,434.5,0.0,1.0,1,438.7,438.7,0.0,434.5,434.5,Thin,False,History,2024-01-29,2024-01-29
Laredo,TX,,Rochester,NH,,2256.5,2187.5,0.0,1.0,1,2256.5,2256.5,0.0,2187.5,2187.5,Thin,False,History,2023-05-08,2023-05-08
Laredo,TX,,Rochester,NY,,1871.7,1819.4,0.0,1.0,1,1871.7,1871.7,0.0,1819.4,1819.4,Thin,False,History,2022-05-26,2022-05-26
Elizabeth,NJ,,Slaton,TX,,1846.7,2321.6,588.5,1.0,1,1846.7,1846.7,0.0,2321.6,2321.6,Thin,False,History,2024-06-19,2024-06-19
Elizabethtown,KY,,Dallas,TX,,789.3,891.2,126.7,1.0,1,789.3,789.3,0.0,891.2,891.2,Thin,False,History,2022-10-26,2022-10-26
Elizabethtown,PA,,Laredo,TX,,1828.0,1829.8,56.4,1.0,1,1828.0,1828.0,0.0,1829.8,1829.8,Thin,False,History,2022-06-28,2022-06-28
Elk City,OK,,San Antonio,TX,,513.1,724.1,271.9,1.0,1,513.1,513.1,0.0,724.1,724.1,Thin,False,History,2021-05-24,2021-05-24
Elkhart,IN,,Houston,TX,,1153.3,1287.2,163.4,1.0,1,1153.3,1153.3,0.0,1287.2,1287.2,Thin,False,History,2025-12-16,2025-12-16
Elkhart,IN,,La Grande,OR,,1952.1,2018.4,102.9,1.0,1,1952.1,1952.1,0.0,2018.4,2018.4,Thin,False,History,2025-11-12,2025-11-12
Elkhart,IN,,Mableton,GA,,686.5,789.0,164.5,1.0,1,686.5,686.5,0.0,789.0,789.0,Thin,False,History,2026-02-03,2026-02-03
Laredo,TX,,Prescott,AZ,,1221.4,1118.4,0.0,1.0,1,1221.4,1221.4,0.0,1118.4,1118.4,Thin,False,History,2025-07-03,2025-07-03
East Wenatchee,WA,,San Antonio,TX,,2091.1,2479.3,449.2,1.0,1,2091.1,2091.1,0.0,2479.3,2479.3,Thin,False,History,2023-03-08,2023-03-08
Eastaboga,AL,,Weslaco,TX,,1057.0,1422.2,404.3,1.0,1,1057.0,1057.0,0.0,1422.2,1422.2,Thin,False,History,2025-12-29,2025-12-29
Eastman,GA,,San Antonio,TX,,1194.7,1178.3,0.0,1.0,1,1194.7,1194.7,0.0,1178.3,1178.3,Thin,False,History,2024-05-28,2024-05-28
Easton,ME,,Burlington,NC,,1119.9,1487.1,386.0,1.0,1,1119.9,1119.9,0.0,1487.1,1487.1,Thin,False,History,2022-11-27,2022-11-27
Echo,OR,,Piscataway,NJ,,638.4,3441.6,2842.7,1.0,1,638.4,638.4,0.0,3441.6,3441.6,Thin,False,History,2023-03-08,2023-03-08
Edinburg,VA,,Denton,TX,,1329.6,1412.1,95.7,1.0,1,1329.6,1329.6,0.0,1412.1,1412.1,Thin,False,History,2023-03-22,2023-03-22
Edinburg,VA,,Laredo,TX,,1658.1,1805.2,190.8,1.0,1,1658.1,1658.1,0.0,1805.2,1805.2,Thin,False,History,2024-01-12,2024-01-12
Laredo,TX,,Sodus,MI,,1461.5,1414.9,0.0,1.0,1,1461.5,1461.5,0.0,1414.9,1414.9,Thin,False,History,2025-02-21,2025-02-21
East Granby,CT,,Rockdale,TX,,1796.6,2156.2,406.5,1.0,1,1796.6,1796.6,0.0,2156.2,2156.2,Thin,False,History,2022-05-31,2022-05-31
East Hanover,NJ,,Laredo,TX,,1959.2,2003.0,97.9,1.0,1,1959.2,1959.2,0.0,2003.0,2003.0,Thin,False,History,2022-08-22,2022-08-22
East Hartford,CT,,Laredo,TX,,2092.3,2155.8,118.9,1.0,1,2092.3,2092.3,0.0,2155.8,2155.8,Thin,False,History,2026-06-12,2026-06-12
East Hartford,CT,,Denton,TX,,1701.3,1691.9,9.3,1.0,1,1701.3,1701.3,0.0,1691.9,1691.9,Thin,False,History,2024-07-30,2024-07-30
East Point,GA,,Laredo,TX,,1130.2,1405.9,340.8,1.0,1,1130.2,1130.2,0.0,1405.9,1405.9,Thin,False,History,2023-04-18,2023-04-18
East Point,GA,,New Braunfels,TX,,965.9,1174.9,223.1,1.0,1,965.9,965.9,0.0,1174.9,1174.9,Thin,False,History,2025-01-15,2025-01-15
East Syracuse,NY,,Laredo,TX,,1948.0,2144.1,259.4,1.0,1,1948.0,1948.0,0.0,2144.1,2144.1,Thin,False,History,2026-04-02,2026-04-02
East Walpole,MA,,Laredo,TX,,2181.8,2324.0,208.4,1.0,1,2181.8,2181.8,0.0,2324.0,2324.0,Thin,False,History,2023-02-21,2023-02-21
Eagle Lake,TX,,Laredo,TX,,293.1,504.4,257.5,1.0,1,293.1,293.1,0.0,504.4,504.4,Thin,False,History,2024-10-16,2024-10-16
Easley,SC,,Dallas,TX,,918.2,1058.1,151.7,1.0,1,918.2,918.2,0.0,1058.1,1058.1,Thin,False,History,2022-07-19,2022-07-19
East Boston,MA,,Clinton,IA,,1130.6,1149.4,53.9,1.0,1,1130.6,1130.6,0.0,1149.4,1149.4,Thin,False,History,2025-10-17,2025-10-17
East Boston,MA,,St Joseph,MO,,1436.6,1411.6,24.5,1.0,1,1436.6,1436.6,0.0,1411.6,1411.6,Thin,False,History,2025-11-03,2025-11-03
East Brunswick,NJ,,Laredo,TX,,1959.7,1960.0,87.0,1.0,1,1959.7,1959.7,0.0,1960.0,1960.0,Thin,False,History,2022-08-16,2022-08-16
East Chicago,IL,,Los Angeles,CA,,2027.9,2093.3,81.1,1.0,1,2027.9,2027.9,0.0,2093.3,2093.3,Thin,False,History,2025-09-16,2025-09-16
East Chicago,IL,,Ramos Arizpe,CO,,1570.8,,162.5,1.0,0,1570.8,1570.8,0.0,,,Thin,False,History,2025-11-17,2025-11-17
East Chicago,IN,,Cienega De Flores,N.,,1388.9,1544.2,222.0,1.0,1,1388.9,1388.9,0.0,1544.2,1544.2,Thin,False,History,2021-12-07,2021-12-07
Laredo,TX,,Seminole,TX,,540.9,473.0,0.0,1.0,1,540.9,540.9,0.0,473.0,473.0,Thin,False,History,2023-01-05,2023-01-05
Laredo,TX,,Seymour,IA,,1098.2,1077.7,0.0,1.0,1,1098.2,1098.2,0.0,1077.7,1077.7,Thin,False,History,2024-10-11,2024-10-11
Laredo,TX,,Shawnee,KS,,913.3,907.1,0.0,1.0,1,913.3,913.3,0.0,907.1,907.1,Thin,False,History,2023-10-27,2023-10-27
Laredo,TX,,Shawnee,OK,,616.3,611.8,0.0,1.0,1,616.3,616.3,0.0,611.8,611.8,Thin,False,History,2024-09-27,2024-09-27
Laredo,TX,,Shirley,NY,,2046.8,1980.5,0.0,1.0,1,2046.8,2046.8,0.0,1980.5,1980.5,Thin,False,History,2023-05-19,2023-05-19
Laredo,TX,,Sikeston,MO,,2142.5,2108.8,0.0,1.0,1,2142.5,2142.5,0.0,2108.8,2108.8,Thin,False,History,2023-02-07,2023-02-07
E Boston,MA,,St Joseph,MO,,1436.6,1411.6,24.5,1.0,1,1436.6,1436.6,0.0,1411.6,1411.6,Thin,False,History,2025-11-11,2025-11-11
Eagan,MN,,Selma,TX,,1186.1,1848.9,691.5,1.0,1,1186.1,1186.1,0.0,1848.9,1848.9,Thin,False,History,2022-06-01,2022-06-01
DuBois,PA,,Sherman,TX,,1268.8,1552.1,299.4,1.0,1,1268.8,1268.8,0.0,1552.1,1552.1,Thin,False,History,2024-10-14,2024-10-14
Dudley,GA,,Thomasville,AL,,315.7,599.0,295.3,1.0,1,315.7,315.7,0.0,599.0,599.0,Thin,False,History,2022-11-13,2022-11-13
Dudley,NC,,Victoria,TX,,1349.1,1700.5,366.5,1.0,1,1349.1,1349.1,0.0,1700.5,1700.5,Thin,False,History,2022-07-27,2022-07-27
Duluth,GA,,Austin,TX,,950.0,1507.3,611.9,1.0,1,950.0,950.0,0.0,1507.3,1507.3,Thin,False,History,2024-08-29,2024-08-29
Dundalk,DE,,Monahans,TX,,1767.4,2384.6,751.5,1.0,1,1767.4,1767.4,0.0,2384.6,2384.6,Thin,False,History,2024-07-01,2024-07-01
E Boston,MA,,Ft Dodge,IA,,1374.5,1379.0,53.9,1.0,1,1374.5,1374.5,0.0,1379.0,1379.0,Thin,False,History,2025-03-21,2025-03-21
E Boston,MA,,Jefferson,WI,,1116.4,1134.8,67.9,1.0,1,1116.4,1116.4,0.0,1134.8,1134.8,Thin,False,History,2025-06-04,2025-06-04
Laredo,TX,,Sunnyvale,TX,,436.6,435.0,0.0,1.0,1,436.6,436.6,0.0,435.0,435.0,Thin,False,History,2021-07-21,2021-07-21
Doswell,VA,,Houston,TX,,1357.8,1686.2,369.9,1.0,1,1357.8,1357.8,0.0,1686.2,1686.2,Thin,False,History,2023-07-12,2023-07-12
Doswell,VA,,San Antonio,TX,,1546.0,2098.5,596.6,1.0,1,1546.0,1546.0,0.0,2098.5,2098.5,Thin,False,History,2021-10-26,2021-10-26
Dothan,AL,,Schertz,TX,,859.0,,297.2,1.0,0,859.0,859.0,0.0,,,Thin,False,History,2021-02-08,2021-02-08
Douglasville,GA,,Round Rock,TX,,1055.2,1285.9,251.7,1.0,1,1055.2,1055.2,0.0,1285.9,1285.9,Thin,False,History,2021-03-03,2021-03-03
Dover,NJ,,Longview,TX,,1460.9,1514.5,83.3,1.0,1,1460.9,1460.9,0.0,1514.5,1514.5,Thin,False,History,2022-12-06,2022-12-06
Draper,UT,,Pueblo,CO,,615.2,607.0,34.1,1.0,1,615.2,615.2,0.0,607.0,607.0,Thin,False,History,2024-02-29,2024-02-29
DuBois,PA,,Waxahachie,TX,,1353.2,2008.8,680.0,1.0,1,1353.2,1353.2,0.0,2008.8,2008.8,Thin,False,History,2022-05-02,2022-05-02
DuBois,PA,,Robstown,TX,,1649.3,2028.6,412.2,1.0,1,1649.3,1649.3,0.0,2028.6,2028.6,Thin,False,History,2026-02-18,2026-02-18
Laredo,TX,,Stafford,TX,,344.8,,344.3,1.0,0,344.8,344.8,0.0,,,Thin,False,History,2026-01-19,2026-01-19
Laredo,TX,,Sterling,CO,,1198.5,1157.3,0.0,1.0,1,1198.5,1198.5,0.0,1157.3,1157.3,Thin,False,History,2024-03-15,2024-03-15
Laredo,TX,,Streamwood,IL,,1358.2,1346.0,0.0,1.0,1,1358.2,1358.2,0.0,1346.0,1346.0,Thin,False,History,2023-03-18,2023-03-18
Laredo,TX,,Streator,IL,,1282.2,,0.0,1.0,0,1282.2,1282.2,0.0,,,Thin,False,History,2021-02-10,2021-02-10
Devine,TX,,Laredo,TX,,127.4,150.2,37.2,1.0,1,127.4,127.4,0.0,150.2,150.2,Thin,False,History,2023-12-12,2023-12-12
Donalds,SC,,Laredo,TX,,1473.7,1593.4,192.3,1.0,1,1473.7,1473.7,0.0,1593.4,1593.4,Thin,False,History,2025-01-24,2025-01-24
Doral,FL,,Houston,TX,,1186.5,1168.5,8.0,1.0,1,1186.5,1186.5,0.0,1168.5,1168.5,Thin,False,History,2022-11-21,2022-11-21
Laredo,TX,,South Brunswick,NJ,,1957.9,1897.9,0.0,1.0,1,1957.9,1957.9,0.0,1897.9,1897.9,Thin,False,History,2022-05-31,2022-05-31
Laredo,TX,,Southington,CT,,2073.7,2019.6,0.0,1.0,1,2073.7,2073.7,0.0,2019.6,2019.6,Thin,False,History,2022-04-28,2022-04-28
Laredo,TX,,Spatks,NV,,1852.8,1706.2,0.0,1.0,1,1852.8,1852.8,0.0,1706.2,1706.2,Thin,False,History,2025-10-27,2025-10-27
Laredo,TX,,Spring Valley,IL,,1288.3,1267.6,0.0,1.0,1,1288.3,1288.3,0.0,1267.6,1267.6,Thin,False,History,2022-10-13,2022-10-13
Laredo,TX,,Springboro,OH,,1400.2,1342.4,0.0,1.0,1,1400.2,1400.2,0.0,1342.4,1342.4,Thin,False,History,2023-03-17,2023-03-17
Laredo,TX,,Springdale,AR,,860.7,832.2,0.0,1.0,1,860.7,860.7,0.0,832.2,832.2,Thin,False,History,2024-04-05,2024-04-05
Laredo,TX,,Springtown,TX,,451.8,426.2,0.0,1.0,1,451.8,451.8,0.0,426.2,426.2,Thin,False,History,2023-11-08,2023-11-08
Laredo,TX,,Sprs,CO,,1040.1,975.4,0.0,1.0,1,1040.1,1040.1,0.0,975.4,975.4,Thin,False,History,2023-04-10,2023-04-10
Laredo,TX,,Washington,MO,,1021.0,1015.7,0.0,1.0,1,1021.0,1021.0,0.0,1015.7,1015.7,Thin,False,History,2023-01-31,2023-01-31
Laredo,TX,,Watertown,NY,,2005.4,1927.5,0.0,1.0,1,2005.4,2005.4,0.0,1927.5,1927.5,Thin,False,History,2023-03-28,2023-03-28
Laredo,TX,,Waupun,WI,,1720.0,1707.7,0.0,1.0,1,1720.0,1720.0,0.0,1707.7,1707.7,Thin,False,History,2025-02-05,2025-02-05
Laredo,TX,,Wausau,WI,,1555.9,1508.4,0.0,1.0,1,1555.9,1555.9,0.0,1508.4,1508.4,Thin,False,History,2022-05-13,2022-05-13
Laredo,TX,,Wausaw,WI,,1555.9,1508.4,0.0,1.0,1,1555.9,1555.9,0.0,1508.4,1508.4,Thin,False,History,2023-01-06,2023-01-06
Laredo,TX,,Wauwatosa,WI,,1510.0,1452.4,0.0,1.0,1,1510.0,1510.0,0.0,1452.4,1452.4,Thin,False,History,2023-01-13,2023-01-13
Laredo,TX,,Waxahachie,TX,,399.0,797.7,399.2,1.0,1,399.0,399.0,0.0,797.7,797.7,Thin,False,History,2022-08-29,2022-08-29
Laredo,TX,,Webb City,MO,,782.5,777.1,0.0,1.0,1,782.5,782.5,0.0,777.1,777.1,Thin,False,History,2024-01-26,2024-01-26
Laredo,TX,,Twin Falls,ID,,1723.7,1597.6,0.0,1.0,1,1723.7,1723.7,0.0,1597.6,1597.6,Thin,False,History,2022-07-23,2022-07-23
Laredo,TX,,Urbana,IL,,1271.5,1224.3,0.0,1.0,1,1271.5,1271.5,0.0,1224.3,1224.3,Thin,False,History,2024-05-28,2024-05-28
Laredo,TX,,Urich,MO,,918.6,912.6,0.0,1.0,1,918.6,918.6,0.0,912.6,912.6,Thin,False,History,2023-01-25,2023-01-25
Laredo,TX,,Vancouver,WA,,2262.7,2133.0,0.0,1.0,1,2262.7,2262.7,0.0,2133.0,2133.0,Thin,False,History,2023-03-02,2023-03-02
Laredo,TX,,Vernon,CA,,1501.2,1369.0,0.0,1.0,1,1501.2,1501.2,0.0,1369.0,1369.0,Thin,False,History,2025-10-25,2025-10-25
Laredo,TX,,Vernon,TX,,531.3,1025.4,531.3,1.0,1,531.3,531.3,0.0,1025.4,1025.4,Thin,False,History,2021-11-22,2021-11-22
Laredo,TX,,Walkerville,MI,,1593.7,1538.3,0.0,1.0,1,1593.7,1593.7,0.0,1538.3,1538.3,Thin,False,History,2023-06-06,2023-06-06
Laredo,TX,,Warrendale,PA,,1659.2,1598.9,0.0,1.0,1,1659.2,1659.2,0.0,1598.9,1598.9,Thin,False,History,2022-11-18,2022-11-18
Laredo,TX,,Tillmook,OR,,2335.2,2209.1,0.0,1.0,1,2335.2,2335.2,0.0,2209.1,2209.1,Thin,False,History,2023-11-27,2023-11-27
Laredo,TX,,Tolleson,AZ,,1144.3,1036.0,0.0,1.0,1,1144.3,1144.3,0.0,1036.0,1036.0,Thin,False,History,2020-11-23,2020-11-23
Laredo,TX,,Tomah,WI,,1432.6,1401.6,0.0,1.0,1,1432.6,1432.6,0.0,1401.6,1401.6,Thin,False,History,2023-03-18,2023-03-18
Laredo,TX,,Tompkinsville,KY,,1187.9,1147.3,0.0,1.0,1,1187.9,1187.9,0.0,1147.3,1147.3,Thin,False,History,2025-05-14,2025-05-14
Laredo,TX,,Township,PA,,1939.9,1873.1,0.0,1.0,1,1939.9,1939.9,0.0,1873.1,1873.1,Thin,False,History,2021-05-21,2021-05-21
Laredo,TX,,Traverse City,MI,,1685.8,1633.9,0.0,1.0,1,1685.8,1685.8,0.0,1633.9,1633.9,Thin,False,History,2026-03-03,2026-03-03
Laredo,TX,,Tukwila,WA,,2344.9,2202.3,0.0,1.0,1,2344.9,2344.9,0.0,2202.3,2202.3,Thin,False,History,2023-02-08,2023-02-08
Laredo,TX,,Tully,NY,,1952.3,1887.7,0.0,1.0,1,1952.3,1952.3,0.0,1887.7,1887.7,Thin,False,History,2023-08-10,2023-08-10
Laredo,TX,,Suwanee,GA,,1173.0,1157.4,0.0,1.0,1,1173.0,1173.0,0.0,1157.4,1157.4,Thin,False,History,2023-02-06,2023-02-06
Laredo,TX,,Tacoma,WA,,2408.5,2201.4,0.0,1.0,1,2408.5,2408.5,0.0,2201.4,2201.4,Thin,False,History,2023-11-09,2023-11-09
Laredo,TX,,Tampa,FL,,1333.4,1287.8,0.0,1.0,1,1333.4,1333.4,0.0,1287.8,1287.8,Thin,False,History,2024-04-29,2024-04-29
Laredo,TX,,Taunton,MA,,2173.8,2110.2,0.0,1.0,1,2173.8,2173.8,0.0,2110.2,2110.2,Thin,False,History,2023-05-05,2023-05-05
Laredo,TX,,Taylor,MI,,1601.7,1551.6,0.0,1.0,1,1601.7,1601.7,0.0,1551.6,1551.6,Thin,False,History,2024-03-24,2024-03-24
Laredo,TX,,Taylorsville,GA,,1142.2,1101.6,0.0,1.0,1,1142.2,1142.2,0.0,1101.6,1101.6,Thin,False,History,2022-09-29,2022-09-29
Laredo,TX,,Thomasville,NC,,1451.6,1423.2,0.0,1.0,1,1451.6,1451.6,0.0,1423.2,1423.2,Thin,False,History,2026-06-03,2026-06-03
Laredo,TX,,Tiffin,OH,,1543.1,1477.1,0.0,1.0,1,1543.1,1543.1,0.0,1477.1,1477.1,Thin,False,History,2023-09-22,2023-09-22
Des Plaines,IL,,Laredo,TX,,1360.5,1536.6,200.0,1.0,1,1360.5,1360.5,0.0,1536.6,1536.6,Thin,False,History,2026-05-08,2026-05-08
DeSoto,TX,,Laredo,TX,,416.1,431.3,20.1,1.0,1,416.1,416.1,0.0,431.3,431.3,Thin,False,History,2022-11-30,2022-11-30
Laredo,TX,,Wenatchee,WA,,2237.4,2106.9,0.0,1.0,1,2237.4,2237.4,0.0,2106.9,2106.9,Thin,False,History,2023-03-11,2023-03-11
Laredo,TX,,West Bend,WI,,1463.2,1444.0,0.0,1.0,1,1463.2,1463.2,0.0,1444.0,1444.0,Thin,False,History,2026-07-15,2026-07-15
Laredo,TX,,West Conshohocken,PA,,1947.8,1879.6,0.0,1.0,1,1947.8,1947.8,0.0,1879.6,1879.6,Thin,False,History,2022-08-26,2022-08-26
Laredo,TX,,West Jordan,UT,,1487.6,1360.5,0.0,1.0,1,1487.6,1487.6,0.0,1360.5,1360.5,Thin,False,History,2022-09-30,2022-09-30
Laredo,TX,,Wheatland,PA,,1657.9,1594.2,0.0,1.0,1,1657.9,1657.9,0.0,1594.2,1594.2,Thin,False,History,2023-07-01,2023-07-01
Denver,CO,,Grand Junction,CO,,252.6,266.4,14.9,1.0,1,252.6,252.6,0.0,266.4,266.4,Thin,False,History,2023-12-21,2023-12-21
Denver,CO,,Grand Prairie,TX,,792.2,779.8,14.9,1.0,1,792.2,792.2,0.0,779.8,779.8,Thin,False,History,2024-02-27,2024-02-27
Denver,CO,,Kalispell,MT,,1014.2,997.6,35.2,1.0,1,1014.2,1014.2,0.0,997.6,997.6,Thin,False,History,2026-01-20,2026-01-20
Denver,CO,,Pontiac,IL,,973.8,953.3,10.6,1.0,1,973.8,973.8,0.0,953.3,953.3,Thin,False,History,2025-02-18,2025-02-18
Denver,CO,,Warrenville,IL,,969.2,966.4,7.1,1.0,1,969.2,969.2,0.0,966.4,966.4,Thin,False,History,2025-03-13,2025-03-13
Denver,PA,,San Antonio,TX,,1692.5,1898.8,258.2,1.0,1,1692.5,1692.5,0.0,1898.8,1898.8,Thin,False,History,2021-11-16,2021-11-16
Deridder,LA,,New Braunfels,TX,,370.9,545.8,208.2,1.0,1,370.9,370.9,0.0,545.8,545.8,Thin,False,History,2024-07-08,2024-07-08
Deridder,LA,,San Antonio,TX,,393.4,655.6,320.0,1.0,1,393.4,393.4,0.0,655.6,655.6,Thin,False,History,2025-03-03,2025-03-03
Delphi,IN,,Secaucus,NJ,,750.1,737.9,0.0,1.0,1,750.1,750.1,0.0,737.9,737.9,Thin,False,History,2026-05-16,2026-05-16
Delphos,OH,,Faribault,MN,,679.6,790.2,146.0,1.0,1,679.6,679.6,0.0,790.2,790.2,Thin,False,History,2025-04-08,2025-04-08
Delta,CO,,Houston,TX,,1144.3,1338.2,204.1,1.0,1,1144.3,1144.3,0.0,1338.2,1338.2,Thin,False,History,2023-07-20,2023-07-20
Deming,NM,,Schulenburg,TX,,751.0,1298.1,579.5,1.0,1,751.0,751.0,0.0,1298.1,1298.1,Thin,False,History,2023-10-12,2023-10-12
Denison,TX,,Laredo,TX,,504.0,524.3,26.1,1.0,1,504.0,504.0,0.0,524.3,524.3,Thin,False,History,2023-02-28,2023-02-28
Denton,TX,,Laredo,TX,,467.6,515.7,49.8,1.0,1,467.6,467.6,0.0,515.7,515.7,Thin,False,History,2022-07-21,2022-07-21
Denver,CO,,Austin,TX,,973.3,1266.5,356.1,1.0,1,973.3,973.3,0.0,1266.5,1266.5,Thin,False,History,2022-05-09,2022-05-09
Denver,CO,,Elmendorf,TX,,959.8,1098.1,161.7,1.0,1,959.8,959.8,0.0,1098.1,1098.1,Thin,False,History,2024-06-21,2024-06-21
De Land,FL,,Ronkonkoma,NY,,1108.6,1203.0,123.0,1.0,1,1108.6,1108.6,0.0,1203.0,1203.0,Thin,False,History,2025-08-19,2025-08-19
Decatur,AL,,Dallas,TX,,645.3,850.3,256.5,1.0,1,645.3,645.3,0.0,850.3,850.3,Thin,False,History,2023-02-09,2023-02-09
Decatur,AL,,Edinburg,TX,,1085.9,1261.5,241.3,1.0,1,1085.9,1085.9,0.0,1261.5,1261.5,Thin,False,History,2025-07-22,2025-07-22
Decatur,AL,,Mission,TX,,1093.6,1420.4,264.0,1.0,1,1093.6,1093.6,0.0,1420.4,1420.4,Thin,False,History,2025-06-24,2025-06-24
Deer Park,NY,,Laredo,TX,,2024.9,2012.3,36.0,1.0,1,2024.9,2024.9,0.0,2012.3,2012.3,Thin,False,History,2022-09-14,2022-09-14
Deerfield,FL,,West Carrollton,TX,,1476.7,2278.6,829.1,1.0,1,1476.7,1476.7,0.0,2278.6,2278.6,Thin,False,History,2026-07-23,2026-07-23
Del Norte,CO,,Dublin,TX,,756.1,876.2,150.0,1.0,1,756.1,756.1,0.0,876.2,876.2,Thin,False,History,2022-09-20,2022-09-20
Dell City,TX,,Cotulla,TX,,607.1,1084.6,576.4,1.0,1,607.1,607.1,0.0,1084.6,1084.6,Thin,False,History,2026-02-24,2026-02-24
Laurel,MS,,Laredo,TX,,813.1,1287.5,515.6,1.0,1,813.1,813.1,0.0,1287.5,1287.5,Thin,False,History,2022-06-01,2022-06-01
Laurens,SC,,Del Rio,TX,,1310.3,1577.0,271.6,1.0,1,1310.3,1310.3,0.0,1577.0,1577.0,Thin,False,History,2022-11-23,2022-11-23
Lawrence,KS,,Temple,TX,,634.7,1130.5,554.9,1.0,1,634.7,634.7,0.0,1130.5,1130.5,Thin,False,History,2022-12-11,2022-12-11
Lawrence,MA,,Faribault,MN,,1443.7,1451.9,51.9,1.0,1,1443.7,1443.7,0.0,1451.9,1451.9,Thin,False,History,2025-11-10,2025-11-10
Lawrenceville,GA,,Laredo,TX,,1174.4,1207.4,51.4,1.0,1,1174.4,1174.4,0.0,1207.4,1207.4,Thin,False,History,2020-08-31,2020-08-31
Lawton,OK,,Waterford,MI,,1392.6,1613.4,273.0,1.0,1,1392.6,1392.6,0.0,1613.4,1613.4,Thin,False,History,2025-06-23,2025-06-23
Le Mars,IA,,Laredo,TX,,1201.9,,135.1,1.0,0,1201.9,1201.9,0.0,,,Thin,False,History,2021-03-22,2021-03-22
Le Roy,IL,,Laredo,TX,,1236.7,1480.2,264.2,1.0,1,1236.7,1236.7,0.0,1480.2,1480.2,Thin,False,History,2022-10-07,2022-10-07
Laredo,TX,,Yuma,AZ,,1250.9,1148.2,0.0,1.0,1,1250.9,1250.9,0.0,1148.2,1148.2,Thin,False,History,2025-06-16,2025-06-16
Las Cruces,NM,,Fort Johnson,LA,,983.3,1290.8,389.2,1.0,1,983.3,983.3,0.0,1290.8,1290.8,Thin,False,History,2024-07-06,2024-07-06
Las Vegas,NV,,Austin,TX,,1312.0,1502.2,235.8,1.0,1,1312.0,1312.0,0.0,1502.2,1502.2,Thin,False,History,2024-09-12,2024-09-12
Las Vegas,NV,,Carrollton,TX,,1371.9,1289.0,0.0,1.0,1,1371.9,1371.9,0.0,1289.0,1289.0,Thin,False,History,2024-05-24,2024-05-24
Las Vegas,NV,,Hereford,TX,,863.7,1329.6,493.2,1.0,1,863.7,863.7,0.0,1329.6,1329.6,Thin,False,History,2024-06-07,2024-06-07
Las Vegas,NV,,Laredo,TX,,1425.0,1575.2,303.9,1.0,1,1425.0,1425.0,0.0,1575.2,1575.2,Thin,False,History,2024-06-06,2024-06-06
Las Vegas,NV,,Phoenix,AZ,,304.7,290.6,0.0,1.0,1,304.7,304.7,0.0,290.6,290.6,Thin,False,History,2023-10-10,2023-10-10
Las Vegas,TX,,Houston,TX,,1477.4,1729.5,366.9,1.0,1,1477.4,1477.4,0.0,1729.5,1729.5,Thin,False,History,2026-07-10,2026-07-10
Laredo,TX,,Woodinville,WA,,2329.9,2189.0,0.0,1.0,1,2329.9,2329.9,0.0,2189.0,2189.0,Thin,False,History,2023-03-01,2023-03-01
Laredo,TX,,Woodland,CA,,1907.4,1775.3,0.0,1.0,1,1907.4,1907.4,0.0,1775.3,1775.3,Thin,False,History,2026-03-13,2026-03-13
Laredo,TX,,Woodridge,IL,,1332.7,1319.3,0.0,1.0,1,1332.7,1332.7,0.0,1319.3,1319.3,Thin,False,History,2024-07-10,2024-07-10
Laredo,TX,,Wuakegan,IL,,1388.6,1375.6,0.0,1.0,1,1388.6,1388.6,0.0,1375.6,1375.6,Thin,False,History,2024-08-21,2024-08-21
Laredo,TX,,Wyoming,MI,,1533.6,1488.7,0.0,1.0,1,1533.6,1533.6,0.0,1488.7,1488.7,Thin,False,History,2025-05-26,2025-05-26
Laredo,TX,,Yorktown,IN,,1382.5,1333.5,0.0,1.0,1,1382.5,1382.5,0.0,1333.5,1333.5,Thin,False,History,2023-06-17,2023-06-17
Laredo,TX,,Yorktown,VA,,1730.6,1684.0,0.0,1.0,1,1730.6,1730.6,0.0,1684.0,1684.0,Thin,False,History,2023-02-16,2023-02-16
Laredo,TX,,Youngsville,NC,,1552.0,1518.3,0.0,1.0,1,1552.0,1552.0,0.0,1518.3,1518.3,Thin,False,History,2022-11-15,2022-11-15
Laredo,TX,,Wichita,KS,,790.8,781.8,0.0,1.0,1,790.8,790.8,0.0,781.8,781.8,Thin,False,History,2024-05-29,2024-05-29
Laredo,TX,,Wilder,ID,,1871.2,1744.7,0.0,1.0,1,1871.2,1871.2,0.0,1744.7,1744.7,Thin,False,History,2024-01-26,2024-01-26
Laredo,TX,,Williston,ND,,1907.6,1660.0,0.0,1.0,1,1907.6,1907.6,0.0,1660.0,1660.0,Thin,False,History,2024-09-24,2024-09-24
Laredo,TX,,Willmar,MN,,1389.1,1379.7,0.0,1.0,1,1389.1,1389.1,0.0,1379.7,1379.7,Thin,False,History,2024-06-14,2024-06-14
Laredo,TX,,Wilmington,MA,,2199.5,,2200.7,1.0,0,2199.5,2199.5,0.0,,,Thin,False,History,2026-06-05,2026-06-05
Laredo,TX,,Wishek,ND,,1504.4,1450.5,0.0,1.0,1,1504.4,1504.4,0.0,1450.5,1450.5,Thin,False,History,2024-09-24,2024-09-24
Laredo,TX,,Woodburn,WI,,1470.2,1411.9,0.0,1.0,1,1470.2,1470.2,0.0,1411.9,1411.9,Thin,False,History,2020-07-20,2020-07-20
Dayville,CT,,Rosenberg,TX,,1818.6,1842.5,51.6,1.0,1,1818.6,1818.6,0.0,1842.5,1842.5,Thin,False,History,2024-07-23,2024-07-23
De Land,FL,,Austin,TX,,1104.3,1442.4,357.8,1.0,1,1104.3,1104.3,0.0,1442.4,1442.4,Thin,False,History,2024-04-01,2024-04-01
Lebanon,IN,,North Platte,NE,,861.6,823.8,0.0,1.0,1,861.6,861.6,0.0,823.8,823.8,Thin,False,History,2025-04-05,2025-04-05
Lebanon,IN,,Temple,TX,,1048.8,1440.6,460.4,1.0,1,1048.8,1048.8,0.0,1440.6,1440.6,Thin,False,History,2026-05-06,2026-05-06
Lebanon,OR,,Laredo,TX,,2800.7,2569.6,51.1,1.0,1,2800.7,2800.7,0.0,2569.6,2569.6,Thin,False,History,2025-04-24,2025-04-24
Lebanon,PA,,Cleburne,TX,,1466.5,2051.3,599.9,1.0,1,1466.5,1466.5,0.0,2051.3,2051.3,Thin,False,History,2024-06-20,2024-06-20
Lebanon,PA,,Houston,TX,,1493.2,1755.9,285.7,1.0,1,1493.2,1493.2,0.0,1755.9,1755.9,Thin,False,History,2022-07-29,2022-07-29
Lee,FL,,Dallas,TX,,902.2,,428.1,1.0,0,902.2,902.2,0.0,,,Thin,False,History,2020-12-11,2020-12-11
Dallesport,WA,,Yaphank,NY,,2877.8,3000.7,176.8,1.0,1,2877.8,2877.8,0.0,3000.7,3000.7,Thin,False,History,2025-11-18,2025-11-18
Dalton,GA,,Houston,TX,,861.0,909.3,92.1,1.0,1,861.0,861.0,0.0,909.3,909.3,Thin,False,History,2022-08-29,2022-08-29
Dalton,GA,,San Antonio,TX,,1037.5,1255.6,284.5,1.0,1,1037.5,1037.5,0.0,1255.6,1255.6,Thin,False,History,2025-11-10,2025-11-10
Danby,VT,,Birmingham,AL,,1155.6,1380.4,227.6,1.0,1,1155.6,1155.6,0.0,1380.4,1380.4,Thin,False,History,2022-07-30,2022-07-30
Darlington,PA,,Laredo,TX,,1665.8,1636.3,43.9,1.0,1,1665.8,1665.8,0.0,1636.3,1636.3,Thin,False,History,2023-03-24,2023-03-24
Dateland,AZ,,Stephenville,TX,,1040.4,1513.9,504.2,1.0,1,1040.4,1040.4,0.0,1513.9,1513.9,Thin,False,History,2024-01-31,2024-01-31
Dayton,OH,,Newtown,CT,,681.0,734.1,79.8,1.0,1,681.0,681.0,0.0,734.1,734.1,Thin,False,History,2026-06-23,2026-06-23
Dayton,OR,,Merrillan,WI,,1890.3,1856.0,30.5,1.0,1,1890.3,1890.3,0.0,1856.0,1856.0,Thin,False,History,2025-04-19,2025-04-19
Culpeper,VA,,Baytown,TX,,1307.2,1351.3,68.5,1.0,1,1307.2,1307.2,0.0,1351.3,1351.3,Thin,False,History,2022-10-31,2022-10-31
Culver,OR,,Frisco,TX,,1963.6,2052.7,166.8,1.0,1,1963.6,1963.6,0.0,2052.7,2052.7,Thin,False,History,2022-12-02,2022-12-02
Cuyahoga Fallsoh,OH,,Grand Prairie,TX,,1196.2,1741.2,583.4,1.0,1,1196.2,1196.2,0.0,1741.2,1741.2,Thin,False,History,2023-03-14,2023-03-14
Dalhart,TX,,Laredo,TX,,846.3,1283.3,447.4,1.0,1,846.3,846.3,0.0,1283.3,1283.3,Thin,False,History,2024-03-22,2024-03-22
Dallas,OR,,Laredo,TX,,2431.6,2215.6,52.6,1.0,1,2431.6,2431.6,0.0,2215.6,2215.6,Thin,False,History,2022-09-26,2022-09-26
Dallas,TX,,Hebbronville,TX,,440.0,502.8,78.9,1.0,1,440.0,440.0,0.0,502.8,502.8,Thin,False,History,2022-10-28,2022-10-28
Dallas,TX,,San Antonio,TX,,280.9,454.3,176.6,1.0,1,280.9,280.9,0.0,454.3,454.3,Thin,False,History,2023-12-04,2023-12-04
Dallas,TX,,Seguin,TX,,243.7,493.2,252.9,1.0,1,243.7,243.7,0.0,493.2,493.2,Thin,False,History,2023-12-04,2023-12-04
Lebanon,IN,,New Braunfels,TX,,1166.6,1441.4,336.8,1.0,1,1166.6,1166.6,0.0,1441.4,1441.4,Thin,False,History,2025-04-19,2025-04-19
Cressona,PA,,Castanos,CO,,2032.9,1997.6,185.6,1.0,1,2032.9,2032.9,0.0,1997.6,1997.6,Thin,False,History,2023-10-17,2023-10-17
Crest Hill,IL,,Lincoln,NE,,497.4,515.2,29.0,1.0,1,497.4,497.4,0.0,515.2,515.2,Thin,False,History,2025-02-11,2025-02-11
Cross City,FL,,Eau Claire,WI,,1377.1,1464.2,151.1,1.0,1,1377.1,1377.1,0.0,1464.2,1464.2,Thin,False,History,2025-10-14,2025-10-14
Crowfordsville,IN,,Chemung,NY,,673.8,809.0,174.0,1.0,1,673.8,673.8,0.0,809.0,809.0,Thin,False,History,2025-09-02,2025-09-02
Crowfordsville,IN,,Laredo,TX,,1311.2,1363.5,107.3,1.0,1,1311.2,1311.2,0.0,1363.5,1363.5,Thin,False,History,2023-01-12,2023-01-12
Crown Point,IN,,Easton,MA,,974.4,988.1,42.8,1.0,1,974.4,974.4,0.0,988.1,988.1,Thin,False,History,2026-05-04,2026-05-04
Cuatlancingo,PU,,Taylor,TX,,1046.3,,271.4,1.0,0,1046.3,1046.3,0.0,,,Thin,False,History,2025-04-24,2025-04-24
Linden,NJ,,Laredo,TX,,1965.3,1932.3,20.8,1.0,1,1965.3,1965.3,0.0,1932.3,1932.3,Thin,False,History,2021-11-09,2021-11-09
Lindon,UT,,Laredo,TX,,1464.5,1410.7,73.8,1.0,1,1464.5,1464.5,0.0,1410.7,1410.7,Thin,False,History,2025-05-23,2025-05-23
Lingle,WY,,Stephenville,TX,,978.8,1055.1,131.7,1.0,1,978.8,978.8,0.0,1055.1,1055.1,Thin,False,History,2022-10-03,2022-10-03
Litchfield,MI,,Laredo,TX,,1532.5,1568.7,95.1,1.0,1,1532.5,1532.5,0.0,1568.7,1568.7,Thin,False,History,2023-03-15,2023-03-15
Litchfield,MN,,Laredo,TX,,1413.4,1382.8,0.0,1.0,1,1413.4,1413.4,0.0,1382.8,1382.8,Thin,False,History,2025-05-27,2025-05-27
Lithia Springs,GA,,Dallas,TX,,769.5,795.8,30.2,1.0,1,769.5,769.5,0.0,795.8,795.8,Thin,False,History,2024-05-12,2024-05-12
Littleton,CO,,Laredo,TX,,1083.2,2064.5,1099.3,1.0,1,1083.2,1083.2,0.0,2064.5,2064.5,Thin,False,History,2024-04-20,2024-04-20
Littleton,NH,,Laredo,TX,,2301.0,2402.0,217.5,1.0,1,2301.0,2301.0,0.0,2402.0,2402.0,Thin,False,History,2023-09-30,2023-09-30
Linares,N.,,Breinigsville,PA,,2112.2,1865.3,0.0,1.0,1,2112.2,2112.2,0.0,1865.3,1865.3,Thin,False,History,2023-08-17,2023-08-17
Linares,N.,,Newman,GA,,1119.3,1115.6,0.0,1.0,1,1119.3,1119.3,0.0,1115.6,1115.6,Thin,False,History,2023-07-31,2023-07-31
Lincoln,CA,,Rapid City,SD,,1290.7,1269.6,137.1,1.0,1,1290.7,1290.7,0.0,1269.6,1269.6,Thin,False,History,2025-10-31,2025-10-31
Lincoln,NE,,Laredo,TX,,1053.6,1529.8,513.4,1.0,1,1053.6,1053.6,0.0,1529.8,1529.8,Thin,False,History,2022-07-14,2022-07-14
Lindale,TX,,Laredo,TX,,471.6,568.3,104.3,1.0,1,471.6,471.6,0.0,568.3,568.3,Thin,False,History,2022-10-11,2022-10-11
Linden State,NJ,,Laredo,TX,,1984.2,2033.7,72.7,1.0,1,1984.2,1984.2,0.0,2033.7,2033.7,Thin,False,History,2024-05-08,2024-05-08
Linden,NJ,,Denton,TX,,1557.3,1739.1,211.5,1.0,1,1557.3,1557.3,0.0,1739.1,1739.1,Thin,False,History,2023-03-28,2023-03-28
Linden,NJ,,Houston,TX,,1608.6,2873.8,1320.9,1.0,1,1608.6,1608.6,0.0,2873.8,2873.8,Thin,False,History,2023-11-01,2023-11-01
Leominster,MA,,Del Rio,TX,,2173.1,2322.0,204.2,1.0,1,2173.1,2173.1,0.0,2322.0,2322.0,Thin,False,History,2026-04-09,2026-04-09
Leominster,MA,,Laredo,TX,,2178.7,2194.4,88.7,1.0,1,2178.7,2178.7,0.0,2194.4,2194.4,Thin,False,History,2022-10-24,2022-10-24
Lewiston,ID,,Longmont,CO,,1080.6,1219.3,183.8,1.0,1,1080.6,1080.6,0.0,1219.3,1219.3,Thin,False,History,2023-03-20,2023-03-20
Lewistown,PA,,Corsicana,TX,,1448.0,1559.1,182.9,1.0,1,1448.0,1448.0,0.0,1559.1,1559.1,Thin,False,History,2024-12-26,2024-12-26
Lewisville,TX,,Laredo,TX,,454.5,460.7,13.7,1.0,1,454.5,454.5,0.0,460.7,460.7,Thin,False,History,2023-09-28,2023-09-28
Lexington,MI,,Des Moines,IA,,700.7,757.9,80.0,1.0,1,700.7,700.7,0.0,757.9,757.9,Thin,False,History,2025-04-08,2025-04-08
Liberty Hill,TX,,Salt Lake City,UT,,1301.1,1281.2,31.2,1.0,1,1301.1,1301.1,0.0,1281.2,1281.2,Thin,False,History,2025-12-12,2025-12-12
Lima,OH,,Sanger,TX,,1035.7,1124.0,128.3,1.0,1,1035.7,1035.7,0.0,1124.0,1124.0,Thin,False,History,2023-04-19,2023-04-19
Leesport,PA,,Brookshire,TX,,1556.8,1764.4,229.4,1.0,1,1556.8,1556.8,0.0,1764.4,1764.4,Thin,False,History,2023-05-15,2023-05-15
Leesville,LA,,Laredo,TX,,559.2,683.3,202.2,1.0,1,559.2,559.2,0.0,683.3,683.3,Thin,False,History,2025-06-20,2025-06-20
Leipsic,OH,,Owatonna,MN,,632.1,710.1,113.0,1.0,1,632.1,632.1,0.0,710.1,710.1,Thin,False,History,2025-03-19,2025-03-19
Leland,NC,,Fort Worth,TX,,1243.2,1341.7,124.9,1.0,1,1243.2,1243.2,0.0,1341.7,1341.7,Thin,False,History,2022-12-08,2022-12-08
Lemoyne,PA,,Portland,OR,,2758.6,2862.3,162.8,1.0,1,2758.6,2758.6,0.0,2862.3,2862.3,Thin,False,History,2025-07-09,2025-07-09
Lenox,MA,,Laredo,TX,,2123.3,2231.5,181.8,1.0,1,2123.3,2123.3,0.0,2231.5,2231.5,Thin,False,History,2023-10-27,2023-10-27
Leola,AR,,Athens,NY,,1376.2,1638.9,273.5,1.0,1,1376.2,1376.2,0.0,1638.9,1638.9,Thin,False,History,2022-09-14,2022-09-14
Leola,PA,,Midland,TX,,1808.0,2357.0,690.2,1.0,1,1808.0,1808.0,0.0,2357.0,2357.0,Thin,False,History,2024-07-03,2024-07-03
Los Angeles,CA,,Eagle Pass,TX,,1281.0,1386.3,138.4,1.0,1,1281.0,1281.0,0.0,1386.3,1386.3,Thin,False,History,2024-07-10,2024-07-10
Los Banos,CA,,Laredo,TX,,1762.8,1866.5,256.1,1.0,1,1762.8,1762.8,0.0,1866.5,1866.5,Thin,False,History,2025-10-07,2025-10-07
Louisa,VA,,Sweetwater,TX,,1467.6,1824.1,415.0,1.0,1,1467.6,1467.6,0.0,1824.1,1824.1,Thin,False,History,2025-05-13,2025-05-13
Louisburg,NC,,Laredo,TX,,1563.5,1685.1,141.5,1.0,1,1563.5,1563.5,0.0,1685.1,1685.1,Thin,False,History,2023-01-27,2023-01-27
Louisville,KY,,Grand Prairie,TX,,855.8,1677.3,842.0,1.0,1,855.8,855.8,0.0,1677.3,1677.3,Thin,False,History,2024-09-16,2024-09-16
Louisville,KY,,Port Lavaca,TX,,1071.7,1387.6,333.4,1.0,1,1071.7,1071.7,0.0,1387.6,1387.6,Thin,False,History,2024-06-04,2024-06-04
Loving,NM,,Uvalde,TX,,392.5,788.0,410.5,1.0,1,392.5,392.5,0.0,788.0,788.0,Thin,False,History,2026-01-22,2026-01-22
Lowell,AR,,Jefferson,GA,,783.6,848.5,101.7,1.0,1,783.6,783.6,0.0,848.5,848.5,Thin,False,History,2023-03-24,2023-03-24
Londonderry,NH,,Carrollton,TX,,1800.0,2135.4,377.8,1.0,1,1800.0,1800.0,0.0,2135.4,2135.4,Thin,False,History,2023-07-05,2023-07-05
Londonderry,NH,,Dallas,TX,,1798.7,1783.6,0.0,1.0,1,1798.7,1798.7,0.0,1783.6,1783.6,Thin,False,History,2023-01-04,2023-01-04
Londonderry,NH,,Faribault,MN,,1430.2,1485.9,157.0,1.0,1,1430.2,1430.2,0.0,1485.9,1485.9,Thin,False,History,2025-10-14,2025-10-14
Londonderry,NH,,Houston,TX,,1886.9,1978.1,134.5,1.0,1,1886.9,1886.9,0.0,1978.1,1978.1,Thin,False,History,2024-08-30,2024-08-30
Londonderry,NH,,Stafford,TX,,1886.2,2184.4,343.3,1.0,1,1886.2,1886.2,0.0,2184.4,2184.4,Thin,False,History,2023-05-09,2023-05-09
Long Beach,NY,,Tomball,TX,,1692.2,1667.4,17.9,1.0,1,1692.2,1692.2,0.0,1667.4,1667.4,Thin,False,History,2022-10-19,2022-10-19
Longview,TX,,Cotulla,TX,,439.3,620.0,194.4,1.0,1,439.3,439.3,0.0,620.0,620.0,Thin,False,History,2020-11-06,2020-11-06
Longview,WA,,Austin,TX,,2145.6,2146.0,65.5,1.0,1,2145.6,2145.6,0.0,2146.0,2146.0,Thin,False,History,2023-07-11,2023-07-11
Lodi,NJ,,Memphis,TN,,1091.4,1136.9,58.6,1.0,1,1091.4,1091.4,0.0,1136.9,1136.9,Thin,False,History,2026-05-02,2026-05-02
Logan Township,NJ,,Dallas,TX,,1458.4,1881.9,443.2,1.0,1,1458.4,1458.4,0.0,1881.9,1881.9,Thin,False,History,2022-04-18,2022-04-18
Logan,UT,,Houston,TX,,1563.5,1976.6,470.8,1.0,1,1563.5,1563.5,0.0,1976.6,1976.6,Thin,False,History,2021-12-07,2021-12-07
Logan,UT,,Stephenville,TX,,1293.2,1288.1,24.6,1.0,1,1293.2,1293.2,0.0,1288.1,1288.1,Thin,False,History,2022-12-16,2022-12-16
Logansport,IN,,Mission,TX,,1491.1,1670.9,282.4,1.0,1,1491.1,1491.1,0.0,1670.9,1670.9,Thin,False,History,2025-07-01,2025-07-01
Logansport,IN,,Waterloo,IA,,407.4,624.0,239.3,1.0,1,407.4,407.4,0.0,624.0,624.0,Thin,False,History,2026-03-01,2026-03-01
Loma,CA,,Morris,IL,,1960.2,1987.5,38.2,1.0,1,1960.2,1960.2,0.0,1987.5,1987.5,Thin,False,History,2025-03-20,2025-03-20
Londonderry,NH,,Burleson,TX,,1838.3,1903.0,104.3,1.0,1,1838.3,1838.3,0.0,1903.0,1903.0,Thin,False,History,2022-10-11,2022-10-11
Live Oak,FL,,Dallas,TX,,908.1,1090.5,195.8,1.0,1,908.1,908.1,0.0,1090.5,1090.5,Thin,False,History,2022-11-07,2022-11-07
Live Oak,FL,,Fort Smith,AR,,892.1,1193.1,336.3,1.0,1,892.1,892.1,0.0,1193.1,1193.1,Thin,False,History,2020-08-27,2020-08-27
Live Oak,FL,,Laredo,TX,,1135.8,1300.8,195.8,1.0,1,1135.8,1135.8,0.0,1300.8,1300.8,Thin,False,History,2022-02-04,2022-02-04
Livingston,AL,,Webster,MA,,1239.0,1338.1,120.5,1.0,1,1239.0,1239.0,0.0,1338.1,1338.1,Thin,False,History,2026-04-21,2026-04-21
Livonia,MI,,Laredo,TX,,1999.1,1845.7,283.7,1.0,1,1999.1,1999.1,0.0,1845.7,1845.7,Thin,False,History,2023-10-25,2023-10-25
Lockbourne,OH,,Brookshire,TX,,1191.3,,374.3,1.0,0,1191.3,1191.3,0.0,,,Thin,False,History,2021-03-16,2021-03-16
Lodi,CA,,Fargo,ND,,1720.0,1811.9,94.8,1.0,1,1720.0,1720.0,0.0,1811.9,1811.9,Thin,False,History,2025-04-04,2025-04-04
Lodi,MO,,Seattle,WA,,2217.3,2233.5,101.3,1.0,1,2217.3,2217.3,0.0,2233.5,2233.5,Thin,False,History,2025-04-21,2025-04-21
Covington,GA,,Laredo,TX,,1174.5,1187.8,35.4,1.0,1,1174.5,1174.5,0.0,1187.8,1187.8,Thin,False,History,2023-11-09,2023-11-09
Cowiche,WA,,Austin,TX,,2151.1,2492.2,514.4,1.0,1,2151.1,2151.1,0.0,2492.2,2492.2,Thin,False,History,2023-01-31,2023-01-31
Cowpens,SC,,Robstown,TX,,1186.3,1363.9,183.4,1.0,1,1186.3,1186.3,0.0,1363.9,1363.9,Thin,False,History,2022-07-12,2022-07-12
Craigsville,WV,,San Antonio,TX,,1416.7,1893.3,557.4,1.0,1,1416.7,1416.7,0.0,1893.3,1893.3,Thin,False,History,2021-06-05,2021-06-05
Crescent,OK,,Laredo,TX,,657.3,961.9,327.8,1.0,1,657.3,657.3,0.0,961.9,961.9,Thin,False,History,2023-05-12,2023-05-12
Cresson,TX,,Del Rio,TX,,338.1,539.1,203.4,1.0,1,338.1,338.1,0.0,539.1,539.1,Thin,False,History,2025-12-29,2025-12-29
Lumberton,MS,,Alton,TX,,759.9,1161.5,420.9,1.0,1,759.9,759.9,0.0,1161.5,1161.5,Thin,False,History,2025-06-04,2025-06-04
Lumberton,MS,,Pharr,TX,,756.8,1341.8,606.3,1.0,1,756.8,756.8,0.0,1341.8,1341.8,Thin,False,History,2025-07-29,2025-07-29
Conover,NC,,Temple,TX,,1113.3,1455.1,357.6,1.0,1,1113.3,1113.3,0.0,1455.1,1455.1,Thin,False,History,2022-06-21,2022-06-21
Conroe,TX,,Laredo,TX,,378.3,399.9,24.8,1.0,1,378.3,378.3,0.0,399.9,399.9,Thin,False,History,2023-07-26,2023-07-26
Constantine,MI,,Laredo,TX,,1491.7,1581.6,133.0,1.0,1,1491.7,1491.7,0.0,1581.6,1581.6,Thin,False,History,2023-01-20,2023-01-20
Coopersville,MI,,Ankeny,IA,,501.1,662.7,176.9,1.0,1,501.1,501.1,0.0,662.7,662.7,Thin,False,History,2025-04-10,2025-04-10
Corpus Christi,TX,,Laredo,TX,,143.5,378.4,244.9,1.0,1,143.5,143.5,0.0,378.4,378.4,Thin,False,History,2022-11-07,2022-11-07
Corrigan,TX,,Laredo,TX,,445.2,606.1,201.0,1.0,1,445.2,445.2,0.0,606.1,606.1,Thin,False,History,2023-02-13,2023-02-13
Coshocton,OH,,Laredo,TX,,1540.5,2002.6,506.7,1.0,1,1540.5,1540.5,0.0,2002.6,2002.6,Thin,False,History,2022-06-09,2022-06-09
Covington,GA,,Houston,TX,,834.3,1118.3,331.2,1.0,1,834.3,834.3,0.0,1118.3,1118.3,Thin,False,History,2022-11-15,2022-11-15
Commerce City,CO,,Austin,TX,,984.5,1152.1,246.1,1.0,1,984.5,984.5,0.0,1152.1,1152.1,Thin,False,History,2022-09-20,2022-09-20
Commerce,CA,,El Paso,TX,,818.9,792.8,2.5,1.0,1,818.9,818.9,0.0,792.8,792.8,Thin,False,History,2025-12-11,2025-12-11
Commerce,TX,,Laredo,TX,,500.3,571.8,77.8,1.0,1,500.3,500.3,0.0,571.8,571.8,Thin,False,History,2024-05-28,2024-05-28
Compton,CA,,Austin,TX,,1387.2,1598.3,247.9,1.0,1,1387.2,1387.2,0.0,1598.3,1598.3,Thin,False,History,2025-09-19,2025-09-19
Congers,NY,,Laredo,TX,,1998.0,2108.3,173.6,1.0,1,1998.0,1998.0,0.0,2108.3,2108.3,Thin,False,History,2023-07-10,2023-07-10
Conley,GA,,Laredo,TX,,1139.6,1176.4,67.1,1.0,1,1139.6,1139.6,0.0,1176.4,1176.4,Thin,False,History,2023-09-15,2023-09-15
Connell,WA,,Laredo,TX,,2160.3,2349.2,322.6,1.0,1,2160.3,2160.3,0.0,2349.2,2349.2,Thin,False,History,2022-07-15,2022-07-15
Conover,NC,,Laredo,TX,,1397.4,1448.3,93.1,1.0,1,1397.4,1397.4,0.0,1448.3,1448.3,Thin,False,History,2024-12-06,2024-12-06
Lowville,NY,,Fort Worth,TX,,1634.6,2322.1,760.0,1.0,1,1634.6,1634.6,0.0,2322.1,2322.1,Thin,False,History,2021-10-06,2021-10-06
Lubbock,TX,,Mcallen,TX,,627.1,795.0,173.4,1.0,1,627.1,627.1,0.0,795.0,795.0,Thin,False,History,2025-12-15,2025-12-15
Lucedale,MS,,Pharr,TX,,811.5,1009.9,217.0,1.0,1,811.5,811.5,0.0,1009.9,1009.9,Thin,False,History,2024-10-26,2024-10-26
Ludington,MI,,Binghamton,NY,,762.2,833.7,79.7,1.0,1,762.2,762.2,0.0,833.7,833.7,Thin,False,History,2025-09-15,2025-09-15
Ludington,MI,,Midland,TX,,1445.6,1879.0,548.8,1.0,1,1445.6,1445.6,0.0,1879.0,1879.0,Thin,False,History,2022-12-16,2022-12-16
Columbus,OH,,La Porte,TX,,1182.4,1514.0,395.7,1.0,1,1182.4,1182.4,0.0,1514.0,1514.0,Thin,False,History,2026-07-29,2026-07-29
Columbus,OH,,San Antonio,TX,,1345.7,1591.5,277.9,1.0,1,1345.7,1345.7,0.0,1591.5,1591.5,Thin,False,History,2025-06-03,2025-06-03
Columbus,OH,,St North Rice,MN,,806.6,893.6,114.0,1.0,1,806.6,806.6,0.0,893.6,893.6,Thin,False,History,2025-02-24,2025-02-24
Manassas,VA,,Corpus Christi,TX,,1595.7,1925.8,376.1,1.0,1,1595.7,1595.7,0.0,1925.8,1925.8,Thin,False,History,2026-08-16,2026-08-16
Manchester,PA,,Lancaster,TX,,1399.3,1969.0,593.4,1.0,1,1399.3,1399.3,0.0,1969.0,1969.0,Thin,False,History,2021-10-19,2021-10-19
Manchester,PA,,Laredo,TX,,1845.0,1890.3,77.8,1.0,1,1845.0,1845.0,0.0,1890.3,1890.3,Thin,False,History,2024-03-29,2024-03-29
Manitowoc,WI,,Laredo,TX,,1513.2,1669.5,164.7,1.0,1,1513.2,1513.2,0.0,1669.5,1669.5,Thin,False,History,2023-03-09,2023-03-09
Mansfield,TX,,Laredo,TX,,419.3,442.5,27.1,1.0,1,419.3,419.3,0.0,442.5,442.5,Thin,False,History,2023-05-17,2023-05-17
Manteno,IL,,Laredo,TX,,1352.9,1511.5,207.4,1.0,1,1352.9,1352.9,0.0,1511.5,1511.5,Thin,False,History,2021-12-02,2021-12-02
Manton,MI,,Houston,TX,,1346.5,,476.6,1.0,0,1346.5,1346.5,0.0,,,Thin,False,History,2020-11-13,2020-11-13
Manzanola,CO,,Alvarado,TX,,652.3,694.8,48.1,1.0,1,652.3,652.3,0.0,694.8,694.8,Thin,False,History,2022-09-01,2022-09-01
Madison,IN,,San Antonio,TX,,1166.2,1518.7,405.7,1.0,1,1166.2,1166.2,0.0,1518.7,1518.7,Thin,False,History,2025-11-07,2025-11-07
Madison,NE,,Hidalgo,TX,,1179.6,1869.7,732.7,1.0,1,1179.6,1179.6,0.0,1869.7,1869.7,Thin,False,History,2025-09-30,2025-09-30
Madisonville,TX,,Laredo,TX,,367.3,439.3,122.8,1.0,1,367.3,367.3,0.0,439.3,439.3,Thin,False,History,2021-09-23,2021-09-23
Madras,OR,,Buchanan,OR,,205.7,549.8,344.8,1.0,1,205.7,205.7,0.0,549.8,549.8,Thin,False,History,2022-09-12,2022-09-12
Magnolia,MS,,Laredo,TX,,709.1,850.5,181.2,1.0,1,709.1,709.1,0.0,850.5,850.5,Thin,False,History,2024-02-05,2024-02-05
Magnolia,MS,,San Antonio,TX,,545.0,1369.4,871.5,1.0,1,545.0,545.0,0.0,1369.4,1369.4,Thin,False,History,2025-11-24,2025-11-24
Malvern,AR,,Laredo,TX,,706.4,824.9,195.4,1.0,1,706.4,706.4,0.0,824.9,824.9,Thin,False,History,2025-08-22,2025-08-22
Malvern,PA,,Laredo,TX,,1887.3,1870.2,40.0,1.0,1,1887.3,1887.3,0.0,1870.2,1870.2,Thin,False,History,2023-08-11,2023-08-11
Macon,GA,,San Antonio,TX,,1006.6,1524.8,528.2,1.0,1,1006.6,1006.6,0.0,1524.8,1524.8,Thin,False,History,2026-01-09,2026-01-09
Madera,CA,,Abernathy,TX,,1267.7,1387.1,145.6,1.0,1,1267.7,1267.7,0.0,1387.1,1387.1,Thin,False,History,2025-12-12,2025-12-12
Madill,OK,,East St. Louis,IL,,536.0,637.0,118.4,1.0,1,536.0,536.0,0.0,637.0,637.0,Thin,False,History,2025-02-08,2025-02-08
Madill,OK,,Laredo,TX,,532.1,636.7,128.6,1.0,1,532.1,532.1,0.0,636.7,636.7,Thin,False,History,2023-05-23,2023-05-23
Madison,FL,,Laredo,TX,,1109.6,1293.0,215.1,1.0,1,1109.6,1109.6,0.0,1293.0,1293.0,Thin,False,History,2021-05-11,2021-05-11
Madison,GA,,Lafayette,IN,,660.7,674.2,56.6,1.0,1,660.7,660.7,0.0,674.2,674.2,Thin,False,History,2025-08-22,2025-08-22
Madison,IN,,Corpus Christi,TX,,1400.9,1664.4,293.9,1.0,1,1400.9,1400.9,0.0,1664.4,1664.4,Thin,False,History,2025-05-29,2025-05-29
Madison,IN,,Laredo,TX,,1310.5,1341.7,82.9,1.0,1,1310.5,1310.5,0.0,1341.7,1341.7,Thin,False,History,2024-04-24,2024-04-24
Luverne,MN,,Mcallen,TX,,1337.2,1773.2,458.5,1.0,1,1337.2,1337.2,0.0,1773.2,1773.2,Thin,False,History,2025-04-22,2025-04-22
Lynchburg,VA,,Laredo,TX,,1577.0,1655.5,115.8,1.0,1,1577.0,1577.0,0.0,1655.5,1655.5,Thin,False,History,2022-05-06,2022-05-06
Lynden,WA,,Springfield,OH,,2473.6,2349.3,0.0,1.0,1,2473.6,2473.6,0.0,2349.3,2349.3,Thin,False,History,2022-06-22,2022-06-22
Lyndhurst,NJ,,Laredo,TX,,1970.9,2007.0,96.9,1.0,1,1970.9,1970.9,0.0,2007.0,2007.0,Thin,False,History,2022-01-03,2022-01-03
Lyons,IL,,San Antonio,TX,,1192.6,1436.2,262.8,1.0,1,1192.6,1192.6,0.0,1436.2,1436.2,Thin,False,History,2023-03-21,2023-03-21
Machias,ME,,Laredo,TX,,2506.1,2847.1,401.6,1.0,1,2506.1,2506.1,0.0,2847.1,2847.1,Thin,False,History,2023-05-19,2023-05-19
Machias,ME,,San Antonio,TX,,2356.4,2883.9,562.6,1.0,1,2356.4,2356.4,0.0,2883.9,2883.9,Thin,False,History,2023-06-02,2023-06-02
Macon,GA,,Laredo,TX,,1103.7,1472.4,392.2,1.0,1,1103.7,1103.7,0.0,1472.4,1472.4,Thin,False,History,2026-01-26,2026-01-26
Maxton,NC,,Wolfe City,TX,,1133.9,1129.0,37.2,1.0,1,1133.9,1133.9,0.0,1129.0,1129.0,Thin,False,History,2023-04-19,2023-04-19
McConnellsburg,PA,,Pharr,TX,,1757.1,2179.0,448.0,1.0,1,1757.1,1757.1,0.0,2179.0,2179.0,Thin,False,History,2022-12-20,2022-12-20
McConnellsburg,PA,,Schertz,TX,,1591.4,1802.3,267.2,1.0,1,1591.4,1591.4,0.0,1802.3,1802.3,Thin,False,History,2022-06-07,2022-06-07
McCook,IL,,Laredo,TX,,1351.1,,13.3,1.0,0,1351.1,1351.1,0.0,,,Thin,False,History,2022-04-05,2022-04-05
Mcadoo,PA,,Roanoke,TX,,1489.5,1970.9,498.2,1.0,1,1489.5,1489.5,0.0,1970.9,1970.9,Thin,False,History,2023-01-11,2023-01-11
Mcalester,OK,,Laredo,TX,,597.4,713.5,128.6,1.0,1,597.4,597.4,0.0,713.5,713.5,Thin,False,History,2021-07-19,2021-07-19
Mcbee,SC,,San Antonio,TX,,1272.5,1570.7,308.4,1.0,1,1272.5,1272.5,0.0,1570.7,1570.7,Thin,False,History,2023-05-25,2023-05-25
McConnellsburg,PA,,Carrizo Springs,TX,,1727.2,2053.2,368.9,1.0,1,1727.2,1727.2,0.0,2053.2,2053.2,Thin,False,History,2023-10-04,2023-10-04
Marshville,NC,,Nacogdoches,TX,,1606.6,2514.5,1013.4,1.0,1,1606.6,1606.6,0.0,2514.5,2514.5,Thin,False,History,2022-07-06,2022-07-06
Marshville,NC,,San Antonio,TX,,1272.2,1898.7,660.7,1.0,1,1272.2,1272.2,0.0,1898.7,1898.7,Thin,False,History,2022-07-02,2022-07-02
Martinsburg,WV,,Sherman,TX,,1180.3,1441.7,280.5,1.0,1,1180.3,1180.3,0.0,1441.7,1441.7,Thin,False,History,2023-03-21,2023-03-21
Maryland Heights,MO,,Waco,TX,,721.4,938.8,232.8,1.0,1,721.4,721.4,0.0,938.8,938.8,Thin,False,History,2026-08-10,2026-08-10
Maryland,MO,,Pharr,TX,,1224.9,1664.6,466.5,1.0,1,1224.9,1224.9,0.0,1664.6,1664.6,Thin,False,History,2025-03-31,2025-03-31
Maryville,TN,,Laredo,TX,,1256.1,1388.6,162.7,1.0,1,1256.1,1256.1,0.0,1388.6,1388.6,Thin,False,History,2021-01-18,2021-01-18
Mason,OH,,San Antonio,TX,,1223.4,1354.9,193.8,1.0,1,1223.4,1223.4,0.0,1354.9,1354.9,Thin,False,History,2022-12-13,2022-12-13
Matteson,IL,,Laredo,TX,,1372.5,1331.9,9.6,1.0,1,1372.5,1372.5,0.0,1331.9,1331.9,Thin,False,History,2024-02-06,2024-02-06
Marion,KY,,Drakesville,IA,,438.1,507.9,97.3,1.0,1,438.1,438.1,0.0,507.9,507.9,Thin,False,History,2026-08-06,2026-08-06
Marion,OH,,Eagle Pass,TX,,1496.1,1717.6,277.6,1.0,1,1496.1,1496.1,0.0,1717.6,1717.6,Thin,False,History,2023-11-20,2023-11-20
Marion,OH,,Taylor,TX,,1243.8,1553.9,360.7,1.0,1,1243.8,1243.8,0.0,1553.9,1553.9,Thin,False,History,2023-01-31,2023-01-31
Marshalltown,IA,,Hidalgo,TX,,1262.5,1665.9,460.1,1.0,1,1262.5,1262.5,0.0,1665.9,1665.9,Thin,False,History,2022-09-23,2022-09-23
Marshalltown,IA,,Mcallen,TX,,1243.8,1753.5,528.5,1.0,1,1243.8,1243.8,0.0,1753.5,1753.5,Thin,False,History,2026-03-21,2026-03-21
Marshfield,WI,,Greendale St,IN,,574.3,658.2,122.6,1.0,1,574.3,574.3,0.0,658.2,658.2,Thin,False,History,2025-10-31,2025-10-31
Marshfield,WI,,Taylor,MI,,558.1,649.1,122.6,1.0,1,558.1,558.1,0.0,649.1,649.1,Thin,False,History,2025-10-31,2025-10-31
Marshville,NC,,Friona,TX,,1750.5,2386.9,729.1,1.0,1,1750.5,1750.5,0.0,2386.9,2386.9,Thin,False,History,2025-01-07,2025-01-07
Marengo,IL,,Mcallen,TX,,1449.7,,500.3,1.0,0,1449.7,1449.7,0.0,,,Thin,False,History,2025-08-11,2025-08-11
Marengo,IL,,San Antonio,TX,,1205.1,,198.3,1.0,0,1205.1,1205.1,0.0,,,Thin,False,History,2021-04-27,2021-04-27
Maricopa,AZ,,Albuquerque,NM,,452.1,472.6,35.2,1.0,1,452.1,452.1,0.0,472.6,472.6,Thin,False,History,2026-01-19,2026-01-19
Maricopa,AZ,,El Paso,TX,,419.8,1057.5,742.3,1.0,1,419.8,419.8,0.0,1057.5,1057.5,Thin,False,History,2025-12-29,2025-12-29
Maricopa,AZ,,Las Vegas,NM,,563.2,585.1,35.2,1.0,1,563.2,563.2,0.0,585.1,585.1,Thin,False,History,2026-01-23,2026-01-23
Marietta,GA,,Carthage,MS,,365.2,1139.5,859.4,1.0,1,365.2,365.2,0.0,1139.5,1139.5,Thin,False,History,2025-02-02,2025-02-02
Marietta,GA,,Laredo,TX,,1156.1,1133.8,26.5,1.0,1,1156.1,1156.1,0.0,1133.8,1133.8,Thin,False,History,2023-09-01,2023-09-01
Marinette,WI,,Laredo,TX,,1602.8,1673.1,94.7,1.0,1,1602.8,1602.8,0.0,1673.1,1673.1,Thin,False,History,2022-09-30,2022-09-30
Columbia,SC,,Dallas,TX,,1022.4,1471.9,470.1,1.0,1,1022.4,1022.4,0.0,1471.9,1471.9,Thin,False,History,2022-12-11,2022-12-11
Columbia,SC,,Seguin,TX,,1170.0,1567.4,413.7,1.0,1,1170.0,1170.0,0.0,1567.4,1567.4,Thin,False,History,2025-05-07,2025-05-07
Columbia,TN,,Farmingdale,NJ,,904.6,939.4,60.4,1.0,1,904.6,904.6,0.0,939.4,939.4,Thin,False,History,2026-07-16,2026-07-16
Columbus,IN,,Arlington,TX,,927.8,1520.0,618.7,1.0,1,927.8,927.8,0.0,1520.0,1520.0,Thin,False,History,2024-03-13,2024-03-13
Columbus,OH,,Concord,NH,,807.0,793.7,58.9,1.0,1,807.0,807.0,0.0,793.7,793.7,Thin,False,History,2026-04-07,2026-04-07
Medley,FL,,Houston,TX,,1199.1,1526.8,357.2,1.0,1,1199.1,1199.1,0.0,1526.8,1526.8,Thin,False,History,2022-01-10,2022-01-10
Medley,FL,,Mcallen,TX,,1538.2,1674.3,163.3,1.0,1,1538.2,1538.2,0.0,1674.3,1674.3,Thin,False,History,2022-11-22,2022-11-22
Meirose,IL,,Laredo,TX,,1355.2,1350.2,4.8,1.0,1,1355.2,1355.2,0.0,1350.2,1350.2,Thin,False,History,2023-07-21,2023-07-21
Colfax,NC,,Elk Grove,IL,,907.7,1076.3,223.8,1.0,1,907.7,907.7,0.0,1076.3,1076.3,Thin,False,History,2025-12-31,2025-12-31
College Park,GA,,New Braunfels,TX,,997.3,1190.6,234.8,1.0,1,997.3,997.3,0.0,1190.6,1190.6,Thin,False,History,2025-01-27,2025-01-27
College Point,NY,,Fairfield,OH,,657.5,686.0,47.4,1.0,1,657.5,657.5,0.0,686.0,686.0,Thin,False,History,2026-04-03,2026-04-03
Collegeville,PA,,Austin,TX,,1655.8,2084.8,497.5,1.0,1,1655.8,1655.8,0.0,2084.8,2084.8,Thin,False,History,2021-12-10,2021-12-10
Collinsville,AL,,Laredo,TX,,1093.9,1161.8,117.7,1.0,1,1093.9,1093.9,0.0,1161.8,1161.8,Thin,False,History,2024-04-09,2024-04-09
Colorado Springs,CO,,Tampa,FL,,1994.8,1964.1,68.6,1.0,1,1994.8,1994.8,0.0,1964.1,1964.1,Thin,False,History,2024-05-18,2024-05-18
Columbia City,IN,,Laredo,TX,,1461.0,1450.6,42.4,1.0,1,1461.0,1461.0,0.0,1450.6,1450.6,Thin,False,History,2023-01-03,2023-01-03
Columbia,MD,,Fort Worth,TX,,1394.2,1372.6,4.7,1.0,1,1394.2,1394.2,0.0,1372.6,1372.6,Thin,False,History,2022-11-30,2022-11-30
Medley,FL,,Cheeshire,CT,,1388.3,1717.8,354.1,1.0,1,1388.3,1388.3,0.0,1717.8,1717.8,Thin,False,History,2021-02-07,2021-02-07
Medley,FL,,Grand Prairie,TX,,1323.8,1721.3,436.1,1.0,1,1323.8,1323.8,0.0,1721.3,1721.3,Thin,False,History,2026-07-06,2026-07-06
Coldwater,MI,,Bryan,TX,,1197.1,1282.5,132.4,1.0,1,1197.1,1197.1,0.0,1282.5,1282.5,Thin,False,History,2025-06-25,2025-06-25
Coldwater,MI,,Buda,TX,,1286.6,1545.5,296.5,1.0,1,1286.6,1286.6,0.0,1545.5,1545.5,Thin,False,History,2021-04-27,2021-04-27
Coldwater,MI,,Clinton,OK,,1009.7,1113.2,113.3,1.0,1,1009.7,1009.7,0.0,1113.2,1113.2,Thin,False,History,2025-03-22,2025-03-22
Coldwater,MI,,Katy,TX,,1231.2,1628.6,435.8,1.0,1,1231.2,1231.2,0.0,1628.6,1628.6,Thin,False,History,2025-09-22,2025-09-22
Coldwater,MI,,Little Rock,AR,,777.2,866.5,113.3,1.0,1,777.2,777.2,0.0,866.5,866.5,Thin,False,History,2025-02-11,2025-02-11
Coldwater,MI,,Yoakum,TX,,1332.3,1548.9,328.2,1.0,1,1332.3,1332.3,0.0,1548.9,1548.9,Thin,False,History,2023-01-03,2023-01-03
McConnellsburg,PA,,Whitsett,TX,,1662.7,1804.1,193.0,1.0,1,1662.7,1662.7,0.0,1804.1,1804.1,Thin,False,History,2023-04-17,2023-04-17
Mcdonough,GA,,San Antonio,TX,,999.9,1188.5,217.2,1.0,1,999.9,999.9,0.0,1188.5,1188.5,Thin,False,History,2023-08-12,2023-08-12
Mcintyre,GA,,Laredo,TX,,1191.0,1353.5,188.6,1.0,1,1191.0,1191.0,0.0,1353.5,1353.5,Thin,False,History,2020-12-09,2020-12-09
Meadville,PA,,Wilmer,TX,,1461.9,1756.5,336.7,1.0,1,1461.9,1461.9,0.0,1756.5,1756.5,Thin,False,History,2023-05-06,2023-05-06
Mechanicsburg,PA,,Fort Worth,TX,,1409.9,1472.1,75.7,1.0,1,1409.9,1409.9,0.0,1472.1,1472.1,Thin,False,History,2023-02-08,2023-02-08
Mechanicsburg,PA,,Houston,TX,,1468.2,1519.8,75.7,1.0,1,1468.2,1468.2,0.0,1519.8,1519.8,Thin,False,History,2023-03-28,2023-03-28
Mechanicsburg,PA,,Muldoon,TX,,1570.7,1989.6,458.2,1.0,1,1570.7,1570.7,0.0,1989.6,1989.6,Thin,False,History,2022-11-02,2022-11-02
Medina,OH,,Hidalgo,TX,,2102.1,3033.0,1057.7,1.0,1,2102.1,2102.1,0.0,3033.0,3033.0,Thin,False,History,2025-12-09,2025-12-09
Milton Freewate,OR,,Houston,TX,,2108.9,2577.9,582.1,1.0,1,2108.9,2108.9,0.0,2577.9,2577.9,Thin,False,History,2023-01-24,2023-01-24
Milton Freewate,OR,,San Antonio,TX,,1940.6,2275.6,396.8,1.0,1,1940.6,1940.6,0.0,2275.6,2275.6,Thin,False,History,2023-01-27,2023-01-27
Milton,FL,,Eagle Pass,TX,,874.2,1408.8,562.3,1.0,1,874.2,874.2,0.0,1408.8,1408.8,Thin,False,History,2021-07-27,2021-07-27
Milton,FL,,Goldwaite,TX,,789.0,1153.0,391.1,1.0,1,789.0,789.0,0.0,1153.0,1153.0,Thin,False,History,2022-04-09,2022-04-09
Milton,FL,,Knippa,TX,,819.5,1053.3,261.0,1.0,1,819.5,819.5,0.0,1053.3,1053.3,Thin,False,History,2023-05-06,2023-05-06
Milton,PA,,Dayton,TX,,1484.3,1991.8,562.9,1.0,1,1484.3,1484.3,0.0,1991.8,1991.8,Thin,False,History,2022-05-12,2022-05-12
Milwaukee,WI,,Temple,TX,,1148.1,1536.9,400.1,1.0,1,1148.1,1148.1,0.0,1536.9,1536.9,Thin,False,History,2022-08-03,2022-08-03
Minster,OH,,Laredo,TX,,1463.2,1997.9,608.4,1.0,1,1463.2,1463.2,0.0,1997.9,1997.9,Thin,False,History,2023-07-13,2023-07-13
Middletown,NJ,,New Braunfels,TX,,1797.6,2013.3,289.7,1.0,1,1797.6,1797.6,0.0,2013.3,2013.3,Thin,False,History,2021-04-02,2021-04-02
Midland,PA,,Sinton,TX,,1524.7,2064.0,576.8,1.0,1,1524.7,1524.7,0.0,2064.0,2064.0,Thin,False,History,2022-05-04,2022-05-04
Midlothian,TX,,San Antonio,TX,,252.8,434.9,184.6,1.0,1,252.8,252.8,0.0,434.9,434.9,Thin,False,History,2023-03-10,2023-03-10
Milan,MO,,Hidalgo,TX,,1127.8,1785.0,679.2,1.0,1,1127.8,1127.8,0.0,1785.0,1785.0,Thin,False,History,2026-03-03,2026-03-03
Milan,MO,,Mcallen,TX,,1126.8,1379.9,268.1,1.0,1,1126.8,1126.8,0.0,1379.9,1379.9,Thin,False,History,2025-11-06,2025-11-06
Millsboro,DE,,Laredo,TX,,1875.7,1986.2,185.6,1.0,1,1875.7,1875.7,0.0,1986.2,1986.2,Thin,False,History,2023-07-21,2023-07-21
Millsboro,DE,,Stafford,TX,,1543.9,1963.5,478.6,1.0,1,1543.9,1543.9,0.0,1963.5,1963.5,Thin,False,History,2022-03-21,2022-03-21
Millville,NJ,,Laredo,TX,,1904.2,2020.0,180.7,1.0,1,1904.2,1904.2,0.0,2020.0,2020.0,Thin,False,History,2023-10-13,2023-10-13
Miami,FL,,Austin,TX,,1503.9,,218.4,1.0,0,1503.9,1503.9,0.0,,,Thin,False,History,2022-03-28,2022-03-28
Miami,FL,,Brownsville,TX,,1548.0,1750.2,223.7,1.0,1,1548.0,1548.0,0.0,1750.2,1750.2,Thin,False,History,2026-06-17,2026-06-17
Miami,FL,,Keller,TX,,1359.1,1755.0,447.7,1.0,1,1359.1,1359.1,0.0,1755.0,1755.0,Thin,False,History,2023-10-18,2023-10-18
Miami,FL,,Lansing,MI,,1393.8,1369.9,8.8,1.0,1,1393.8,1393.8,0.0,1369.9,1369.9,Thin,False,History,2025-06-13,2025-06-13
Miami,FL,,Missouri,TX,,1205.1,1190.4,7.2,1.0,1,1205.1,1205.1,0.0,1190.4,1190.4,Thin,False,History,2023-09-29,2023-09-29
Mickleton,NJ,,Laredo,TX,,1882.5,1993.0,169.8,1.0,1,1882.5,1882.5,0.0,1993.0,1993.0,Thin,False,History,2023-08-10,2023-08-10
Middlebury Center,PA,,Laredo,TX,,1877.5,1936.2,136.3,1.0,1,1877.5,1877.5,0.0,1936.2,1936.2,Thin,False,History,2021-12-22,2021-12-22
Middletown,NJ,,Austin,TX,,1745.9,2061.5,390.1,1.0,1,1745.9,1745.9,0.0,2061.5,2061.5,Thin,False,History,2022-04-08,2022-04-08
Memphis,TN,,Junction City,OR,,2433.6,2271.2,7.0,1.0,1,2433.6,2433.6,0.0,2271.2,2271.2,Thin,False,History,2026-04-28,2026-04-28
Memphis,TN,,Lubbock,TX,,821.7,980.3,225.5,1.0,1,821.7,821.7,0.0,980.3,980.3,Thin,False,History,2024-07-16,2024-07-16
Mendota,CA,,Seattle,WA,,911.9,941.7,41.6,1.0,1,911.9,911.9,0.0,941.7,941.7,Thin,False,History,2024-10-14,2024-10-14
Meridian,MS,,Corpus Christi,TX,,741.9,926.0,219.5,1.0,1,741.9,741.9,0.0,926.0,926.0,Thin,False,History,2025-08-06,2025-08-06
Meridian,MS,,San Antonio,TX,,727.6,919.9,216.3,1.0,1,727.6,727.6,0.0,919.9,919.9,Thin,False,History,2025-09-18,2025-09-18
Merlin,OR,,Houston,TX,,2266.3,2615.0,453.8,1.0,1,2266.3,2266.3,0.0,2615.0,2615.0,Thin,False,History,2022-06-22,2022-06-22
Meshoppen,PA,,Lipan,TX,,1621.6,2153.9,587.5,1.0,1,1621.6,1621.6,0.0,2153.9,2153.9,Thin,False,History,2024-03-06,2024-03-06
Mesquite,TX,,Maple Grove,MN,,958.9,985.2,59.1,1.0,1,958.9,958.9,0.0,985.2,985.2,Thin,False,History,2025-10-24,2025-10-24
Montrose,CO,,San Antonio,TX,,1048.6,1505.1,487.8,1.0,1,1048.6,1048.6,0.0,1505.1,1505.1,Thin,False,History,2024-10-28,2024-10-28
Moore,SC,,Temple,TX,,1029.2,1467.3,454.0,1.0,1,1029.2,1029.2,0.0,1467.3,1467.3,Thin,False,History,2026-06-09,2026-06-09
Moorefield,WV,,Pittsburg,TX,,1153.8,1274.0,137.7,1.0,1,1153.8,1153.8,0.0,1274.0,1274.0,Thin,False,History,2023-02-04,2023-02-04
Mooreland,OK,,Huntsville,AL,,813.3,1003.4,206.6,1.0,1,813.3,813.3,0.0,1003.4,1003.4,Thin,False,History,2023-08-05,2023-08-05
Mooreland,OK,,La Habra,CA,,1245.5,1313.6,75.1,1.0,1,1245.5,1245.5,0.0,1313.6,1313.6,Thin,False,History,2024-10-04,2024-10-04
Mooresboro,NC,,Floresville,TX,,1208.4,1384.3,222.4,1.0,1,1208.4,1208.4,0.0,1384.3,1384.3,Thin,False,History,2024-03-25,2024-03-25
Moraine,OH,,Laredo,TX,,1408.3,1475.8,131.9,1.0,1,1408.3,1408.3,0.0,1475.8,1475.8,Thin,False,History,2023-01-09,2023-01-09
Morenci,AZ,,Laredo,TX,,934.6,1041.5,207.8,1.0,1,934.6,934.6,0.0,1041.5,1041.5,Thin,False,History,2022-12-14,2022-12-14
Monte Vista,CO,,Laredo,TX,,1019.5,1175.1,259.5,1.0,1,1019.5,1019.5,0.0,1175.1,1175.1,Thin,False,History,2024-07-22,2024-07-22
Montello,WI,,Manchaca,TX,,1412.8,1631.4,294.9,1.0,1,1412.8,1412.8,0.0,1631.4,1631.4,Thin,False,History,2023-08-15,2023-08-15
Montgomery,NY,,Terrell,TX,,1565.8,2082.5,536.6,1.0,1,1565.8,1565.8,0.0,2082.5,2082.5,Thin,False,History,2022-07-08,2022-07-08
Montgomery,PA,,Gainesville,TX,,1415.1,1609.4,231.8,1.0,1,1415.1,1415.1,0.0,1609.4,1609.4,Thin,False,History,2024-12-27,2024-12-27
Montgomeryville,PA,,San Antonio,TX,,1758.1,2076.0,376.5,1.0,1,1758.1,1758.1,0.0,2076.0,2076.0,Thin,False,History,2022-05-24,2022-05-24
Monticello,NY,,Brookshire,TX,,1688.3,1846.6,191.5,1.0,1,1688.3,1688.3,0.0,1846.6,1846.6,Thin,False,History,2023-04-26,2023-04-26
Montrose,CO,,Laredo,TX,,1203.9,1499.0,400.2,1.0,1,1203.9,1203.9,0.0,1499.0,1499.0,Thin,False,History,2022-05-26,2022-05-26
Montrose,CO,,Rosenberg,TX,,1122.0,1367.3,299.6,1.0,1,1122.0,1122.0,0.0,1367.3,1367.3,Thin,False,History,2024-02-06,2024-02-06
Monclova,CO,,Charlotte,NC,,1557.2,1519.0,0.0,1.0,1,1557.2,1557.2,0.0,1519.0,1519.0,Thin,False,History,2026-02-13,2026-02-13
Monroe Township,NJ,,Brookshire,TX,,1630.5,1659.7,66.5,1.0,1,1630.5,1630.5,0.0,1659.7,1659.7,Thin,False,History,2023-08-15,2023-08-15
Monroe Township,NJ,,Laredo,TX,,1941.3,1959.5,66.5,1.0,1,1941.3,1941.3,0.0,1959.5,1959.5,Thin,False,History,2023-06-14,2023-06-14
Monroe Township,NJ,,Temple,TX,,1644.9,1666.7,78.0,1.0,1,1644.9,1644.9,0.0,1666.7,1666.7,Thin,False,History,2022-12-13,2022-12-13
Monroe,MI,,Laredo,TX,,1582.7,1669.6,183.6,1.0,1,1582.7,1582.7,0.0,1669.6,1669.6,Thin,False,History,2025-07-03,2025-07-03
Monroeville,AL,,Edinburg,TX,,888.2,1242.2,375.4,1.0,1,888.2,888.2,0.0,1242.2,1242.2,Thin,False,History,2026-02-13,2026-02-13
Monte Vista,CO,,Hidalgo,TX,,1116.0,1458.0,375.2,1.0,1,1116.0,1116.0,0.0,1458.0,1458.0,Thin,False,History,2022-11-01,2022-11-01
Monte Vista,CO,,Hunt,TX,,808.3,1118.4,363.8,1.0,1,808.3,808.3,0.0,1118.4,1118.4,Thin,False,History,2022-05-09,2022-05-09
Minneapolis,MN,,Laredo,TX,,1355.8,1405.1,60.3,1.0,1,1355.8,1355.8,0.0,1405.1,1405.1,Thin,False,History,2025-09-05,2025-09-05
Minster,OH,,Faribault,MN,,649.4,793.3,175.8,1.0,1,649.4,649.4,0.0,793.3,793.3,Thin,False,History,2025-03-31,2025-03-31
Minster,OH,,Saint Cloud,MN,,714.6,806.9,124.2,1.0,1,714.6,714.6,0.0,806.9,806.9,Thin,False,History,2025-03-18,2025-03-18
Mission,TX,,Oconomowoc,WI,,1516.8,1484.4,0.0,1.0,1,1516.8,1516.8,0.0,1484.4,1484.4,Thin,False,History,2025-12-30,2025-12-30
Mobile,AL,,Laredo,TX,,812.9,1489.3,729.3,1.0,1,812.9,812.9,0.0,1489.3,1489.3,Thin,False,History,2022-03-04,2022-03-04
Mohave Valley,AZ,,Lampasas,TX,,1174.6,1668.1,523.8,1.0,1,1174.6,1174.6,0.0,1668.1,1668.1,Thin,False,History,2024-10-09,2024-10-09
Molalla,OR,,San Antonio,TX,,2143.2,2435.5,350.8,1.0,1,2143.2,2143.2,0.0,2435.5,2435.5,Thin,False,History,2025-04-24,2025-04-24
Monclova,CO,,Carnegie,PA,,1805.3,1600.6,166.2,1.0,1,1805.3,1805.3,0.0,1600.6,1600.6,Thin,False,History,2024-08-21,2024-08-21
Closter,NJ,,Houston,TX,,1656.9,1675.1,56.3,1.0,1,1656.9,1656.9,0.0,1675.1,1675.1,Thin,False,History,2024-06-05,2024-06-05
Closter,NJ,,San Antonio,TX,,1925.2,2090.4,212.8,1.0,1,1925.2,1925.2,0.0,2090.4,2090.4,Thin,False,History,2025-03-06,2025-03-06
Cloverleaf,IL,,Laredo,TX,,1197.8,1379.5,205.8,1.0,1,1197.8,1197.8,0.0,1379.5,1379.5,Thin,False,History,2025-10-02,2025-10-02
Clovis,NM,,Laredo,TX,,637.3,874.9,277.0,1.0,1,637.3,637.3,0.0,874.9,874.9,Thin,False,History,2023-11-06,2023-11-06
Coachella,CA,,Houston,TX,,1430.6,1465.2,76.7,1.0,1,1430.6,1430.6,0.0,1465.2,1465.2,Thin,False,History,2024-04-26,2024-04-26
Cochranton,PA,,Pleasanton,TX,,1574.3,2463.6,955.9,1.0,1,1574.3,1574.3,0.0,2463.6,2463.6,Thin,False,History,2021-11-20,2021-11-20
Moses Lake,WA,,San Antonio,TX,,2053.7,,346.3,1.0,0,2053.7,2053.7,0.0,,,Thin,False,History,2024-06-18,2024-06-18
Mosinee,WI,,Laredo,TX,,1542.6,1521.3,29.7,1.0,1,1542.6,1542.6,0.0,1521.3,1521.3,Thin,False,History,2025-10-03,2025-10-03
Clearwater,FL,,Mcallen,TX,,1302.9,,311.0,1.0,0,1302.9,1302.9,0.0,,,Thin,False,History,2025-07-02,2025-07-02
Cleburne,TX,,Three Rivers,TX,,329.2,487.7,185.5,1.0,1,329.2,329.2,0.0,487.7,487.7,Thin,False,History,2023-10-20,2023-10-20
Cleveland,NC,,Laredo,TX,,1429.2,1427.7,46.8,1.0,1,1429.2,1429.2,0.0,1427.7,1427.7,Thin,False,History,2022-07-27,2022-07-27
Cleveland,OH,,Corpus Christi,TX,,1531.5,1783.2,286.6,1.0,1,1531.5,1531.5,0.0,1783.2,1783.2,Thin,False,History,2025-11-10,2025-11-10
Cleveland,OH,,Laredo,TX,,1614.8,1843.4,308.9,1.0,1,1614.8,1614.8,0.0,1843.4,1843.4,Thin,False,History,2024-03-19,2024-03-19
Cleveland,OH,,San Antonio,TX,,1652.2,1851.5,265.4,1.0,1,1652.2,1652.2,0.0,1851.5,1851.5,Thin,False,History,2022-11-26,2022-11-26
Clifton Park,NY,,Laredo,TX,,2075.6,2209.0,204.4,1.0,1,2075.6,2075.6,0.0,2209.0,2209.0,Thin,False,History,2022-04-21,2022-04-21
Clifton,NJ,,Brookshire,TX,,1664.2,2051.5,420.1,1.0,1,1664.2,1664.2,0.0,2051.5,2051.5,Thin,False,History,2023-08-15,2023-08-15
Claxton,GA,,Tomball,TX,,956.8,1047.4,121.5,1.0,1,956.8,956.8,0.0,1047.4,1047.4,Thin,False,History,2023-09-14,2023-09-14
Clayton,IN,,San Marcos,TX,,1108.2,1415.1,372.3,1.0,1,1108.2,1108.2,0.0,1415.1,1415.1,Thin,False,History,2021-12-20,2021-12-20
Clayton,NJ,,Bastrop,TX,,1686.8,1768.8,159.3,1.0,1,1686.8,1686.8,0.0,1768.8,1768.8,Thin,False,History,2023-10-04,2023-10-04
Clayton,OH,,Laredo,TX,,1690.3,873.8,59.7,1.0,2,1690.3,1690.3,0.0,58.9,1688.7,Thin,False,History,2023-08-25,2023-08-25
Clear Lake,WI,,Laredo,TX,,1425.3,1471.9,78.4,1.0,1,1425.3,1425.3,0.0,1471.9,1471.9,Thin,False,History,2021-11-24,2021-11-24
Clearfield,PA,,East Bernard,TX,,1508.3,2045.1,641.4,1.0,1,1508.3,1508.3,0.0,2045.1,2045.1,Thin,False,History,2021-12-07,2021-12-07
Clearfield,UT,,Glen Rock,PA,,2068.6,2101.2,66.6,1.0,1,2068.6,2068.6,0.0,2101.2,2101.2,Thin,False,History,2025-02-03,2025-02-03
Clearfield,UT,,Lancaster,TX,,1336.4,1325.7,30.2,1.0,1,1336.4,1336.4,0.0,1325.7,1325.7,Thin,False,History,2024-06-11,2024-06-11
Morganton,NC,,San Antonio,TX,,1234.2,1407.1,204.3,1.0,1,1234.2,1234.2,0.0,1407.1,1407.1,Thin,False,History,2022-07-27,2022-07-27
Morgantown,PA,,Laredo,TX,,1866.1,1975.3,182.5,1.0,1,1866.1,1866.1,0.0,1975.3,1975.3,Thin,False,History,2023-06-01,2023-06-01
Morrill,NE,,Lampasas,TX,,1153.9,1419.1,459.0,1.0,1,1153.9,1153.9,0.0,1419.1,1419.1,Thin,False,History,2022-09-22,2022-09-22
Morris,IL,,Brookshire,TX,,1050.7,1421.4,389.0,1.0,1,1050.7,1050.7,0.0,1421.4,1421.4,Thin,False,History,2023-08-13,2023-08-13
Clark,NJ,,Gonzales,TX,,1752.6,1957.4,253.0,1.0,1,1752.6,1752.6,0.0,1957.4,1957.4,Thin,False,History,2022-11-23,2022-11-23
Clarksburg,WV,,Driftwood,TX,,1384.7,1862.2,536.4,1.0,1,1384.7,1384.7,0.0,1862.2,1862.2,Thin,False,History,2021-04-21,2021-04-21
Clarksville,AR,,Laredo,TX,,761.7,1003.7,259.6,1.0,1,761.7,761.7,0.0,1003.7,1003.7,Thin,False,History,2021-06-29,2021-06-29
Clatskanie,OR,,Fort Worth,TX,,2094.4,2766.9,748.8,1.0,1,2094.4,2094.4,0.0,2766.9,2766.9,Thin,False,History,2022-07-29,2022-07-29
Murfreesboro,TN,,Terrell,TX,,677.2,1365.4,722.6,1.0,1,677.2,677.2,0.0,1365.4,1365.4,Thin,False,History,2023-06-20,2023-06-20
Muscatine,IA,,San Antonio,TX,,1114.0,1567.7,513.9,1.0,1,1114.0,1114.0,0.0,1567.7,1567.7,Thin,False,History,2021-11-15,2021-11-15
Muscle Shoals,AL,,Nuevo Laredo,TA,,1029.9,1119.1,126.6,1.0,1,1029.9,1029.9,0.0,1119.1,1119.1,Thin,False,History,2024-03-15,2024-03-15
Muskegon,MI,,Houston,TX,,1373.4,1545.0,194.6,1.0,1,1373.4,1373.4,0.0,1545.0,1545.0,Thin,False,History,2025-06-22,2025-06-22
Muskogee,OK,,Austin,TX,,430.7,,374.8,1.0,0,430.7,430.7,0.0,,,Thin,False,History,2020-11-04,2020-11-04
Myerstown,PA,,Houston,TX,,1506.3,2024.8,557.4,1.0,1,1506.3,1506.3,0.0,2024.8,2024.8,Thin,False,History,2024-05-16,2024-05-16
Myerstown,PA,,Union Township,PA,,17.8,209.6,197.3,1.0,1,17.8,17.8,0.0,209.6,209.6,Thin,False,History,2024-05-21,2024-05-21
Myton,UT,,Strawn,TX,,1148.4,1619.9,530.9,1.0,1,1148.4,1148.4,0.0,1619.9,1619.9,Thin,False,History,2024-06-20,2024-06-20
Moxee,WA,,San Antonio,TX,,2043.3,2378.6,410.5,1.0,1,2043.3,2043.3,0.0,2378.6,2378.6,Thin,False,History,2022-07-01,2022-07-01
Mt Pleasant,PA,,Laredo,TX,,1665.4,1847.2,238.4,1.0,1,1665.4,1665.4,0.0,1847.2,1847.2,Thin,False,History,2022-06-01,2022-06-01
Mt Pleasant,TX,,Laredo,TX,,545.0,649.8,125.2,1.0,1,545.0,545.0,0.0,649.8,649.8,Thin,False,History,2023-05-24,2023-05-24
Mullica,NJ,,Laredo,TX,,1881.0,1882.5,66.9,1.0,1,1881.0,1881.0,0.0,1882.5,1882.5,Thin,False,History,2021-10-13,2021-10-13
Munster,IN,,San Antonio,TX,,1219.7,1357.0,191.4,1.0,1,1219.7,1219.7,0.0,1357.0,1357.0,Thin,False,History,2022-11-02,2022-11-02
Murfreesboro,TN,,Dallas,TX,,697.3,1143.1,451.0,1.0,1,697.3,697.3,0.0,1143.1,1143.1,Thin,False,History,2021-02-01,2021-02-01
Murfreesboro,TN,,New Caney,TX,,775.9,1121.0,375.5,1.0,1,775.9,775.9,0.0,1121.0,1121.0,Thin,False,History,2023-03-19,2023-03-19
Murfreesboro,TN,,San Antonio,TX,,955.0,1333.8,440.7,1.0,1,955.0,955.0,0.0,1333.8,1333.8,Thin,False,History,2020-11-23,2020-11-23
Mount Pleasant,IA,,Laredo,TX,,1183.9,1413.3,260.4,1.0,1,1183.9,1183.9,0.0,1413.3,1413.3,Thin,False,History,2025-02-07,2025-02-07
Mount Pleasant,TN,,Laredo,TX,,1072.4,,200.5,1.0,0,1072.4,1072.4,0.0,,,Thin,False,History,2024-09-06,2024-09-06
Mount Vernon,IN,,Dallas,TX,,726.4,851.8,146.4,1.0,1,726.4,726.4,0.0,851.8,851.8,Thin,False,History,2024-06-18,2024-06-18
Mount Vernon,IN,,Laredo,TX,,1145.2,1419.5,329.4,1.0,1,1145.2,1145.2,0.0,1419.5,1419.5,Thin,False,History,2022-05-10,2022-05-10
Mount Vernon,NY,,Laredo,TX,,1998.0,2040.4,112.1,1.0,1,1998.0,1998.0,0.0,2040.4,2040.4,Thin,False,History,2022-12-01,2022-12-01
Mount Vernon,WA,,Superior,WI,,1722.4,1751.5,99.6,1.0,1,1722.4,1722.4,0.0,1751.5,1751.5,Thin,False,History,2025-05-20,2025-05-20
Mountain City,TN,,Laredo,TX,,1416.8,1494.2,119.1,1.0,1,1416.8,1416.8,0.0,1494.2,1494.2,Thin,False,History,2022-11-14,2022-11-14
Moxee,WA,,Buffalo,NY,,2530.8,2676.3,252.9,1.0,1,2530.8,2530.8,0.0,2676.3,2676.3,Thin,False,History,2022-06-11,2022-06-11
Moultrie,GA,,Dallas,TX,,869.1,999.5,156.7,1.0,1,869.1,869.1,0.0,999.5,999.5,Thin,False,History,2022-12-08,2022-12-08
Moultrie,GA,,Laredo,TX,,1116.3,1485.7,410.0,1.0,1,1116.3,1116.3,0.0,1485.7,1485.7,Thin,False,History,2022-05-27,2022-05-27
Moundville,AL,,Hidalgo,TX,,962.1,1324.8,390.6,1.0,1,962.1,962.1,0.0,1324.8,1324.8,Thin,False,History,2024-07-08,2024-07-08
Moundville,AL,,Laredo,TX,,960.7,1458.0,589.8,1.0,1,960.7,960.7,0.0,1458.0,1458.0,Thin,False,History,2024-06-05,2024-06-05
Mount Dora,FL,,Lansing,MI,,1213.7,1206.8,32.8,1.0,1,1213.7,1213.7,0.0,1206.8,1206.8,Thin,False,History,2025-05-10,2025-05-10
Mount Juliet,TN,,Raymond,NH,,1124.2,1163.1,57.8,1.0,1,1124.2,1124.2,0.0,1163.1,1163.1,Thin,False,History,2026-07-16,2026-07-16
Mount Morris,IL,,Laredo,TX,,1354.0,1607.4,298.5,1.0,1,1354.0,1354.0,0.0,1607.4,1607.4,Thin,False,History,2023-10-25,2023-10-25
New Jersey,NJ,,Pasadena,TX,,1607.6,1646.6,68.5,1.0,1,1607.6,1607.6,0.0,1646.6,1646.6,Thin,False,History,2024-08-30,2024-08-30
New Johnsonville,TN,,Laredo,TX,,1030.7,1038.9,48.4,1.0,1,1030.7,1030.7,0.0,1038.9,1038.9,Thin,False,History,2022-05-13,2022-05-13
New Lawrence,NY,,San Antonio,TX,,1934.4,2262.0,408.1,1.0,1,1934.4,1934.4,0.0,2262.0,2262.0,Thin,False,History,2023-01-17,2023-01-17
New London,NC,,Casco,MI,,667.5,666.1,15.0,1.0,1,667.5,667.5,0.0,666.1,666.1,Thin,False,History,2025-06-13,2025-06-13
New Orleans,LA,,Laredo,TX,,695.0,714.1,57.2,1.0,1,695.0,695.0,0.0,714.1,714.1,Thin,False,History,2023-12-01,2023-12-01
New Orleans,LA,,Portland,TX,,558.2,775.4,233.1,1.0,1,558.2,558.2,0.0,775.4,775.4,Thin,False,History,2023-10-26,2023-10-26
New York,NY,,Houston,TX,,1658.9,2084.9,485.1,1.0,1,1658.9,1658.9,0.0,2084.9,2084.9,Thin,False,History,2026-06-17,2026-06-17
Newark,DE,,Fruitland,NM,,2100.7,2446.9,483.4,1.0,1,2100.7,2100.7,0.0,2446.9,2446.9,Thin,False,History,2023-04-13,2023-04-13
New Castle,DE,,Chicago,IL,,737.7,831.3,98.9,1.0,1,737.7,737.7,0.0,831.3,831.3,Thin,False,History,2025-11-14,2025-11-14
New Castle,DE,,Dallas,TX,,1434.0,1938.7,526.7,1.0,1,1434.0,1434.0,0.0,1938.7,1938.7,Thin,False,History,2026-07-08,2026-07-08
New Castle,DE,,Newport,MI,,537.0,718.8,192.7,1.0,1,537.0,537.0,0.0,718.8,718.8,Thin,False,History,2025-02-22,2025-02-22
New Castle,DE,,Washington Court House,OH,,493.1,513.8,33.3,1.0,1,493.1,493.1,0.0,513.8,513.8,Thin,False,History,2025-06-10,2025-06-10
New Castle,PA,,Houston,TX,,1361.0,2026.4,736.9,1.0,1,1361.0,1361.0,0.0,2026.4,2026.4,Thin,False,History,2026-01-24,2026-01-24
New Hartford,NY,,Haslet,TX,,1675.5,1879.8,279.3,1.0,1,1675.5,1675.5,0.0,1879.8,1879.8,Thin,False,History,2023-07-23,2023-07-23
New Hartford,NY,,Houston,TX,,1726.9,2234.0,611.3,1.0,1,1726.9,1726.9,0.0,2234.0,2234.0,Thin,False,History,2022-12-04,2022-12-04
New Holland,PA,,Laredo,TX,,2071.7,2365.5,375.1,1.0,1,2071.7,2071.7,0.0,2365.5,2365.5,Thin,False,History,2022-11-02,2022-11-02
Nedrow,NY,,Pleasanton,TX,,1825.0,2212.1,442.5,1.0,1,1825.0,1825.0,0.0,2212.1,2212.1,Thin,False,History,2025-04-16,2025-04-16
Neenah,WI,,Laredo,TX,,1515.0,1654.4,180.7,1.0,1,1515.0,1515.0,0.0,1654.4,1654.4,Thin,False,History,2024-02-16,2024-02-16
New Bedford,MA,,Clinton,IA,,1130.7,1340.9,233.5,1.0,1,1130.7,1130.7,0.0,1340.9,1340.9,Thin,False,History,2025-03-19,2025-03-19
New Bedford,MA,,Lincoln,NE,,1498.6,1516.3,40.1,1.0,1,1498.6,1498.6,0.0,1516.3,1516.3,Thin,False,History,2025-11-25,2025-11-25
New Bedford,MA,,Logansport,IN,,924.4,1023.0,133.2,1.0,1,924.4,924.4,0.0,1023.0,1023.0,Thin,False,History,2025-12-01,2025-12-01
New Berlin,NY,,Arlington,TX,,1621.7,2260.9,715.0,1.0,1,1621.7,1621.7,0.0,2260.9,2260.9,Thin,False,History,2026-02-26,2026-02-26
New Carlisle,IN,,Brownsville,TX,,1645.8,2252.5,314.9,1.0,1,1645.8,1645.8,0.0,2252.5,2252.5,Thin,False,History,2025-12-30,2025-12-30
Naples,ID,,San Antonio,TX,,2065.4,2293.0,300.6,1.0,1,2065.4,2065.4,0.0,2293.0,2293.0,Thin,False,History,2026-01-22,2026-01-22
Napoleon,OH,,Duluth,MN,,693.5,762.8,104.1,1.0,1,693.5,693.5,0.0,762.8,762.8,Thin,False,History,2025-03-15,2025-03-15
Napoleon,OH,,Saint Cloud,MN,,697.9,774.4,103.9,1.0,1,697.9,697.9,0.0,774.4,774.4,Thin,False,History,2025-03-08,2025-03-08
Nappanee,IN,,Del Valle,TX,,1242.2,1508.1,342.8,1.0,1,1242.2,1242.2,0.0,1508.1,1508.1,Thin,False,History,2025-08-26,2025-08-26
Nashville,AR,,Brooklyn,NY,,1369.7,1378.2,28.1,1.0,1,1369.7,1369.7,0.0,1378.2,1378.2,Thin,False,History,2022-09-09,2022-09-09
Nashville,IL,,Harlingen,TX,,1163.6,1363.2,252.4,1.0,1,1163.6,1163.6,0.0,1363.2,1363.2,Thin,False,History,2026-04-21,2026-04-21
Nashville,NC,,Laredo,TX,,1594.1,1887.2,360.4,1.0,1,1594.1,1594.1,0.0,1887.2,1887.2,Thin,False,History,2021-11-23,2021-11-23
Navasota,TX,,Laredo,TX,,331.5,453.2,124.2,1.0,1,331.5,331.5,0.0,453.2,453.2,Thin,False,History,2024-03-25,2024-03-25
North East,PA,,Fort Worth,TX,,1336.7,1850.1,553.9,1.0,1,1336.7,1336.7,0.0,1850.1,1850.1,Thin,False,History,2022-11-21,2022-11-21
North East,PA,,Laredo,TX,,1723.2,1881.2,218.3,1.0,1,1723.2,1723.2,0.0,1881.2,1881.2,Thin,False,History,2023-06-26,2023-06-26
North East,PA,,Villa Rica,GA,,809.8,1049.9,277.8,1.0,1,809.8,809.8,0.0,1049.9,1049.9,Thin,False,History,2026-04-29,2026-04-29
North Grafton,MA,,Houston,TX,,1807.5,2179.2,427.1,1.0,1,1807.5,1807.5,0.0,2179.2,2179.2,Thin,False,History,2024-04-01,2024-04-01
North Las Vegas,NV,,Ogden,UT,,451.8,455.7,5.7,1.0,1,451.8,451.8,0.0,455.7,455.7,Thin,False,History,2023-10-05,2023-10-05
North Lawrence,NY,,San Antonio,TX,,1934.4,2393.5,557.8,1.0,1,1934.4,1934.4,0.0,2393.5,2393.5,Thin,False,History,2025-09-23,2025-09-23
North Lawrence,NY,,Temple,TX,,1799.7,,496.2,1.0,0,1799.7,1799.7,0.0,,,Thin,False,History,2021-04-13,2021-04-13
North Little Rock,AR,,Mcallen,TX,,825.9,940.8,161.8,1.0,1,825.9,825.9,0.0,940.8,940.8,Thin,False,History,2025-02-13,2025-02-13
Norfolk,VA,,Uvalde,TX,,1660.5,1775.0,141.6,1.0,1,1660.5,1660.5,0.0,1775.0,1775.0,Thin,False,History,2023-10-10,2023-10-10
Northvale,NJ,,Laredo,TX,,1970.5,2010.8,125.5,2,2,1934,2006.9,72.9,1979.7,2041.9,Thin,False,History,2022-03-14,2024-09-18
North Bergen,NJ,,Carrollton,TX,,1559.7,2037.5,493.9,1.0,1,1559.7,1559.7,0.0,2037.5,2037.5,Thin,False,History,2024-05-14,2024-05-14
North Billerica,MA,,Kyle,TX,,1982.2,2387.8,458.5,1.0,1,1982.2,1982.2,0.0,2387.8,2387.8,Thin,False,History,2025-12-11,2025-12-11
North Brunswick,NJ,,Marshalltown,IA,,1081.8,1071.2,10.2,1.0,1,1081.8,1081.8,0.0,1071.2,1071.2,Thin,False,History,2025-04-15,2025-04-15
North Charleston,SC,,Laredo,TX,,1446.1,1819.2,444.9,1.0,1,1446.1,1446.1,0.0,1819.2,1819.2,Thin,False,History,2021-08-12,2021-08-12
North Charleston,SC,,Temple,TX,,1176.3,1674.9,541.0,1.0,1,1176.3,1176.3,0.0,1674.9,1674.9,Thin,False,History,2023-04-05,2023-04-05
North East,MD,,Laredo,TX,,1921.9,2050.9,195.6,1.0,1,1921.9,1921.9,0.0,2050.9,2050.9,Thin,False,History,2023-10-26,2023-10-26
Newnan,GA,,San Antonio,TX,,953.4,1129.1,193.9,1.0,1,953.4,953.4,0.0,1129.1,1129.1,Thin,False,History,2020-11-03,2020-11-03
Niagara Falls,NY,,Dallas,TX,,1382.2,1470.4,111.5,1.0,1,1382.2,1382.2,0.0,1470.4,1470.4,Thin,False,History,2022-11-07,2022-11-07
Niagara Falls,NY,,Laredo,TX,,1819.7,1857.8,106.5,1.0,1,1819.7,1819.7,0.0,1857.8,1857.8,Thin,False,History,2021-10-15,2021-10-15
Nicholasville,KY,,Laredo,TX,,1310.5,1584.9,363.3,1.0,1,1310.5,1310.5,0.0,1584.9,1584.9,Thin,False,History,2022-10-05,2022-10-05
Noel,MO,,Pleasanton,TX,,644.9,872.6,237.0,1.0,1,644.9,644.9,0.0,872.6,872.6,Thin,False,History,2022-09-06,2022-09-06
Norcross,GA,,Axis,AL,,340.3,335.8,0.0,1.0,1,340.3,340.3,0.0,335.8,335.8,Thin,False,History,2023-08-29,2023-08-29
Norcross,GA,,South Plainfield,NJ,,842.5,852.8,54.0,1.0,1,842.5,842.5,0.0,852.8,852.8,Thin,False,History,2020-09-04,2020-09-04
Norfolk,VA,,Skidmore,TX,,1559.1,1747.4,209.9,1.0,1,1559.1,1559.1,0.0,1747.4,1747.4,Thin,False,History,2023-07-10,2023-07-10
Newark,NJ,,Beaver Falls,PA,,394.5,408.2,26.0,1.0,1,394.5,394.5,0.0,408.2,408.2,Thin,False,History,2022-11-25,2022-11-25
Newark,NJ,,Channelview,TX,,1602.2,1996.2,429.7,1.0,1,1602.2,1602.2,0.0,1996.2,1996.2,Thin,False,History,2024-05-03,2024-05-03
Newark,NJ,,Houston,TX,,1623.5,1658.5,66.2,1.0,1,1623.5,1623.5,0.0,1658.5,1658.5,Thin,False,History,2024-02-27,2024-02-27
Newark,NJ,,Katy,TX,,1644.9,1985.1,366.2,1.0,1,1644.9,1644.9,0.0,1985.1,1985.1,Thin,False,History,2022-09-07,2022-09-07
Newark,NJ,,Oswego,NY,,279.3,291.4,16.3,1.0,1,279.3,279.3,0.0,291.4,291.4,Thin,False,History,2026-01-12,2026-01-12
Newark,NJ,,Paint Rock,TX,,1796.9,2081.1,358.4,1.0,1,1796.9,1796.9,0.0,2081.1,2081.1,Thin,False,History,2022-07-11,2022-07-11
Newark,OH,,Laredo,TX,,1504.1,1909.9,470.0,1.0,1,1504.1,1504.1,0.0,1909.9,1909.9,Thin,False,History,2026-04-06,2026-04-06
Newmans Town,PA,,San Antonio,TX,,1721.0,1792.3,203.9,1.0,1,1721.0,1721.0,0.0,1792.3,1792.3,Thin,False,History,2022-03-21,2022-03-21
Clackamas,OR,,Crown Point,IN,,2140.4,2134.1,40.7,1.0,1,2140.4,2140.4,0.0,2134.1,2134.1,Thin,False,History,2025-02-17,2025-02-17
Clackamas,OR,,Morris,IL,,2079.5,,0.0,1.0,0,2079.5,2079.5,0.0,,,Thin,False,History,2025-07-11,2025-07-11
Clarendon,PA,,Austin,TX,,1543.9,2062.1,590.4,1.0,1,1543.9,1543.9,0.0,2062.1,2062.1,Thin,False,History,2022-02-15,2022-02-15
North Platte,NE,,Muncie,IN,,933.4,1146.0,258.9,1.0,1,933.4,933.4,0.0,1146.0,1146.0,Thin,False,History,2025-04-17,2025-04-17
North Vernon,IN,,Laredo,TX,,1327.2,1314.9,42.9,1.0,1,1327.2,1327.2,0.0,1314.9,1314.9,Thin,False,History,2023-03-03,2023-03-03
North Wilkesboro,NC,,Hutto,TX,,1212.1,1497.7,349.2,1.0,1,1212.1,1212.1,0.0,1497.7,1497.7,Thin,False,History,2023-11-27,2023-11-27
North Wilkesboro,NC,,Laredo,TX,,1433.6,1474.5,88.2,1.0,1,1433.6,1433.6,0.0,1474.5,1474.5,Thin,False,History,2025-12-22,2025-12-22
Northborough,MA,,Hidalgo,TX,,2166.8,2343.7,215.1,1.0,1,2166.8,2166.8,0.0,2343.7,2343.7,Thin,False,History,2026-07-27,2026-07-27
Chicopee,MA,,Houston,TX,,1790.0,2349.4,589.6,1.0,1,1790.0,1790.0,0.0,2349.4,2349.4,Thin,False,History,2023-07-05,2023-07-05
Chicopee,MA,,Rocky Mount,NC,,608.9,778.4,99.8,1.0,1,608.9,608.9,0.0,778.4,778.4,Thin,False,History,2025-09-04,2025-09-04
Chicopee,MA,,Sulphur Springs,TX,,1554.2,2146.4,505.6,1.0,1,1554.2,1554.2,0.0,2146.4,2146.4,Thin,False,History,2024-02-27,2024-02-27
Chillicothe,MO,,Laredo,TX,,1008.1,1233.3,232.4,1.0,1,1008.1,1008.1,0.0,1233.3,1233.3,Thin,False,History,2025-04-11,2025-04-11
Chillicothe,OH,,Houston,TX,,1174.6,1326.0,201.7,1.0,1,1174.6,1174.6,0.0,1326.0,1326.0,Thin,False,History,2022-05-10,2022-05-10
Chillicothe,OH,,San Antonio,TX,,1306.8,1868.5,645.6,1.0,1,1306.8,1306.8,0.0,1868.5,1868.5,Thin,False,History,2022-05-31,2022-05-31
Chilton,WI,,San Marcos,TX,,1298.4,1518.6,236.9,1.0,1,1298.4,1298.4,0.0,1518.6,1518.6,Thin,False,History,2022-12-06,2022-12-06
Cincinnati,OH,,Laredo,TX,,1377.0,1479.7,171.2,1.0,1,1377.0,1377.0,0.0,1479.7,1479.7,Thin,False,History,2022-06-01,2022-06-01
Chicago Heights,IL,,Alice,TX,,1336.5,1568.7,308.9,1.0,1,1336.5,1336.5,0.0,1568.7,1568.7,Thin,False,History,2026-05-04,2026-05-04
Chicago,IL,,Cedar Hill,TX,,945.0,970.7,43.7,1.0,1,945.0,945.0,0.0,970.7,970.7,Thin,False,History,2025-08-15,2025-08-15
Chicago,IL,,Houston,TX,,1077.5,,58.1,1.0,0,1077.5,1077.5,0.0,,,Thin,False,History,2022-04-26,2022-04-26
Chicago,IL,,Owatonna,MN,,394.5,417.3,35.8,1.0,1,394.5,394.5,0.0,417.3,417.3,Thin,False,History,2025-03-13,2025-03-13
Chicago,IL,,Pasadena,TX,,1097.5,1502.9,468.8,1.0,1,1097.5,1097.5,0.0,1502.9,1502.9,Thin,False,History,2025-07-09,2025-07-09
Chickamauga,GA,,Laredo,TX,,1164.8,1243.7,145.6,1.0,1,1164.8,1164.8,0.0,1243.7,1243.7,Thin,False,History,2025-12-02,2025-12-02
Chickasha,OK,,Laredo,TX,,617.8,640.8,37.4,1.0,1,617.8,617.8,0.0,640.8,640.8,Thin,False,History,2021-03-05,2021-03-05
Chicopee,MA,,Grand Prairie,TX,,1705.8,2283.3,591.0,1.0,1,1705.8,1705.8,0.0,2283.3,2283.3,Thin,False,History,2023-05-02,2023-05-02
North Mankato,MN,,Houston,TX,,1142.3,1273.7,165.2,1.0,1,1142.3,1142.3,0.0,1273.7,1273.7,Thin,False,History,2023-05-17,2023-05-17
Chatsworth,CA,,Laredo,TX,,1531.1,1450.1,50.0,1.0,1,1531.1,1531.1,0.0,1450.1,1450.1,Thin,False,History,2024-08-19,2024-08-19
Chattanooga,TN,,Laredo,TX,,1163.6,1157.6,23.6,1.0,1,1163.6,1163.6,0.0,1157.6,1157.6,Thin,False,History,2023-06-13,2023-06-13
Chelan,WA,,Cincinnati,OH,,2444.2,2672.8,328.0,1.0,1,2444.2,2444.2,0.0,2672.8,2672.8,Thin,False,History,2022-06-01,2022-06-01
Chelsea,MA,,Independence,KY,,883.5,884.6,25.4,1.0,1,883.5,883.5,0.0,884.6,884.6,Thin,False,History,2026-05-02,2026-05-02
Chesapeake,VA,,Grand Prairie,TX,,1366.4,1855.2,523.8,1.0,1,1366.4,1366.4,0.0,1855.2,1855.2,Thin,False,History,2023-04-03,2023-04-03
Cheyenne,WY,,Gering,NE,,108.5,101.1,6.0,1.0,1,108.5,108.5,0.0,101.1,101.1,Thin,False,History,2023-11-30,2023-11-30
Cheyenne,WY,,Pharr,TX,,1281.0,1468.5,235.2,1.0,1,1281.0,1281.0,0.0,1468.5,1468.5,Thin,False,History,2025-11-19,2025-11-19
Casa Grande,AZ,,San Antonio,TX,,934.7,1136.6,207.2,1.0,1,934.7,934.7,0.0,1136.6,1136.6,Thin,False,History,2024-04-23,2024-04-23
Cashmere,WA,,Dallas,TX,,2066.3,2707.1,749.0,1.0,1,2066.3,2066.3,0.0,2707.1,2707.1,Thin,False,History,2023-03-14,2023-03-14
Cashmere,WA,,Pompano Beach,FL,,3252.5,3498.7,320.4,1.0,1,3252.5,3252.5,0.0,3498.7,3498.7,Thin,False,History,2023-02-20,2023-02-20
Cashmere,WA,,Sealy,TX,,2285.6,2265.4,111.5,1.0,1,2285.6,2285.6,0.0,2265.4,2265.4,Thin,False,History,2022-10-25,2022-10-25
Catoosa,OK,,Seattle,WA,,2027.1,2153.3,194.1,1.0,1,2027.1,2027.1,0.0,2153.3,2153.3,Thin,False,History,2024-05-31,2024-05-31
Cedar City,UT,,Houston,TX,,1492.1,1687.3,248.9,1.0,1,1492.1,1492.1,0.0,1687.3,1687.3,Thin,False,History,2024-06-25,2024-06-25
Cedar City,UT,,Schertz,TX,,1308.9,1753.3,458.6,1.0,1,1308.9,1308.9,0.0,1753.3,1753.3,Thin,False,History,2021-04-13,2021-04-13
Cedar Springs,GA,,Newark,NJ,,1083.8,1274.3,247.2,1.0,1,1083.8,1083.8,0.0,1274.3,1274.3,Thin,False,History,2023-11-07,2023-11-07
Nuevo Laredo,TA,,Baton Rouge,LA,,928.6,,0.0,1.0,0,928.6,928.6,0.0,,,Thin,False,History,2024-03-02,2024-03-02
Nuevo Laredo,TA,,Brandon,SD,,1267.6,1370.3,0.0,1.0,1,1267.6,1267.6,0.0,1370.3,1370.3,Thin,False,History,2022-05-06,2022-05-06
Carthage,MO,,Springfield,MO,,69.2,59.3,0.0,1.0,1,69.2,69.2,0.0,59.3,59.3,Thin,False,History,2022-09-12,2022-09-12
Cary,IL,,Laredo,TX,,1412.5,1427.6,44.7,1.0,1,1412.5,1412.5,0.0,1427.6,1427.6,Thin,False,History,2024-03-25,2024-03-25
Casa Grande,AZ,,Cedar Hill,TX,,1020.2,1029.5,45.9,1.0,1,1020.2,1020.2,0.0,1029.5,1029.5,Thin,False,History,2022-03-10,2022-03-10
Casa Grande,AZ,,Glen Flora,TX,,1093.7,1147.6,66.0,1.0,1,1093.7,1093.7,0.0,1147.6,1147.6,Thin,False,History,2022-12-27,2022-12-27
Casa Grande,AZ,,Kyle,TX,,984.5,1219.0,259.0,1.0,1,984.5,984.5,0.0,1219.0,1219.0,Thin,False,History,2024-01-09,2024-01-09
Casa Grande,AZ,,Noblesville,IN,,1757.5,1761.1,66.0,1.0,1,1757.5,1757.5,0.0,1761.1,1761.1,Thin,False,History,2025-04-11,2025-04-11
Norwood,MA,,Laredo,TX,,2185.0,2325.4,208.4,1.0,1,2185.0,2185.0,0.0,2325.4,2325.4,Thin,False,History,2022-12-06,2022-12-06
Notus,ID,,Austin,TX,,1702.5,2294.3,628.0,1.0,1,1702.5,1702.5,0.0,2294.3,2294.3,Thin,False,History,2023-01-23,2023-01-23
Nuevo Laredo,TA,,Adel,GA,,1128.3,1112.8,0.0,1.0,1,1128.3,1128.3,0.0,1112.8,1112.8,Thin,False,History,2022-07-27,2022-07-27
Nuevo Laredo,TA,,Albany,GA,,1103.4,1076.2,0.0,1.0,1,1103.4,1103.4,0.0,1076.2,1076.2,Thin,False,History,2021-01-30,2021-01-30
Nuevo Laredo,TA,,Arlington,TX,,445.8,870.2,438.0,1.0,1,445.8,445.8,0.0,870.2,870.2,Thin,False,History,2025-04-11,2025-04-11
Nuevo Laredo,TA,,Auburn,AL,,2431.2,3374.4,1035.2,1.0,1,2431.2,2431.2,0.0,3374.4,3374.4,Thin,False,History,2025-08-25,2025-08-25
Nuevo Laredo,TA,,Avondale,AZ,,1146.7,1012.2,0.0,1.0,1,1146.7,1146.7,0.0,1012.2,1012.2,Thin,False,History,2023-11-28,2023-11-28
Nuevo Laredo,TA,,Batavia,IL,,1408.8,1402.1,0.0,1.0,1,1408.8,1408.8,0.0,1402.1,1402.1,Thin,False,History,2024-03-07,2024-03-07
Northlake,IL,,Hidalgo,TX,,1437.1,1746.7,346.9,1.0,1,1437.1,1437.1,0.0,1746.7,1746.7,Thin,False,History,2025-12-12,2025-12-12
Northlake,IL,,Laredo,TX,,1351.7,,253.0,1.0,0,1351.7,1351.7,0.0,,,Thin,False,History,2025-01-27,2025-01-27
Northport,AL,,Laredo,TX,,969.6,1146.3,250.1,1.0,1,969.6,969.6,0.0,1146.3,1146.3,Thin,False,History,2024-07-26,2024-07-26
Northumberland,PA,,Houston,TX,,1504.0,2094.1,628.9,1.0,1,1504.0,1504.0,0.0,2094.1,2094.1,Thin,False,History,2022-06-21,2022-06-21
Northumberland,PA,,Lewisville,TX,,1435.3,2032.8,649.6,1.0,1,1435.3,1435.3,0.0,2032.8,2032.8,Thin,False,History,2022-02-02,2022-02-02
Norton Shores,MI,,Laredo,TX,,1537.5,1568.1,74.4,1.0,1,1537.5,1537.5,0.0,1568.1,1568.1,Thin,False,History,2022-08-29,2022-08-29
Norwood,MA,,Houston,TX,,2010.7,2578.3,595.5,1.0,1,2010.7,2010.7,0.0,2578.3,2578.3,Thin,False,History,2023-11-01,2023-11-01
Nuevo Laredo,TA,,Greenfield,IN,,1363.2,1315.9,0.0,1.0,1,1363.2,1363.2,0.0,1315.9,1315.9,Thin,False,History,2026-01-30,2026-01-30
Nuevo Laredo,TA,,Greer,SC,,1309.2,1278.8,0.0,1.0,1,1309.2,1309.2,0.0,1278.8,1278.8,Thin,False,History,2025-09-28,2025-09-28
Nuevo Laredo,TA,,Hauppauge,NY,,2339.2,,0.0,1.0,0,2339.2,2339.2,0.0,,,Thin,False,History,2024-10-16,2024-10-16
Nuevo Laredo,TA,,Hubbard,OH,,1650.2,1588.5,0.0,1.0,1,1650.2,1650.2,0.0,1588.5,1588.5,Thin,False,History,2022-08-31,2022-08-31
Nuevo Laredo,TA,,Hurst,TX,,448.9,,433.0,1.0,0,448.9,448.9,0.0,,,Thin,False,History,2025-11-04,2025-11-04
Nuevo Laredo,TA,,Independence,KY,,1362.7,1307.4,0.0,1.0,1,1362.7,1362.7,0.0,1307.4,1307.4,Thin,False,History,2024-07-05,2024-07-05
Nuevo Laredo,TA,,Kaukauna,WI,,1656.1,1615.9,0.0,1.0,1,1656.1,1656.1,0.0,1615.9,1615.9,Thin,False,History,2021-12-03,2021-12-03
Nuevo Laredo,TA,,Lebanon,IN,,1346.1,1292.6,0.0,1.0,1,1346.1,1346.1,0.0,1292.6,1292.6,Thin,False,History,2023-01-20,2023-01-20
Nuevo Laredo,TA,,Claremore,OK,,721.1,714.9,0.0,1.0,1,721.1,721.1,0.0,714.9,714.9,Thin,False,History,2022-09-02,2022-09-02
Nuevo Laredo,TA,,Danville,VA,,1519.8,1487.0,0.0,1.0,1,1519.8,1519.8,0.0,1487.0,1487.0,Thin,False,History,2022-08-05,2022-08-05
Nuevo Laredo,TA,,Darien,WI,,1399.6,1394.8,0.0,1.0,1,1399.6,1399.6,0.0,1394.8,1394.8,Thin,False,History,2023-02-10,2023-02-10
Nuevo Laredo,TA,,Des Moines,IA,,1232.4,1210.4,0.0,1.0,1,1232.4,1232.4,0.0,1210.4,1210.4,Thin,False,History,2020-09-04,2020-09-04
Nuevo Laredo,TA,,Eloy,AZ,,958.4,955.2,0.0,1.0,1,958.4,958.4,0.0,955.2,955.2,Thin,False,History,2021-03-16,2021-03-16
Nuevo Laredo,TA,,Ennis,TX,,408.3,338.7,0.0,1.0,1,408.3,408.3,0.0,338.7,338.7,Thin,False,History,2022-06-13,2022-06-13
Nuevo Laredo,TA,,Eugene,OR,,2372.5,,0.0,1.0,0,2372.5,2372.5,0.0,,,Thin,False,History,2025-04-16,2025-04-16
Nuevo Laredo,TA,,Green Bay,WI,,1545.3,1514.3,0.0,1.0,1,1545.3,1545.3,0.0,1514.3,1514.3,Thin,False,History,2023-02-20,2023-02-20
Channelview,TX,,Shelburn,IN,,962.5,927.2,0.0,1.0,1,962.5,962.5,0.0,927.2,927.2,Thin,False,History,2025-08-11,2025-08-11
Charleston,IL,,Monterrey,N.,,1225.1,1355.3,184.0,1.0,1,1225.1,1225.1,0.0,1355.3,1355.3,Thin,False,History,2025-09-02,2025-09-02
Nuevo Laredo,TA,,Bushnell,FL,,1367.4,1329.0,0.0,1.0,1,1367.4,1367.4,0.0,1329.0,1329.0,Thin,False,History,2022-04-02,2022-04-02
Nuevo Laredo,TA,,Byhalia,MS,,925.3,889.0,0.0,1.0,1,925.3,925.3,0.0,889.0,889.0,Thin,False,History,2025-09-03,2025-09-03
Nuevo Laredo,TA,,Carnegie,PA,,1639.4,1584.4,0.0,1.0,1,1639.4,1639.4,0.0,1584.4,1584.4,Thin,False,History,2023-11-13,2023-11-13
Nuevo Laredo,TA,,Center Point,AL,,1039.2,,0.0,1.0,0,1039.2,1039.2,0.0,,,Thin,False,History,2025-05-31,2025-05-31
Nuevo Laredo,TA,,Chariton,IA,,1103.1,1078.8,0.0,1.0,1,1103.1,1103.1,0.0,1078.8,1078.8,Thin,False,History,2023-02-06,2023-02-06
Nuevo Laredo,TA,,Cincinnati,OH,,1389.6,1335.1,0.0,1.0,1,1389.6,1389.6,0.0,1335.1,1335.1,Thin,False,History,2022-01-06,2022-01-06
Cedar Springs,GA,,Richmond,VA,,804.8,1115.3,357.9,1.0,1,804.8,804.8,0.0,1115.3,1115.3,Thin,False,History,2026-01-12,2026-01-12
Center Morchies,NY,,Dwight,IL,,910.6,969.5,69.6,1.0,1,910.6,910.6,0.0,969.5,969.5,Thin,False,History,2023-06-03,2023-06-03
Center,CO,,Laredo,TX,,1053.3,1262.0,228.9,1.0,1,1053.3,1053.3,0.0,1262.0,1262.0,Thin,False,History,2024-05-08,2024-05-08
Center,TX,,San Antonio,TX,,371.6,676.0,355.3,1.0,1,371.6,371.6,0.0,676.0,676.0,Thin,False,History,2023-04-01,2023-04-01
Chambersburg,PA,,Eagle Pass,TX,,1868.1,2115.2,321.7,1.0,1,1868.1,1868.1,0.0,2115.2,2115.2,Thin,False,History,2025-02-24,2025-02-24
Chambersburg,PA,,Houston,TX,,1423.9,1732.4,331.5,1.0,1,1423.9,1423.9,0.0,1732.4,1732.4,Thin,False,History,2023-02-21,2023-02-21
Champlain,NY,,Laredo,TX,,2162.0,2441.7,364.0,1.0,1,2162.0,2162.0,0.0,2441.7,2441.7,Thin,False,History,2023-04-13,2023-04-13
Chandler,AZ,,Lakeside,VA,,2616.2,2570.7,20.2,1.0,1,2616.2,2616.2,0.0,2570.7,2570.7,Thin,False,History,2025-12-26,2025-12-26
Cartersville,GA,,San Antonio,TX,,1032.0,1491.9,506.8,1.0,1,1032.0,1032.0,0.0,1491.9,1491.9,Thin,False,History,2022-11-08,2022-11-08
Carthage,MO,,San Antonio,TX,,640.9,907.8,273.8,1.0,1,640.9,640.9,0.0,907.8,907.8,Thin,False,History,2022-03-28,2022-03-28
Nuevo Laredo,TA,,Manitowoc,WI,,1512.4,1504.9,0.0,1.0,1,1512.4,1512.4,0.0,1504.9,1504.9,Thin,False,History,2023-02-23,2023-02-23
Nuevo Laredo,TA,,Mcdonough,GA,,1151.5,995.4,0.0,1.0,1,1151.5,1151.5,0.0,995.4,995.4,Thin,False,History,2024-10-14,2024-10-14
Nuevo Laredo,TA,,Medley F,FL,,1551.0,,0.0,1.0,0,1551.0,1551.0,0.0,,,Thin,False,History,2026-08-20,2026-08-20
Nuevo Laredo,TA,,Mexia,TX,,374.0,373.5,0.0,1.0,1,374.0,374.0,0.0,373.5,373.5,Thin,False,History,2022-02-28,2022-02-28
Nuevo Laredo,TA,,Miami,FL,,1529.1,1488.6,0.0,1.0,1,1529.1,1529.1,0.0,1488.6,1488.6,Thin,False,History,2023-12-22,2023-12-22
Nuevo Laredo,TA,,Minneapolis,MN,,1539.7,1493.2,0.0,1.0,1,1539.7,1539.7,0.0,1493.2,1493.2,Thin,False,History,2022-01-05,2022-01-05
Carlstadt,NJ,,Dallas,TX,,1548.0,1649.9,113.4,1.0,1,1548.0,1548.0,0.0,1649.9,1649.9,Thin,False,History,2023-03-10,2023-03-10
Carol Stream,IL,,Reading,PA,,786.3,785.5,14.7,1.0,1,786.3,786.3,0.0,785.5,785.5,Thin,False,History,2022-08-27,2022-08-27
Carr,CO,,Corpus Christi,TX,,1170.1,1298.8,170.4,1.0,1,1170.1,1170.1,0.0,1298.8,1298.8,Thin,False,History,2024-12-13,2024-12-13
Carrollton,TX,,Laredo,TX,,442.2,524,88.8,2,2,442.2,442.2,0,503.7,544.3,Thin,False,History,2023-02-24,2026-08-12
Carteret,NJ,,San Antonio,TX,,1821.7,2018.3,250.0,1.0,1,1821.7,1821.7,0.0,2018.3,2018.3,Thin,False,History,2021-02-26,2021-02-26
Cartersville,GA,,Austin,TX,,922.6,1192.2,300.1,1.0,1,922.6,922.6,0.0,1192.2,1192.2,Thin,False,History,2025-05-07,2025-05-07
Cartersville,GA,,Eagle Pass,TX,,1156.0,1289.1,169.4,1.0,1,1156.0,1156.0,0.0,1289.1,1289.1,Thin,False,History,2023-09-06,2023-09-06
Canton,OH,,Castroville,TX,,1466.2,1855.8,446.7,1.0,1,1466.2,1466.2,0.0,1855.8,1855.8,Thin,False,History,2022-06-01,2022-06-01
Canton,OH,,Conroe,TX,,1261.6,1781.9,583.5,1.0,1,1261.6,1261.6,0.0,1781.9,1781.9,Thin,False,History,2025-11-26,2025-11-26
Canton,OH,,Kinloch,MO,,553.7,756.8,203.1,1.0,1,553.7,553.7,0.0,756.8,756.8,Thin,False,History,2024-11-29,2024-11-29
Carbondale,PA,,Cedar Park,TX,,1696.3,2016.6,379.3,1.0,1,1696.3,1696.3,0.0,2016.6,2016.6,Thin,False,History,2025-03-18,2025-03-18
Carbondale,PA,,Seguin,TX,,1754.7,1830.4,125.9,1.0,1,1754.7,1754.7,0.0,1830.4,1830.4,Thin,False,History,2025-04-07,2025-04-07
Cardinal,CO,,Fort Worth,TX,,953.4,1097.5,198.6,1.0,1,953.4,953.4,0.0,1097.5,1097.5,Thin,False,History,2024-04-17,2024-04-17
Carlisle,PA,,Austin,TX,,1541.3,1915.4,416.8,1.0,1,1541.3,1541.3,0.0,1915.4,1915.4,Thin,False,History,2026-07-07,2026-07-07
Carlisle,PA,,Laredo,TX,,1787.5,1873.5,122.6,1.0,1,1787.5,1787.5,0.0,1873.5,1873.5,Thin,False,History,2023-06-01,2023-06-01
Nuevo Laredo,TA,,Lenexa,KS,,1227.2,,0.0,1.0,0,1227.2,1227.2,0.0,,,Thin,False,History,2022-05-11,2022-05-11
Nuevo Laredo,TA,,Lewisville,TX,,469.9,462.3,0.0,1.0,1,469.9,469.9,0.0,462.3,462.3,Thin,False,History,2023-09-01,2023-09-01
Nuevo Laredo,TA,,Louisville,KY,,1684.5,,0.0,1.0,0,1684.5,1684.5,0.0,,,Thin,False,History,2023-01-30,2023-01-30
Nuevo Laredo,TA,,Mamanoreck,NY,,2000.0,1934.0,0.0,1.0,1,2000.0,2000.0,0.0,1934.0,1934.0,Thin,False,History,2022-09-03,2022-09-03
Caney,TX,,Laredo,TX,,376.2,445.8,94.4,1.0,1,376.2,376.2,0.0,445.8,445.8,Thin,False,History,2024-10-18,2024-10-18
Canon City,CO,,Donna,TX,,1113.1,1374.1,276.7,1.0,1,1113.1,1113.1,0.0,1374.1,1374.1,Thin,False,History,2024-04-29,2024-04-29
Canton,MI,,Laredo,TX,,1604.6,1587.8,34.7,1.0,1,1604.6,1604.6,0.0,1587.8,1587.8,Thin,False,History,2025-07-14,2025-07-14
Canton,MS,,Laredo,TX,,814.8,980.9,207.7,1.0,1,814.8,814.8,0.0,980.9,980.9,Thin,False,History,2021-07-13,2021-07-13
Calhoun,GA,,Troy,MI,,657.4,726.7,83.9,1.0,1,657.4,657.4,0.0,726.7,726.7,Thin,False,History,2025-07-11,2025-07-11
Calvert,AL,,Houston,TX,,488.7,1363.1,919.5,1.0,1,488.7,488.7,0.0,1363.1,1363.1,Thin,False,History,2024-05-30,2024-05-30
Calvert,AL,,Lewisville,TX,,612.1,1124.8,556.1,1.0,1,612.1,612.1,0.0,1124.8,1124.8,Thin,False,History,2024-02-02,2024-02-02
Calvert,AL,,Minneapolis,MN,,1172.2,1324.9,187.1,1.0,1,1172.2,1172.2,0.0,1324.9,1324.9,Thin,False,History,2025-06-06,2025-06-06
Camden,NJ,,Houston,TX,,1549.1,1905.7,409.5,1.0,1,1549.1,1549.1,0.0,1905.7,1905.7,Thin,False,History,2026-07-24,2026-07-24
Camden,NJ,,Irving,TX,,1477.5,1603.0,144.9,1.0,1,1477.5,1477.5,0.0,1603.0,1603.0,Thin,False,History,2023-06-01,2023-06-01
Camden,NJ,,New Lenox,IL,,772.1,823.5,63.4,1.0,1,772.1,772.1,0.0,823.5,823.5,Thin,False,History,2025-05-06,2025-05-06
Camden,NJ,,San Antonio,TX,,1729.1,1993.9,307.7,1.0,1,1729.1,1729.1,0.0,1993.9,1993.9,Thin,False,History,2024-03-01,2024-03-01
Byhalia,MS,,Laredo,TX,,911.0,,90.7,1.0,0,911.0,911.0,0.0,,,Thin,False,History,2025-01-13,2025-01-13
Byron Center,MI,,Austin,TX,,1314.6,1621.7,377.5,1.0,1,1314.6,1314.6,0.0,1621.7,1621.7,Thin,False,History,2025-09-29,2025-09-29
Byron Center,MI,,Laredo,TX,,1736.1,1809.5,146.7,1.0,1,1736.1,1736.1,0.0,1809.5,1809.5,Thin,False,History,2022-06-24,2022-06-24
Byron Center,MI,,Temple,TX,,1242.0,1523.6,329.1,1.0,1,1242.0,1242.0,0.0,1523.6,1523.6,Thin,False,History,2023-08-07,2023-08-07
Blythewood,SC,,Des Moines,IA,,1100.4,1189.0,116.9,1.0,1,1100.4,1100.4,0.0,1189.0,1189.0,Thin,False,History,2020-08-14,2020-08-14
Caddo Mills,TX,,Laredo,TX,,469.2,516.5,52.1,1.0,1,469.2,469.2,0.0,516.5,516.5,Thin,False,History,2024-06-13,2024-06-13
Caldwell,OH,,Ennis,TX,,1164.1,1619.5,506.1,1.0,1,1164.1,1164.1,0.0,1619.5,1619.5,Thin,False,History,2026-08-03,2026-08-03
Caldwell,TX,,Laredo,TX,,309.1,524.7,232.9,1.0,1,309.1,309.1,0.0,524.7,524.7,Thin,False,History,2024-12-30,2024-12-30
Nuevo Laredo,TA,,Orange,CA,,1490.0,1357.3,0.0,1.0,1,1490.0,1490.0,0.0,1357.3,1357.3,Thin,False,History,2025-04-01,2025-04-01
Burlington,WA,,Chambersburg,PA,,2752.4,2713.6,68.1,1.0,1,2752.4,2752.4,0.0,2713.6,2713.6,Thin,False,History,2023-02-21,2023-02-21
Burlington,WA,,Houston,TX,,2406.8,2767.6,453.4,1.0,1,2406.8,2406.8,0.0,2767.6,2767.6,Thin,False,History,2021-10-18,2021-10-18
Burlington,WA,,San Antonio,TX,,2242.2,2426.3,246.7,1.0,1,2242.2,2242.2,0.0,2426.3,2426.3,Thin,False,History,2023-01-09,2023-01-09
Burlington,WI,,Houston,TX,,1129.2,1228.5,119.9,1.0,1,1129.2,1129.2,0.0,1228.5,1228.5,Thin,False,History,2026-08-10,2026-08-10
Burnet,TX,,Laredo,TX,,250.2,358.2,108.4,1.0,1,250.2,250.2,0.0,358.2,358.2,Thin,False,History,2022-10-05,2022-10-05
Burney,CA,,Rapid City,SD,,1339.1,1488.4,167.7,1.0,1,1339.1,1339.1,0.0,1488.4,1488.4,Thin,False,History,2025-06-04,2025-06-04
Burnsville,MN,,New Braunfels,TX,,1174.5,1552.4,405.8,1.0,1,1174.5,1174.5,0.0,1552.4,1552.4,Thin,False,History,2022-05-13,2022-05-13
Nuevo Laredo,TA,,Minooka,IL,,1755.5,1521.5,0.0,1.0,1,1755.5,1755.5,0.0,1521.5,1521.5,Thin,False,History,2023-08-30,2023-08-30
Nuevo Laredo,TA,,Monroe,NJ,,1942.6,1887.2,0.0,1.0,1,1942.6,1942.6,0.0,1887.2,1887.2,Thin,False,History,2022-03-25,2022-03-25
Nuevo Laredo,TA,,Mount Sterling,OH,,1459.0,1412.3,0.0,1.0,1,1459.0,1459.0,0.0,1412.3,1412.3,Thin,False,History,2025-10-14,2025-10-14
Nuevo Laredo,TA,,Mt Juliet,TN,,1124.4,1087.5,0.0,1.0,1,1124.4,1124.4,0.0,1087.5,1087.5,Thin,False,History,2021-01-28,2021-01-28
Nuevo Laredo,TA,,Mulberry,FL,,1438.2,1412.7,0.0,1.0,1,1438.2,1438.2,0.0,1412.7,1412.7,Thin,False,History,2021-08-09,2021-08-09
Nuevo Laredo,TA,,North Charleston,SC,,1664.7,1595.1,0.0,1.0,1,1664.7,1664.7,0.0,1595.1,1595.1,Thin,False,History,2022-04-27,2022-04-27
Nuevo Laredo,TA,,Northlake,IL,,1351.8,1338.0,0.0,1.0,1,1351.8,1351.8,0.0,1338.0,1338.0,Thin,False,History,2023-09-04,2023-09-04
Nuevo Laredo,TA,,Ontario,CA,,1358.0,1324.9,0.0,1.0,1,1358.0,1358.0,0.0,1324.9,1324.9,Thin,False,History,2024-11-18,2024-11-18
Ogden,UT,,Grand Prairie,TX,,1316.0,1286.9,41.9,1.0,1,1316.0,1316.0,0.0,1286.9,1286.9,Thin,False,History,2023-02-06,2023-02-06
Oklahoma City,OK,,Laredo,TX,,680.1,665.7,7.0,1.0,1,680.1,680.1,0.0,665.7,665.7,Thin,False,History,2025-09-25,2025-09-25
Oklahoma City,OK,,Livonia,MI,,1041.6,1033.8,11.8,1.0,1,1041.6,1041.6,0.0,1033.8,1033.8,Thin,False,History,2025-09-12,2025-09-12
Oklahoma City,OK,,New Braunfels,TX,,437.1,650.0,213.2,1.0,1,437.1,437.1,0.0,650.0,650.0,Thin,False,History,2025-06-12,2025-06-12
Oklahoma City,OK,,Williston,ND,,1299.0,1141.9,0.0,1.0,1,1299.0,1299.0,0.0,1141.9,1141.9,Thin,False,History,2023-07-04,2023-07-04
Oklahoma,OK,,Houston,TX,,457.9,,376.3,1.0,0,457.9,457.9,0.0,,,Thin,False,History,2020-12-15,2020-12-15
Ola,AR,,Austin,TX,,532.7,896.6,401.8,1.0,1,532.7,532.7,0.0,896.6,896.6,Thin,False,History,2023-04-05,2023-04-05
Olathe,CO,,Irving,TX,,879.3,1083.8,231.0,1.0,1,879.3,879.3,0.0,1083.8,1083.8,Thin,False,History,2022-10-26,2022-10-26
Nuevo Laredo,TA,,Wilson,NC,,1762.9,1693.6,0.0,1.0,1,1762.9,1762.9,0.0,1693.6,1693.6,Thin,False,History,2022-09-06,2022-09-06
Nuevo Laredo,TA,,Wylie,TX,,478.2,466.2,0.0,1.0,1,478.2,478.2,0.0,466.2,466.2,Thin,False,History,2025-09-05,2025-09-05
Ny,NY,,Baton Rouge,LA,,1397.9,1423.0,58.1,1.0,1,1397.9,1397.9,0.0,1423.0,1423.0,Thin,False,History,2025-02-28,2025-02-28
Nyssa,OR,,Laredo,TX,,1887.8,2147.9,389.7,1.0,1,1887.8,1887.8,0.0,2147.9,2147.9,Thin,False,History,2022-12-15,2022-12-15
Oakdale,LA,,Macomb,MI,,1163.0,1649.4,546.4,1.0,1,1163.0,1163.0,0.0,1649.4,1649.4,Thin,False,History,2025-09-29,2025-09-29
Oakland City,IN,,Laredo,TX,,1214.0,1476.8,344.7,1.0,1,1214.0,1214.0,0.0,1476.8,1476.8,Thin,False,History,2022-11-29,2022-11-29
Oakland,FL,,Dallas,TX,,1286.5,1294.9,28.2,1.0,1,1286.5,1286.5,0.0,1294.9,1294.9,Thin,False,History,2023-02-27,2023-02-27
Ogden,UT,,Brookshire,TX,,1558.3,1492.9,41.9,1.0,1,1558.3,1558.3,0.0,1492.9,1492.9,Thin,False,History,2023-03-06,2023-03-06
Nuevo Laredo,TA,,Shreveport,LA,,658.3,623.6,0.0,1.0,1,658.3,658.3,0.0,623.6,623.6,Thin,False,History,2022-05-27,2022-05-27
Nuevo Laredo,TA,,Sioux Rapids,IA,,1259.8,1234.2,0.0,1.0,1,1259.8,1259.8,0.0,1234.2,1234.2,Thin,False,History,2022-06-30,2022-06-30
Nuevo Laredo,TA,,Stone Park,IL,,1583.8,1508.3,0.0,1.0,1,1583.8,1583.8,0.0,1508.3,1508.3,Thin,False,History,2024-05-03,2024-05-03
Nuevo Laredo,TA,,Sumner,TX,,871.7,1251.0,543.1,1.0,1,871.7,871.7,0.0,1251.0,1251.0,Thin,False,History,2022-05-31,2022-05-31
Nuevo Laredo,TA,,Topeka,KS,,924.6,910.5,0.0,1.0,1,924.6,924.6,0.0,910.5,910.5,Thin,False,History,2025-08-22,2025-08-22
Nuevo Laredo,TA,,Vineland,NJ,,1903.0,1841.6,0.0,1.0,1,1903.0,1903.0,0.0,1841.6,1841.6,Thin,False,History,2024-12-27,2024-12-27
Nuevo Laredo,TA,,Waco,TX,,344.0,665.4,331.6,1.0,1,344.0,344.0,0.0,665.4,665.4,Thin,False,History,2025-02-19,2025-02-19
Nuevo Laredo,TA,,Wauwatosa,WI,,1441.0,1423.0,0.0,1.0,1,1441.0,1441.0,0.0,1423.0,1423.0,Thin,False,History,2024-03-12,2024-03-12
Camden,TX,,Laredo,TX,,446.8,546.4,140.5,1.0,1,446.8,446.8,0.0,546.4,546.4,Thin,False,History,2022-03-04,2022-03-04
Cameron,OK,,Fond Du Lac,WI,,871.2,955.9,125.6,1.0,1,871.2,871.2,0.0,955.9,955.9,Thin,False,History,2025-08-14,2025-08-14
Nuevo Laredo,TA,,Page,AZ,,1409.9,1271.2,0.0,1.0,1,1409.9,1409.9,0.0,1271.2,1271.2,Thin,False,History,2022-07-14,2022-07-14
Nuevo Laredo,TA,,Philadelphia,PA,,1894.5,1837.6,0.0,1.0,1,1894.5,1894.5,0.0,1837.6,1837.6,Thin,False,History,2022-08-16,2022-08-16
Nuevo Laredo,TA,,Platteville,CO,,1133.5,1057.9,0,2,2,1133,1134,1,1056.1,1059.7,Thin,False,History,2025-11-13,2026-01-17
Nuevo Laredo,TA,,Richfield,UT,,1439.2,1313.7,0.0,1.0,1,1439.2,1439.2,0.0,1313.7,1313.7,Thin,False,History,2021-12-04,2021-12-04
Nuevo Laredo,TA,,Riverside,CA,,1341.9,1309.1,0.0,1.0,1,1341.9,1341.9,0.0,1309.1,1309.1,Thin,False,History,2025-02-10,2025-02-10
Buford,GA,,San Antonio,TX,,1034.5,1403.0,391.3,1.0,1,1034.5,1034.5,0.0,1403.0,1403.0,Thin,False,History,2022-06-17,2022-06-17
Burlington,NC,,Denton,TX,,1176.9,1215.0,72.4,1.0,1,1176.9,1176.9,0.0,1215.0,1215.0,Thin,False,History,2022-10-12,2022-10-12
Burlington,NC,,Laredo,TX,,1498.4,1873.5,449.4,1.0,1,1498.4,1498.4,0.0,1873.5,1873.5,Thin,False,History,2022-05-25,2022-05-25
Burlington,NJ,,Mcallen,TX,,1910.3,2052.2,170.3,1.0,1,1910.3,1910.3,0.0,2052.2,2052.2,Thin,False,History,2026-07-10,2026-07-10
Olean,NY,,Laredo,TX,,1805.3,2131.3,398.5,1.0,1,1805.3,1805.3,0.0,2131.3,2131.3,Thin,False,History,2024-07-08,2024-07-08
Oneida,NY,,Houston,TX,,1662.5,2262.3,622.8,1.0,1,1662.5,1662.5,0.0,2262.3,2262.3,Thin,False,History,2023-09-27,2023-09-27
Oneonta,NY,,Laredo,TX,,2028.0,2279.4,391.0,1.0,1,2028.0,2028.0,0.0,2279.4,2279.4,Thin,False,History,2022-09-09,2022-09-09
Ontario,CA,,San Antonio,TX,,1308.0,1471.9,198.7,1.0,1,1308.0,1308.0,0.0,1471.9,1471.9,Thin,False,History,2025-10-29,2025-10-29
Buckeye,AZ,,Dallas,TX,,1099.6,1074.0,39.2,1.0,1,1099.6,1099.6,0.0,1074.0,1074.0,Thin,False,History,2023-11-14,2023-11-14
Buckeye,AZ,,Elgin,OK,,998.1,998.3,39.2,1.0,1,998.1,998.1,0.0,998.3,998.3,Thin,False,History,2024-04-20,2024-04-20
Buckhannon,WV,,Houston,TX,,1275.0,1524.2,270.5,1.0,1,1275.0,1275.0,0.0,1524.2,1524.2,Thin,False,History,2023-08-08,2023-08-08
Buckhannon,WV,,San Antonio,TX,,1444.8,1808.8,413.8,1.0,1,1444.8,1444.8,0.0,1808.8,1808.8,Thin,False,History,2023-04-25,2023-04-25
Buckhannon,WV,,Seguin,TX,,1405.6,1788.9,451.8,1.0,1,1405.6,1405.6,0.0,1788.9,1788.9,Thin,False,History,2022-05-31,2022-05-31
Buffalo,NY,,Black Mountain,NC,,920.0,1284.3,404.9,1.0,1,920.0,920.0,0.0,1284.3,1284.3,Thin,False,History,2023-12-24,2023-12-24
Buffalo,TX,,Riverhead,NY,,1731.1,1956.7,253.1,1.0,1,1731.1,1731.1,0.0,1956.7,1956.7,Thin,False,History,2023-03-10,2023-03-10
Buford,GA,,Laredo,TX,,1212.4,1201.7,12.8,1.0,1,1212.4,1212.4,0.0,1201.7,1201.7,Thin,False,History,2024-03-26,2024-03-26
Brooklyn,NY,,Ennis,TX,,1596.8,2092.7,543.4,1.0,1,1596.8,1596.8,0.0,2092.7,2092.7,Thin,False,History,2022-11-23,2022-11-23
Brooklyn,NY,,Houston,TX,,1995.1,1967.6,26.0,1.0,1,1995.1,1995.1,0.0,1967.6,1967.6,Thin,False,History,2021-01-21,2021-01-21
Brooklyn,NY,,Sugar Land,TX,,1661.9,1845.7,218.5,1.0,1,1661.9,1661.9,0.0,1845.7,1845.7,Thin,False,History,2023-09-26,2023-09-26
Brooks,OR,,Bronx,NY,,2941.3,2917.1,33.1,1.0,1,2941.3,2941.3,0.0,2917.1,2917.1,Thin,False,History,2023-03-29,2023-03-29
Bryan,OH,,Laredo,TX,,1507.2,1543.2,110.2,1.0,1,1507.2,1507.2,0.0,1543.2,1543.2,Thin,False,History,2023-06-30,2023-06-30
Bryan,TX,,Mcallen,TX,,384.4,967.7,606.6,1.0,1,384.4,384.4,0.0,967.7,967.7,Thin,False,History,2025-05-26,2025-05-26
Buckeye,AZ,,Amarillo,TX,,781.1,781.2,39.2,1.0,1,781.1,781.1,0.0,781.2,781.2,Thin,False,History,2023-10-19,2023-10-19
Olathe,CO,,West Spicewood,TX,,1017.6,1619.1,633.8,1.0,1,1017.6,1017.6,0.0,1619.1,1619.1,Thin,False,History,2022-08-24,2022-08-24
Olathe,KS,,Kent,WA,,1971.6,2083.3,142.7,1.0,1,1971.6,1971.6,0.0,2083.3,2083.3,Thin,False,History,2025-04-10,2025-04-10
Broadway Gloucester,NJ,,Temple,TX,,1578.6,1587.2,47.5,1.0,1,1578.6,1578.6,0.0,1587.2,1587.2,Thin,False,History,2023-03-30,2023-03-30
Brockport,NY,,New Caney,TX,,1517.6,2002.5,524.2,1.0,1,1517.6,1517.6,0.0,2002.5,2002.5,Thin,False,History,2022-10-10,2022-10-10
Bronx,NY,,Carrollton,TX,,1571.2,1574.2,10.8,1.0,1,1571.2,1571.2,0.0,1574.2,1574.2,Thin,False,History,2023-03-17,2023-03-17
Brookhaven,MS,,Laredo,TX,,741.5,1357.7,702.3,1.0,1,741.5,741.5,0.0,1357.7,1357.7,Thin,False,History,2025-11-13,2025-11-13
Brooklyn,NY,,Carrollton,TX,,1573.1,1662.4,109.0,1.0,1,1573.1,1573.1,0.0,1662.4,1662.4,Thin,False,History,2023-03-28,2023-03-28
Brooklyn,NY,,Cleburne,TX,,1629.1,2115.9,509.2,1.0,1,1629.1,1629.1,0.0,2115.9,2115.9,Thin,False,History,2023-01-18,2023-01-18
Owasso,OK,,San Antonio,TX,,536.8,969.9,442.5,1.0,1,536.8,536.8,0.0,969.9,969.9,Thin,False,History,2022-12-10,2022-12-10
Owen,WI,,Laredo,TX,,1496.0,1692.5,254.0,1.0,1,1496.0,1496.0,0.0,1692.5,1692.5,Thin,False,History,2023-07-18,2023-07-18
Owensboro,KY,,Lancaster,TX,,751.5,866.2,122.1,1.0,1,751.5,751.5,0.0,866.2,866.2,Thin,False,History,2022-10-04,2022-10-04
Owensboro,KY,,Sturbridge,MA,,1007.5,1121.8,136.5,1.0,1,1007.5,1007.5,0.0,1121.8,1121.8,Thin,False,History,2026-06-06,2026-06-06
Owosso,MI,,North Platte,NE,,979.2,1047.3,92.5,1.0,1,979.2,979.2,0.0,1047.3,1047.3,Thin,False,History,2025-04-12,2025-04-12
Oxford,NC,,San Antonio,TX,,1400.2,1706.8,340.2,1.0,1,1400.2,1400.2,0.0,1706.8,1706.8,Thin,False,History,2026-01-09,2026-01-09
Paw Paw,MI,,Enfield,CT,,838.1,935.8,131.4,1.0,1,838.1,838.1,0.0,935.8,935.8,Thin,False,History,2026-04-26,2026-04-26
Palmerton,PA,,Kerrville,TX,,1788.1,2065.7,363.2,1.0,1,1788.1,1788.1,0.0,2065.7,2065.7,Thin,False,History,2023-02-27,2023-02-27
Osseo,WI,,Laredo,TX,,1418.2,1558.6,153.2,1.0,1,1418.2,1418.2,0.0,1558.6,1558.6,Thin,False,History,2025-02-20,2025-02-20
Oswego,NY,,Laredo,TX,,1948.8,2110.6,243.8,1.0,1,1948.8,1948.8,0.0,2110.6,2110.6,Thin,False,History,2023-09-21,2023-09-21
Otange,TX,,Laredo,TX,,455.9,535.6,93.9,1.0,1,455.9,455.9,0.0,535.6,535.6,Thin,False,History,2023-03-29,2023-03-29
Othello,WA,,Chelsea,MA,,2895.5,3070.6,304.8,1.0,1,2895.5,2895.5,0.0,3070.6,3070.6,Thin,False,History,2023-01-25,2023-01-25
Othello,WA,,San Antonio,TX,,2017.1,2360.2,420.6,1.0,1,2017.1,2017.1,0.0,2360.2,2360.2,Thin,False,History,2022-10-20,2022-10-20
Ottawa,IL,,Secaucus,NJ,,981.1,962.1,0.0,1.0,1,981.1,981.1,0.0,962.1,962.1,Thin,False,History,2026-05-16,2026-05-16
Ottawa,IL,,South Plainfield,NJ,,1000.8,1054.0,71.2,1.0,1,1000.8,1000.8,0.0,1054.0,1054.0,Thin,False,History,2026-04-04,2026-04-04
Ottawa,IL,,West Haven,CT,,1049.6,1127.7,101.0,1.0,1,1049.6,1049.6,0.0,1127.7,1127.7,Thin,False,History,2026-04-12,2026-04-12
Oroville,WA,,San Antonio,TX,,2205.8,2541.7,406.2,1.0,1,2205.8,2205.8,0.0,2541.7,2541.7,Thin,False,History,2022-10-24,2022-10-24
Orrtanna,PA,,Laredo,TX,,1774.9,2137.9,436.0,1.0,1,1774.9,1774.9,0.0,2137.9,2137.9,Thin,False,History,2025-10-27,2025-10-27
Orwell,OH,,Laredo,TX,,1651.7,1890.1,309.0,1.0,1,1651.7,1651.7,0.0,1890.1,1890.1,Thin,False,History,2024-05-23,2024-05-23
Osceola,AR,,Dallas,TX,,498.1,723.8,239.3,1.0,1,498.1,498.1,0.0,723.8,723.8,Thin,False,History,2023-12-01,2023-12-01
Osceola,AR,,Pasadena,TX,,626.6,1098.3,489.3,1.0,1,626.6,626.6,0.0,1098.3,1098.3,Thin,False,History,2024-05-10,2024-05-10
Oseage,IA,,Laredo,TX,,1280.0,1315.0,68.5,1.0,1,1280.0,1280.0,0.0,1315.0,1315.0,Thin,False,History,2023-05-31,2023-05-31
Oskaloosa,IA,,Laredo,TX,,1152.2,1193.3,61.8,1.0,1,1152.2,1152.2,0.0,1193.3,1193.3,Thin,False,History,2020-11-24,2020-11-24
Osseo,MN,,Laredo,TX,,1381.4,1376.1,17.2,1.0,1,1381.4,1381.4,0.0,1376.1,1376.1,Thin,False,History,2021-09-18,2021-09-18
Ontario,OR,,Fort Worth,TX,,1646.5,1949.8,381.2,1.0,1,1646.5,1646.5,0.0,1949.8,1949.8,Thin,False,History,2023-03-17,2023-03-17
Orange,CA,,Houston,TX,,1598.0,1580.8,30.9,1.0,1,1598.0,1598.0,0.0,1580.8,1580.8,Thin,False,History,2024-07-26,2024-07-26
Orangeburg,SC,,Holiday City,OH,,757.4,845.6,139.5,1.0,1,757.4,757.4,0.0,845.6,845.6,Thin,False,History,2025-11-25,2025-11-25
Orchard Park,NY,,Fort Worth,TX,,1406.1,1408.8,49.8,1.0,1,1406.1,1406.1,0.0,1408.8,1408.8,Thin,False,History,2022-05-31,2022-05-31
Oregon City,OR,,Otsego,MN,,1692.6,1798.0,158.4,1.0,1,1692.6,1692.6,0.0,1798.0,1798.0,Thin,False,History,2025-02-18,2025-02-18
Orlando,CA,,Lafayette,LA,,2250.4,2195.7,0.0,1.0,1,2250.4,2250.4,0.0,2195.7,2195.7,Thin,False,History,2025-04-04,2025-04-04
Orlando,FL,,Elkton,MD,,955.7,1179.0,232.0,1.0,1,955.7,955.7,0.0,1179.0,1179.0,Thin,False,History,2023-07-19,2023-07-19
Orlando,FL,,Schodack Landing,NY,,1491.9,1522.2,38.3,1.0,1,1491.9,1491.9,0.0,1522.2,1522.2,Thin,False,History,2023-01-13,2023-01-13
Pekin,IL,,Laredo,TX,,1230.4,1555.0,342.9,1.0,1,1230.4,1230.4,0.0,1555.0,1555.0,Thin,False,History,2022-07-01,2022-07-01
Pella,IA,,Laredo,TX,,1152.7,1362.4,231.9,1.0,1,1152.7,1152.7,0.0,1362.4,1362.4,Thin,False,History,2024-10-01,2024-10-01
Pembroke Pines,FL,,Dallas,TX,,1311.8,1294.6,19.5,1.0,1,1311.8,1311.8,0.0,1294.6,1294.6,Thin,False,History,2023-01-16,2023-01-16
Pembroke,NH,,Laredo,TX,,2241.9,2431.4,281.1,1.0,1,2241.9,2241.9,0.0,2431.4,2431.4,Thin,False,History,2023-03-20,2023-03-20
Pendergrass,GA,,Laredo,TX,,1200.0,1510.2,396.2,1.0,1,1200.0,1200.0,0.0,1510.2,1510.2,Thin,False,History,2023-03-31,2023-03-31
Pendleton,SC,,Austin,TX,,1051.5,1392.2,368.3,1.0,1,1051.5,1051.5,0.0,1392.2,1392.2,Thin,False,History,2021-03-03,2021-03-03
Pennington,NJ,,Laredo,TX,,1935.2,1981.5,117.8,1.0,1,1935.2,1935.2,0.0,1981.5,1981.5,Thin,False,History,2024-08-14,2024-08-14
Pennsyvania,PA,,Laredo,TX,,1641.7,1940.9,356.1,1.0,1,1641.7,1641.7,0.0,1940.9,1940.9,Thin,False,History,2025-07-02,2025-07-02
Prattville,AL,,Georgetown,TX,,751.3,1210.8,489.0,1.0,1,751.3,751.3,0.0,1210.8,1210.8,Thin,False,History,2022-06-27,2022-06-27
Prattville,AL,,Laredo,TX,,1024.6,1469.6,490.7,1.0,1,1024.6,1024.6,0.0,1469.6,1469.6,Thin,False,History,2024-05-07,2024-05-07
Paulsboro,NJ,,Grand Prairie,TX,,1467.2,1503.5,63.9,1.0,1,1467.2,1467.2,0.0,1503.5,1503.5,Thin,False,History,2023-10-11,2023-10-11
Paw Paw,MI,,Carrizo Springs,TX,,1453.1,1884.4,489.1,1.0,1,1453.1,1453.1,0.0,1884.4,1884.4,Thin,False,History,2022-05-17,2022-05-17
Payette,ID,,Laredo,TX,,1890.3,2109.6,346.1,1.0,1,1890.3,1890.3,0.0,2109.6,2109.6,Thin,False,History,2023-02-06,2023-02-06
Peach Bottom,PA,,Riviera,TX,,1738.7,1950.4,253.8,1.0,1,1738.7,1738.7,0.0,1950.4,1950.4,Thin,False,History,2025-10-13,2025-10-13
Pearl River,LA,,Laredo,TX,,710.2,724.0,44.2,1.0,1,710.2,710.2,0.0,724.0,724.0,Thin,False,History,2026-01-26,2026-01-26
Pedricktown,NJ,,Mexico,MO,,1005.9,1126.1,168.9,1.0,1,1005.9,1005.9,0.0,1126.1,1126.1,Thin,False,History,2025-11-19,2025-11-19
Pasco,WA,,Bloomfield,CT,,2808.3,3059.4,340.4,1.0,1,2808.3,2808.3,0.0,3059.4,3059.4,Thin,False,History,2022-05-21,2022-05-21
Pasco,WA,,Goshen,NY,,2701.1,2897.7,282.5,1.0,1,2701.1,2701.1,0.0,2897.7,2897.7,Thin,False,History,2025-08-15,2025-08-15
Pasco,WA,,Mcallen,TX,,2212.4,2501.7,377.1,1.0,1,2212.4,2212.4,0.0,2501.7,2501.7,Thin,False,History,2025-10-06,2025-10-06
Pasco,WA,,Nuevo Laredo,TA,,2114.4,2127.2,141.8,1.0,1,2114.4,2114.4,0.0,2127.2,2127.2,Thin,False,History,2024-02-06,2024-02-06
Pasco,WA,,San Antonio,TX,,1971.6,2280.3,374.3,1.0,1,1971.6,1971.6,0.0,2280.3,2280.3,Thin,False,History,2022-09-14,2022-09-14
Pass Christian,MS,,Laredo,TX,,737.4,807.4,80.9,1.0,1,737.4,737.4,0.0,807.4,807.4,Thin,False,History,2023-08-16,2023-08-16
Paterson,NJ,,San Antonio,TX,,1833.4,1965.7,169.0,1.0,1,1833.4,1833.4,0.0,1965.7,1965.7,Thin,False,History,2021-06-03,2021-06-03
Patterson,NY,,Cienega De Flores,N.,,3602.7,,141.3,1.0,0,3602.7,3602.7,0.0,,,Thin,False,History,2024-07-16,2024-07-16
Palmetto,FL,,Dallas,TX,,1136.9,1172.4,83.9,1.0,1,1136.9,1136.9,0.0,1172.4,1172.4,Thin,False,History,2022-09-27,2022-09-27
Palmetto,FL,,Temple,TX,,1189.4,1520.5,384.3,1.0,1,1189.4,1189.4,0.0,1520.5,1520.5,Thin,False,History,2021-02-25,2021-02-25
Palmetto,GA,,Laredo,TX,,1116.0,1167.6,79.7,1.0,1,1116.0,1116.0,0.0,1167.6,1167.6,Thin,False,History,2024-04-26,2024-04-26
Palmyra,WI,,Laredo,TX,,1411.0,1427.7,28.5,1.0,1,1411.0,1411.0,0.0,1427.7,1427.7,Thin,False,History,2021-06-25,2021-06-25
Panama City,FL,,Laredo,TX,,986.5,1292.2,394.0,1.0,1,986.5,986.5,0.0,1292.2,1292.2,Thin,False,History,2024-03-13,2024-03-13
Paris,TN,,Laredo,TX,,1020.8,1095.0,112.1,1.0,1,1020.8,1020.8,0.0,1095.0,1095.0,Thin,False,History,2024-06-26,2024-06-26
Parker,AZ,,Alba,TX,,1310.1,1869.6,668.4,1.0,1,1310.1,1310.1,0.0,1869.6,1869.6,Thin,False,History,2024-05-29,2024-05-29
Parshall,CO,,Rio Grande City,TX,,1294.4,1435.7,212.2,1.0,1,1294.4,1294.4,0.0,1435.7,1435.7,Thin,False,History,2023-12-05,2023-12-05
Phoenixville,PA,,Carrollton,TX,,1472.5,2008.7,557.1,1.0,1,1472.5,1472.5,0.0,2008.7,2008.7,Thin,False,History,2022-07-20,2022-07-20
Pine Bluff,AR,,Mcallen,TX,,831.4,2232.2,1511.4,1.0,1,831.4,831.4,0.0,2232.2,2232.2,Thin,False,History,2025-04-15,2025-04-15
Pine Brk,NJ,,Yancey,TX,,1866.3,1991.0,160.2,1.0,1,1866.3,1866.3,0.0,1991.0,1991.0,Thin,False,History,2023-01-16,2023-01-16
Pineland,TX,,Hidalgo,TX,,512.2,801.7,294.8,1.0,1,512.2,512.2,0.0,801.7,801.7,Thin,False,History,2025-10-20,2025-10-20
Pineland,TX,,Pharr,TX,,503.6,790.0,291.7,1.0,1,503.6,503.6,0.0,790.0,790.0,Thin,False,History,2025-10-20,2025-10-20
Piscataway,NJ,,Laredo,TX,,1951.6,1986.5,82.6,1.0,1,1951.6,1951.6,0.0,1986.5,1986.5,Thin,False,History,2022-05-10,2022-05-10
Boardman,OR,,Dallas,TX,,1885.1,2162.6,363.1,1.0,1,1885.1,1885.1,0.0,2162.6,2162.6,Thin,False,History,2022-06-11,2022-06-11
Boardman,OR,,Fort Worth,TX,,1854.7,2467.2,695.5,1.0,1,1854.7,1854.7,0.0,2467.2,2467.2,Thin,False,History,2022-02-15,2022-02-15
Philadelphia,PA,,Plano,IL,,802.6,850.1,64.4,1.0,1,802.6,802.6,0.0,850.1,850.1,Thin,False,History,2025-03-24,2025-03-24
Philipsburg,PA,,Laredo,TX,,1787.1,1969.0,290.2,1.0,1,1787.1,1787.1,0.0,1969.0,1969.0,Thin,False,History,2023-08-25,2023-08-25
Phillipsburg,KS,,Fort Worth,TX,,599.4,881.5,340.4,1.0,1,599.4,599.4,0.0,881.5,881.5,Thin,False,History,2024-01-17,2024-01-17
Phoenix,AZ,,Hauppauge,NY,,2554.9,2446.7,14.0,1.0,1,2554.9,2554.9,0.0,2446.7,2446.7,Thin,False,History,2025-07-15,2025-07-15
Phoenix,AZ,,Houston,TX,,1184.2,1149.3,12.5,1.0,1,1184.2,1184.2,0.0,1149.3,1149.3,Thin,False,History,2024-03-19,2024-03-19
Phoenix,AZ,,Mckinney,TX,,1094.1,1038.1,9.1,1.0,1,1094.1,1094.1,0.0,1038.1,1038.1,Thin,False,History,2024-01-26,2024-01-26
Phoenix,AZ,,Richardson,TX,,1087.0,1020.0,0.0,1.0,1,1087.0,1087.0,0.0,1020.0,1020.0,Thin,False,History,2023-05-02,2023-05-02
Phoenix,AZ,,San Antonio,TX,,994.8,1126.9,169.3,1.0,1,994.8,994.8,0.0,1126.9,1126.9,Thin,False,History,2023-04-27,2023-04-27
Philadelphia,PA,,Dallas,TX,,1469.2,1594.7,147.8,1.0,1,1469.2,1469.2,0.0,1594.7,1594.7,Thin,False,History,2023-03-07,2023-03-07
Philadelphia,PA,,Dublin,TX,,1597.5,2071.1,502.2,1.0,1,1597.5,1597.5,0.0,2071.1,2071.1,Thin,False,History,2023-05-02,2023-05-02
Philadelphia,PA,,Fort Worth,TX,,1493.4,1585.5,108.6,1.0,1,1493.4,1493.4,0.0,1585.5,1585.5,Thin,False,History,2023-02-21,2023-02-21
Philadelphia,PA,,Grand Prairie,TX,,1481.1,1592.4,143.1,1.0,1,1481.1,1481.1,0.0,1592.4,1592.4,Thin,False,History,2023-05-22,2023-05-22
Philadelphia,PA,,Laredo,TX,,1884.9,1960.7,154.8,1.0,1,1884.9,1884.9,0.0,1960.7,1960.7,Thin,False,History,2023-10-26,2023-10-26
Philadelphia,PA,,Mansfield,OH,,467.5,513.1,63.0,1.0,1,467.5,467.5,0.0,513.1,513.1,Thin,False,History,2026-06-05,2026-06-05
Philadelphia,PA,,New Braunfels,TX,,1711.5,1940.8,286.0,1.0,1,1711.5,1711.5,0.0,1940.8,1940.8,Thin,False,History,2021-07-20,2021-07-20
Philadelphia,PA,,Pasadena,TX,,1533.2,1871.1,385.7,1.0,1,1533.2,1533.2,0.0,1871.1,1871.1,Thin,False,History,2022-08-15,2022-08-15
Perris,CA,,Harvey,IL,,2094.5,2088.4,62.3,1.0,1,2094.5,2094.5,0.0,2088.4,2088.4,Thin,False,History,2025-05-30,2025-05-30
Perris,CA,,Mcallen,TX,,1547.0,1690.1,227.0,1.0,1,1547.0,1547.0,0.0,1690.1,1690.1,Thin,False,History,2024-08-05,2024-08-05
Perth Amboy,NJ,,San Antonio,TX,,1804.5,2044.8,297.9,1.0,1,1804.5,1804.5,0.0,2044.8,2044.8,Thin,False,History,2022-06-29,2022-06-29
Pete Wildhaber,MO,,Laredo,TX,,1052.4,1285.4,257.2,1.0,1,1052.4,1052.4,0.0,1285.4,1285.4,Thin,False,History,2022-12-19,2022-12-19
Petersburg,FL,,Austin,TX,,1360.9,1382.5,38.0,1.0,1,1360.9,1360.9,0.0,1382.5,1382.5,Thin,False,History,2020-12-14,2020-12-14
Pharr,TX,,New Albany,MS,,1115.8,,9.8,1.0,0,1115.8,1115.8,0.0,,,Thin,False,History,2026-01-19,2026-01-19
Phenix City,AL,,Chicago,IL,,880.0,963.2,108.0,1.0,1,880.0,880.0,0.0,963.2,963.2,Thin,False,History,2024-12-31,2024-12-31
Pheonix,AZ,,Casa Grande,AZ,,60.6,59.9,0.0,1.0,1,60.6,60.6,0.0,59.9,59.9,Thin,False,History,2022-01-03,2022-01-03
Bristol,PA,,Austin,TX,,1728.0,1920.0,323.0,1.0,1,1728.0,1728.0,0.0,1920.0,1920.0,Thin,False,History,2022-03-21,2022-03-21
Pittsburg,TX,,Sandston,VA,,1177.1,1291.8,140.4,1.0,1,1177.1,1177.1,0.0,1291.8,1291.8,Thin,False,History,2021-06-29,2021-06-29
Pittsfield,MA,,Houston,TX,,1763.3,1916.6,187.4,1.0,1,1763.3,1763.3,0.0,1916.6,1916.6,Thin,False,History,2023-02-14,2023-02-14
Pittsgrove,NJ,,Houston,TX,,1550.7,1562.2,44.0,1.0,1,1550.7,1550.7,0.0,1562.2,1562.2,Thin,False,History,2023-03-07,2023-03-07
Pittston,PA,,Brookshire,TX,,1610.5,1700.3,128.1,1.0,1,1610.5,1610.5,0.0,1700.3,1700.3,Thin,False,History,2023-06-12,2023-06-12
Pittston,PA,,San Antonio,TX,,1760.1,1992.1,290.8,1.0,1,1760.1,1760.1,0.0,1992.1,1992.1,Thin,False,History,2026-06-02,2026-06-02
Plainfield,IN,,Laredo,TX,,1346.7,1353.6,23.6,1.0,1,1346.7,1346.7,0.0,1353.6,1353.6,Thin,False,History,2024-03-26,2024-03-26
Plant City,FL,,Austin,TX,,1150.2,1358.4,250.4,1.0,1,1150.2,1150.2,0.0,1358.4,1358.4,Thin,False,History,2024-05-13,2024-05-13
Brewster,WA,,Houston,TX,,2283.2,2791.8,559.9,1.0,1,2283.2,2283.2,0.0,2791.8,2791.8,Thin,False,History,2022-04-01,2022-04-01
Brewster,WA,,New Caney,TX,,2376.0,2863.0,591.1,1.0,1,2376.0,2376.0,0.0,2863.0,2863.0,Thin,False,History,2022-04-05,2022-04-05
Brewster,WA,,Temple,TX,,2242.8,2553.9,436.0,1.0,1,2242.8,2242.8,0.0,2553.9,2553.9,Thin,False,History,2022-12-22,2022-12-22
Bridgeport,CT,,Laredo,TX,,2039.2,2143.7,184.5,1.0,1,2039.2,2039.2,0.0,2143.7,2143.7,Thin,False,History,2023-07-18,2023-07-18
Bridgeport,TX,,San Antonio,TX,,316.1,460.8,178.2,1.0,1,316.1,316.1,0.0,460.8,460.8,Thin,False,History,2023-11-13,2023-11-13
Bridgewaters,NJ,,Mansfield,TX,,1549.8,1631.1,98.3,1.0,1,1549.8,1549.8,0.0,1631.1,1631.1,Thin,False,History,2024-08-23,2024-08-23
Brighton,CO,,Mcallen,TX,,1199.9,1346.5,176.3,1.0,1,1199.9,1199.9,0.0,1346.5,1346.5,Thin,False,History,2024-08-31,2024-08-31
Brinson,GA,,San Antonio,TX,,881.5,1457.2,589.0,1.0,1,881.5,881.5,0.0,1457.2,1457.2,Thin,False,History,2022-06-19,2022-06-19
Bowling Green,OH,,Laredo,TX,,1542.5,1601.6,116.0,1.0,1,1542.5,1542.5,0.0,1601.6,1601.6,Thin,False,History,2023-08-14,2023-08-14
Bradenton,FL,,Douglasville,GA,,2196.8,2052.9,90.7,1.0,1,2196.8,2196.8,0.0,2052.9,2052.9,Thin,False,History,2021-02-25,2021-02-25
Bradenton,FL,,Valhalla,NY,,1208.6,1277.5,105.4,1.0,1,1208.6,1208.6,0.0,1277.5,1277.5,Thin,False,History,2020-08-11,2020-08-11
Brandenburg,KY,,Cofield,NC,,704.4,752.8,89.9,1.0,1,704.4,704.4,0.0,752.8,752.8,Thin,False,History,2023-07-09,2023-07-09
Brawley,CA,,Carrollton,TX,,1265.0,1906.1,701.3,1.0,1,1265.0,1265.0,0.0,1906.1,1906.1,Thin,False,History,2024-05-21,2024-05-21
Breinigsville,PA,,Dallas,TX,,1458.0,1938.7,491.6,1.0,1,1458.0,1458.0,0.0,1938.7,1938.7,Thin,False,History,2022-01-03,2022-01-03
Breinigsville,PA,,Flower Mound,TX,,1475.1,1921.6,462.0,1.0,1,1475.1,1475.1,0.0,1921.6,1921.6,Thin,False,History,2021-12-13,2021-12-13
Brenham,TX,,Laredo,TX,,306.4,507.4,211.9,1.0,1,306.4,306.4,0.0,507.4,507.4,Thin,False,History,2023-03-17,2023-03-17
Boaz,AL,,Cedar Park,TX,,834.7,1190.5,370.3,1.0,1,834.7,834.7,0.0,1190.5,1190.5,Thin,False,History,2021-12-01,2021-12-01
Boerne,TX,,Clallam Bay,WA,,2317.0,2430.6,180.8,1.0,1,2317.0,2317.0,0.0,2430.6,2430.6,Thin,False,History,2025-08-28,2025-08-28
Boise,ID,,Laredo,TX,,2053.1,2014.9,35.3,1.0,1,2053.1,2053.1,0.0,2014.9,2014.9,Thin,False,History,2022-12-13,2022-12-13
Bolingbrook,IL,,Beaumont,TX,,1102.9,1041.5,30.0,1.0,1,1102.9,1102.9,0.0,1041.5,1041.5,Thin,False,History,2023-03-11,2023-03-11
Bolingbrook,IL,,San Antonio,TX,,1183.2,1365.2,199.9,1.0,1,1183.2,1183.2,0.0,1365.2,1365.2,Thin,False,History,2022-12-27,2022-12-27
Bolingbrook,IL,,Shrewsbury,MA,,982.1,,30.0,1.0,0,982.1,982.1,0.0,,,Thin,False,History,2026-06-15,2026-06-15
Bolivar,MO,,Rockport,ME,,1568.0,1608.2,92.9,1.0,1,1568.0,1568.0,0.0,1608.2,1608.2,Thin,False,History,2025-06-18,2025-06-18
Boring,OR,,Bremo Bluff,VA,,2993.8,2975.0,47.9,1.0,1,2993.8,2993.8,0.0,2975.0,2975.0,Thin,False,History,2025-03-05,2025-03-05
Port Wentworth,FL,,Ennis,TX,,1048.8,1507.8,552.0,1.0,1,1048.8,1048.8,0.0,1507.8,1507.8,Thin,False,History,2022-07-09,2022-07-09
Portage,IN,,Eagle Pass,TX,,1394.2,2157.4,850.7,1.0,1,1394.2,1394.2,0.0,2157.4,2157.4,Thin,False,History,2022-10-11,2022-10-11
Portage,IN,,Houston,TX,,1078.4,1166.5,120.3,1.0,1,1078.4,1078.4,0.0,1166.5,1166.5,Thin,False,History,2025-08-19,2025-08-19
Portageville,MO,,Laredo,TX,,970.0,1113.5,188.9,1.0,1,970.0,970.0,0.0,1113.5,1113.5,Thin,False,History,2021-04-16,2021-04-16
Portland,IN,,Kyle,TX,,1212.5,1251.7,105.0,1.0,1,1212.5,1212.5,0.0,1251.7,1251.7,Thin,False,History,2020-07-11,2020-07-11
Portland,IN,,Laredo,TX,,1424.7,1493.0,124.6,1.0,1,1424.7,1424.7,0.0,1493.0,1493.0,Thin,False,History,2023-07-11,2023-07-11
Portland,IN,,San Antonio,TX,,1278.4,1490.5,285.1,1.0,1,1278.4,1278.4,0.0,1490.5,1490.5,Thin,False,History,2023-08-05,2023-08-05
Portland,OR,,Dallas,TX,,2119.6,2055.1,3.7,1.0,1,2119.6,2119.6,0.0,2055.1,2055.1,Thin,False,History,2022-09-27,2022-09-27
Pompano Beach,FL,,Houston,TX,,1153.4,1645.3,536.5,1.0,1,1153.4,1153.4,0.0,1645.3,1645.3,Thin,False,History,2022-03-29,2022-03-29
Ponca City,OK,,Greencastle,PA,,1218.7,1292.7,113.8,1.0,1,1218.7,1218.7,0.0,1292.7,1292.7,Thin,False,History,2020-10-31,2020-10-31
Pontiac,IL,,Breinigsville,PA,,785.4,865.8,94.9,1.0,1,785.4,785.4,0.0,865.8,865.8,Thin,False,History,2026-06-08,2026-06-08
Pooler,GA,,Fort Worth,TX,,1056.8,,134.9,1.0,0,1056.8,1056.8,0.0,,,Thin,False,History,2021-02-02,2021-02-02
Poplar Bluff,MO,,Laredo,TX,,943.1,1089.1,187.4,1.0,1,943.1,943.1,0.0,1089.1,1089.1,Thin,False,History,2025-09-10,2025-09-10
Port Elizabeth,NJ,,Charlevoix,MI,,868.6,879.8,14.8,1.0,1,868.6,868.6,0.0,879.8,879.8,Thin,False,History,2026-04-03,2026-04-03
Port Neches,TX,,Laredo,TX,,446.5,557.8,152.6,1.0,1,446.5,446.5,0.0,557.8,557.8,Thin,False,History,2022-08-16,2022-08-16
Port Reading,NJ,,Laredo,TX,,1964.1,1900.0,8.6,1.0,1,1964.1,1964.1,0.0,1900.0,1900.0,Thin,False,History,2020-09-08,2020-09-08
Plymouth,MN,,Buda,TX,,1143.3,1754.6,645.9,1.0,1,1143.3,1143.3,0.0,1754.6,1754.6,Thin,False,History,2024-10-02,2024-10-02
Plymouth,UT,,Laredo,TX,,1589.3,1790.8,336.9,1.0,1,1589.3,1589.3,0.0,1790.8,1790.8,Thin,False,History,2022-05-27,2022-05-27
Plymouth,WI,,Buda,TX,,1427.8,1754.4,351.4,1.0,1,1427.8,1427.8,0.0,1754.4,1754.4,Thin,False,History,2023-04-04,2023-04-04
Plymouth,WI,,Laredo,TX,,1486.8,1686.5,216.1,1.0,1,1486.8,1486.8,0.0,1686.5,1686.5,Thin,False,History,2022-10-15,2022-10-15
Pmouth,MN,,Laredo,TX,,1360.7,1534.7,185.2,1.0,1,1360.7,1360.7,0.0,1534.7,1534.7,Thin,False,History,2025-10-02,2025-10-02
Pocahontas,AR,,Lufkin,TX,,452.9,749.5,300.3,1.0,1,452.9,452.9,0.0,749.5,749.5,Thin,False,History,2024-08-27,2024-08-27
Pocatello,ID,,Lancaster,TX,,1402.9,2047.4,688.8,1.0,1,1402.9,1402.9,0.0,2047.4,2047.4,Thin,False,History,2023-06-07,2023-06-07
Polluck,LA,,Sutton,NE,,904.8,981.3,123.7,1.0,1,904.8,904.8,0.0,981.3,981.3,Thin,False,History,2025-09-29,2025-09-29
Plant City,FL,,Cleburne,TX,,1150.0,1136.3,23.2,1.0,1,1150.0,1150.0,0.0,1136.3,1136.3,Thin,False,History,2024-02-14,2024-02-14
Plant City,FL,,Dallas,TX,,1108.7,1154.0,78.9,1.0,1,1108.7,1108.7,0.0,1154.0,1154.0,Thin,False,History,2023-01-04,2023-01-04
Plant City,FL,,Georgetown,TX,,1145.8,1140.4,23.2,1.0,1,1145.8,1145.8,0.0,1140.4,1140.4,Thin,False,History,2024-03-22,2024-03-22
Plant City,FL,,Laredo,TX,,1530.4,1501.9,23.2,1.0,1,1530.4,1530.4,0.0,1501.9,1501.9,Thin,False,History,2024-05-03,2024-05-03
Plant City,FL,,San Antonio,TX,,1185.0,1328.5,176.9,1.0,1,1185.0,1185.0,0.0,1328.5,1328.5,Thin,False,History,2025-11-19,2025-11-19
Pleasant Prairie,WI,,Bloomfield,CT,,962.1,1055.8,118.1,1.0,1,962.1,962.1,0.0,1055.8,1055.8,Thin,False,History,2026-04-14,2026-04-14
Pleasant Prairie,WI,,San Antonio,TX,,1235.2,1340.5,117.5,1.0,1,1235.2,1235.2,0.0,1340.5,1340.5,Thin,False,History,2020-07-06,2020-07-06
Plumsteadville,PA,,Laredo,TX,,2343.5,2304.8,35.0,1.0,1,2343.5,2343.5,0.0,2304.8,2304.8,Thin,False,History,2023-07-25,2023-07-25
Quakertown,PA,,New Braunfels,TX,,1713.4,1939.6,273.1,1.0,1,1713.4,1713.4,0.0,1939.6,1939.6,Thin,False,History,2022-11-28,2022-11-28
Queens,NY,,Oak Ridge North,TX,,1648.7,2002.0,416.1,1.0,1,1648.7,1648.7,0.0,2002.0,2002.0,Thin,False,History,2025-07-29,2025-07-29
Queens,NY,,Rio Vista,TX,,1634.0,1609.4,0.0,1.0,1,1634.0,1634.0,0.0,1609.4,1609.4,Thin,False,History,2022-11-04,2022-11-04
Quincy,IL,,San Antonio,TX,,939.3,1377.2,474.6,1.0,1,939.3,939.3,0.0,1377.2,1377.2,Thin,False,History,2026-01-05,2026-01-05
Quincy,WA,,Houston,TX,,2259.5,2719.4,608.9,1.0,1,2259.5,2259.5,0.0,2719.4,2719.4,Thin,False,History,2022-02-19,2022-02-19
Radcliff,KY,,Laredo,TX,,1232.5,1233.1,53.8,1.0,1,1232.5,1232.5,0.0,1233.1,1233.1,Thin,False,History,2026-06-12,2026-06-12
Raleigh,NC,,Converse,TX,,1396.1,1624.9,285.2,1.0,1,1396.1,1396.1,0.0,1624.9,1624.9,Thin,False,History,2023-11-06,2023-11-06
Rancho Dominguez,CA,,Laredo,TX,,1501.2,1425.1,56.9,1.0,1,1501.2,1501.2,0.0,1425.1,1425.1,Thin,False,History,2025-02-13,2025-02-13
Pueblo,CO,,Sherman,TX,,663.0,662.3,6.4,1.0,1,663.0,663.0,0.0,662.3,662.3,Thin,False,History,2022-09-13,2022-09-13
Pulaski,TN,,Laredo,TX,,1088.1,1128.8,75.6,1.0,1,1088.1,1088.1,0.0,1128.8,1128.8,Thin,False,History,2024-05-07,2024-05-07
Pulaski,VA,,Austin,TX,,1231.8,1958.5,781.9,1.0,1,1231.8,1231.8,0.0,1958.5,1958.5,Thin,False,History,2022-03-26,2022-03-26
Pulaski,VA,,New Braunfels,TX,,1295.6,1448.6,189.2,1.0,1,1295.6,1295.6,0.0,1448.6,1448.6,Thin,False,History,2025-03-27,2025-03-27
Pulaski,VA,,San Antonio,TX,,1344.0,1857.0,669.0,1.0,1,1344.0,1344.0,0.0,1857.0,1857.0,Thin,False,History,2022-03-19,2022-03-19
Pulaski,VA,,Tacoma,WA,,2721.9,2607.1,0.0,1.0,1,2721.9,2721.9,0.0,2607.1,2607.1,Thin,False,History,2025-02-11,2025-02-11
Puyallup,WA,,Eagle Pass,TX,,2118.0,2658.0,599.2,1.0,1,2118.0,2118.0,0.0,2658.0,2658.0,Thin,False,History,2022-12-07,2022-12-07
Quakertown,PA,,Eagle Pass,TX,,1890.0,2113.6,268.7,1.0,1,1890.0,1890.0,0.0,2113.6,2113.6,Thin,False,History,2024-01-29,2024-01-29
Preston,ID,,Hico,TX,,1582.7,1961.6,481.1,1.0,1,1582.7,1582.7,0.0,1961.6,1961.6,Thin,False,History,2023-03-01,2023-03-01
Preston,ID,,Laredo,TX,,1980.1,1921.4,107.5,1.0,1,1980.1,1980.1,0.0,1921.4,1921.4,Thin,False,History,2023-02-10,2023-02-10
Prosser,WA,,Garland,TX,,1937.1,2044.9,200.3,1.0,1,1937.1,1937.1,0.0,2044.9,2044.9,Thin,False,History,2023-02-06,2023-02-06
Prosser,WA,,Houston,TX,,2160.6,2694.4,628.4,1.0,1,2160.6,2160.6,0.0,2694.4,2694.4,Thin,False,History,2023-03-07,2023-03-07
Prosser,WA,,Laredo,TX,,2135.4,2215.0,219.4,1.0,1,2135.4,2135.4,0.0,2215.0,2215.0,Thin,False,History,2022-11-01,2022-11-01
Prosser,WA,,Temple,TX,,2027.8,2211.2,308.2,1.0,1,2027.8,2027.8,0.0,2211.2,2211.2,Thin,False,History,2023-11-28,2023-11-28
Pryor,OK,,Mcallen,TX,,781.2,1071.3,292.8,1.0,1,781.2,781.2,0.0,1071.3,1071.3,Thin,False,History,2026-05-12,2026-05-12
Pueblo,CO,,Rooselvelt,UT,,455.3,541.4,111.3,1.0,1,455.3,455.3,0.0,541.4,541.4,Thin,False,History,2024-06-06,2024-06-06
Portland,OR,,Oklahoma City,OK,,1933.9,1835.8,14.7,1.0,1,1933.9,1933.9,0.0,1835.8,1835.8,Thin,False,History,2023-04-21,2023-04-21
Portland,OR,,San Antonio,TX,,2121.8,2236.9,182.0,1.0,1,2121.8,2121.8,0.0,2236.9,2236.9,Thin,False,History,2022-04-18,2022-04-18
Pottsville,PA,,Laredo,TX,,1861.5,2040.1,234.6,1.0,1,1861.5,1861.5,0.0,2040.1,2040.1,Thin,False,History,2022-04-08,2022-04-08
Prairie Du Chie,WI,,Schertz,TX,,1157.2,1289.5,153.1,1.0,1,1157.2,1157.2,0.0,1289.5,1289.5,Thin,False,History,2025-04-18,2025-04-18
Prairie Du Chie,WI,,Sidney,OH,,510.5,472.5,0.0,1.0,1,510.5,510.5,0.0,472.5,472.5,Thin,False,History,2025-06-10,2025-06-10
Prairie Du Chie,WI,,Washington Court,OH,,590.3,853.2,300.1,1.0,1,590.3,590.3,0.0,853.2,853.2,Thin,False,History,2025-05-27,2025-05-27
Prattville,AL,,San Antonio,TX,,829.2,1445.3,667.1,1.0,1,829.2,829.2,0.0,1445.3,1445.3,Thin,False,History,2024-01-24,2024-01-24
Prescott Valley,AZ,,Dallas,TX,,1063.7,1609.8,598.4,1.0,1,1063.7,1063.7,0.0,1609.8,1609.8,Thin,False,History,2022-06-18,2022-06-18
Ringgold,GA,,Robstown,TX,,1037.2,1243.6,237.6,1.0,1,1037.2,1037.2,0.0,1243.6,1243.6,Thin,False,History,2023-12-11,2023-12-11
Ringoes,NJ,,Denton,TX,,1529.2,1571.4,75.7,1.0,1,1529.2,1529.2,0.0,1571.4,1571.4,Thin,False,History,2023-05-12,2023-05-12
Rittman,OH,,Hutchins,TX,,1167.1,1281.3,149.1,1.0,1,1167.1,1167.1,0.0,1281.3,1281.3,Thin,False,History,2026-03-03,2026-03-03
Riverhead,NY,,Laredo,TX,,2057.4,2028.0,32.1,1.0,1,2057.4,2057.4,0.0,2028.0,2028.0,Thin,False,History,2022-09-07,2022-09-07
Riverside,CA,,Glen Flora,TX,,1465.6,1825.6,411.0,1.0,1,1465.6,1465.6,0.0,1825.6,1825.6,Thin,False,History,2025-12-19,2025-12-19
Riverton,WY,,Lampasas,TX,,1243.7,1654.2,481.5,1.0,1,1243.7,1243.7,0.0,1654.2,1654.2,Thin,False,History,2024-03-19,2024-03-19
Riverton,WY,,Whitesboro,TX,,1178.3,1258.4,179.4,1.0,1,1178.3,1178.3,0.0,1258.4,1258.4,Thin,False,History,2024-03-16,2024-03-16
Roanoke,LA,,Callaghan,TX,,487.3,506.9,33.9,1.0,1,487.3,487.3,0.0,506.9,506.9,Thin,False,History,2023-07-07,2023-07-07
Richmond,VA,,Laredo,TX,,1835.2,1966.7,172.8,1.0,1,1835.2,1835.2,0.0,1966.7,1966.7,Thin,False,History,2023-05-03,2023-05-03
Richmond,VA,,Schertz,TX,,1513.2,1851.4,388.8,1.0,1,1513.2,1513.2,0.0,1851.4,1851.4,Thin,False,History,2022-07-12,2022-07-12
Riddle,OR,,Dallas,TX,,2108.3,2179.3,185.3,1.0,1,2108.3,2108.3,0.0,2179.3,2179.3,Thin,False,History,2022-10-11,2022-10-11
Riddle,OR,,Yaphank,NY,,3050.9,3145.3,134.3,1.0,1,3050.9,3050.9,0.0,3145.3,3145.3,Thin,False,History,2025-08-04,2025-08-04
Ridgefield Park,NJ,,Laredo,TX,,1993.4,2051.8,108.9,1.0,1,1993.4,1993.4,0.0,2051.8,2051.8,Thin,False,History,2023-01-30,2023-01-30
Ridgewood,NY,,Irving,TX,,1584.5,2100.6,549.4,1.0,1,1584.5,1584.5,0.0,2100.6,2100.6,Thin,False,History,2022-10-26,2022-10-26
Rigby,ID,,Dallas,TX,,1390.0,2009.1,666.7,1.0,1,1390.0,1390.0,0.0,2009.1,2009.1,Thin,False,History,2023-03-22,2023-03-22
Rincon,GA,,El Campo,TX,,1242.1,1636.1,504.2,1.0,1,1242.1,1242.1,0.0,1636.1,1636.1,Thin,False,History,2025-07-29,2025-07-29
Reedsburg,WI,,Laredo,TX,,1418.0,1535.8,146.2,1.0,1,1418.0,1418.0,0.0,1535.8,1535.8,Thin,False,History,2023-02-28,2023-02-28
Reserve,LA,,Laredo,TX,,666.1,678.0,24.0,1.0,1,666.1,666.1,0.0,678.0,678.0,Thin,False,History,2020-11-12,2020-11-12
Rexburg,ID,,Victoria,TX,,1694.1,2001.7,385.6,1.0,1,1694.1,1694.1,0.0,2001.7,2001.7,Thin,False,History,2023-02-13,2023-02-13
Reynolds,IN,,San Antonio,TX,,1211.6,1605.3,454.7,1.0,1,1211.6,1211.6,0.0,1605.3,1605.3,Thin,False,History,2025-10-15,2025-10-15
Rhome,TX,,Hinckley,OH,,1216.9,1213.7,19.1,1.0,1,1216.9,1216.9,0.0,1213.7,1213.7,Thin,False,History,2025-10-25,2025-10-25
Riceboro,GA,,Corsicana,TX,,1034.4,1588.5,655.2,1.0,1,1034.4,1034.4,0.0,1588.5,1588.5,Thin,False,History,2020-12-03,2020-12-03
Richland,WA,,Selma,TX,,1988.7,2402.7,472.7,1.0,1,1988.7,1988.7,0.0,2402.7,2402.7,Thin,False,History,2021-10-10,2021-10-10
Richmond,VA,,Atlanta,GA,,597.8,670.5,86.4,1.0,1,597.8,597.8,0.0,670.5,670.5,Thin,False,History,2023-07-15,2023-07-15
Rantoul,IL,,Hidalgo,TX,,1362.2,1566.0,278.1,1.0,1,1362.2,1362.2,0.0,1566.0,1566.0,Thin,False,History,2026-02-12,2026-02-12
Rapid City,SD,,Granger,IN,,1015.8,981.8,0.0,1.0,1,1015.8,1015.8,0.0,981.8,981.8,Thin,False,History,2025-11-05,2025-11-05
Rapid City,SD,,Mcpherson,KS,,667.5,634.7,0.0,1.0,1,667.5,667.5,0.0,634.7,634.7,Thin,False,History,2025-06-10,2025-06-10
Rapids,WI,,Rosenberg,TX,,1273.3,1322.5,53.9,1.0,1,1273.3,1273.3,0.0,1322.5,1322.5,Thin,False,History,2023-03-21,2023-03-21
Raynham,MA,,Bensenville,IL,,1058.0,1058.0,19.1,1.0,1,1058.0,1058.0,0.0,1058.0,1058.0,Thin,False,History,2025-09-15,2025-09-15
Reading,PA,,Eagle Pass,TX,,1857.9,2039.2,220.6,1.0,1,1857.9,1857.9,0.0,2039.2,2039.2,Thin,False,History,2025-02-28,2025-02-28
Redmond,OR,,Laredo,TX,,2498.6,2511.7,139.6,1.0,1,2498.6,2498.6,0.0,2511.7,2511.7,Thin,False,History,2024-04-01,2024-04-01
Redmond,UT,,Rd Clare,MI,,1719.6,1797.1,96.9,1.0,1,1719.6,1719.6,0.0,1797.1,1797.1,Thin,False,History,2025-03-03,2025-03-03
Blue Rapids,KS,,Fairfield,OH,,719.0,828.3,136.2,1.0,1,719.0,719.0,0.0,828.3,828.3,Thin,False,History,2025-05-30,2025-05-30
Blue Rapids,KS,,New Braunfels,TX,,769.8,1082.3,325.4,1.0,1,769.8,769.8,0.0,1082.3,1082.3,Thin,False,History,2025-05-28,2025-05-28
Blytheville,AR,,Laredo,TX,,930.2,1181.1,295.4,1.0,1,930.2,930.2,0.0,1181.1,1181.1,Thin,False,History,2026-03-18,2026-03-18
Blythewood,SC,,Grimes,IA,,1112.1,1170.8,95.3,1.0,1,1112.1,1112.1,0.0,1170.8,1170.8,Thin,False,History,2021-02-16,2021-02-16
Rochelle,IL,,New Braunfels,TX,,1143.9,,257.1,1.0,0,1143.9,1143.9,0.0,,,Thin,False,History,2021-02-12,2021-02-12
Rochelle,IL,,South Windsor,CT,,975.2,1032.8,66.4,1.0,1,975.2,975.2,0.0,1032.8,1032.8,Thin,False,History,2026-04-21,2026-04-21
Rochester,MN,,Houston,TX,,1138.6,1576.5,481.5,1.0,1,1138.6,1138.6,0.0,1576.5,1576.5,Thin,False,History,2026-06-15,2026-06-15
Rochester,NY,,Freeport,TX,,1610.4,2267.3,784.6,1.0,1,1610.4,1610.4,0.0,2267.3,2267.3,Thin,False,History,2023-12-16,2023-12-16
Bethlehem,PA,,Fort Worth,TX,,1524.1,1564.5,59.6,1.0,1,1524.1,1524.1,0.0,1564.5,1564.5,Thin,False,History,2023-06-13,2023-06-13
Bethlehem,PA,,Houston,TX,,1553.9,1931.6,409.3,1.0,1,1553.9,1553.9,0.0,1931.6,1931.6,Thin,False,History,2022-03-07,2022-03-07
Bethlehem,PA,,Rosenberg,TX,,1587.2,1657.6,98.4,1.0,1,1587.2,1587.2,0.0,1657.6,1657.6,Thin,False,History,2023-04-04,2023-04-04
Birdsboro,PA,,Laredo,TX,,1882.3,1921.3,116.9,1.0,1,1882.3,1882.3,0.0,1921.3,1921.3,Thin,False,History,2023-11-09,2023-11-09
Birmingham,AL,,San Antonio,TX,,868.3,1529.1,701.6,1.0,1,868.3,868.3,0.0,1529.1,1529.1,Thin,False,History,2024-01-27,2024-01-27
Blackfoot,ID,,Houston,TX,,1658.2,1730.9,117.3,1.0,1,1658.2,1658.2,0.0,1730.9,1730.9,Thin,False,History,2023-03-20,2023-03-20
Bloomfield,CT,,Laredo,TX,,2107.0,2181.4,148.0,1.0,1,2107.0,2107.0,0.0,2181.4,2181.4,Thin,False,History,2023-05-11,2023-05-11
Bloomingdale,GA,,San Antonio,TX,,1155.1,1611.3,476.0,1.0,1,1155.1,1155.1,0.0,1611.3,1611.3,Thin,False,History,2022-01-17,2022-01-17
Benjamin,UT,,Brady,TX,,1158.2,1128.4,12.9,1.0,1,1158.2,1158.2,0.0,1128.4,1128.4,Thin,False,History,2024-10-09,2024-10-09
Benson,NC,,Wilson,NC,,3118.1,3087.0,49.2,1.0,1,3118.1,3118.1,0.0,3087.0,3087.0,Thin,False,History,2025-01-17,2025-01-17
Benwood,WV,,Laredo,TX,,1594.4,1611.7,70.3,1.0,1,1594.4,1594.4,0.0,1611.7,1611.7,Thin,False,History,2023-09-15,2023-09-15
Berea,KY,,Laredo,TX,,1402.8,1658.3,363.5,1.0,1,1402.8,1402.8,0.0,1658.3,1658.3,Thin,False,History,2021-12-14,2021-12-14
Berwick,PA,,Cedar Park,TX,,1657.2,1803.4,184.4,1.0,1,1657.2,1657.2,0.0,1803.4,1803.4,Thin,False,History,2024-07-24,2024-07-24
Berwick,PA,,Houston,TX,,1554.8,1706.3,185.4,1.0,1,1554.8,1554.8,0.0,1706.3,1706.3,Thin,False,History,2024-10-07,2024-10-07
Bethlehem,GA,,Chicago,IL,,753.1,733.6,28.8,1.0,1,753.1,753.1,0.0,733.6,733.6,Thin,False,History,2025-01-25,2025-01-25
Bethlehem,PA,,Faribault,MN,,1171.4,1154.6,18.8,1.0,1,1171.4,1171.4,0.0,1154.6,1154.6,Thin,False,History,2025-02-21,2025-02-21
Robbinsville,NJ,,Eagle Pass,TX,,1919.7,2023.1,159.5,1.0,1,1919.7,1919.7,0.0,2023.1,2023.1,Thin,False,History,2025-10-24,2025-10-24
Robbinsville,NJ,,San Antonio,TX,,1764.8,1907.9,202.7,1.0,1,1764.8,1764.8,0.0,1907.9,1907.9,Thin,False,History,2021-10-25,2021-10-25
Rochelle,IL,,Midlothian,TX,,926.4,1282.5,370.3,1.0,1,926.4,926.4,0.0,1282.5,1282.5,Thin,False,History,2022-07-03,2022-07-03
Bellingham,WA,,Houston,TX,,2442.1,2468.9,121.2,1.0,1,2442.1,2442.1,0.0,2468.9,2468.9,Thin,False,History,2023-09-15,2023-09-15
Bellingham,WA,,Laredo,TX,,2416.0,2391.0,112.7,1.0,1,2416.0,2416.0,0.0,2391.0,2391.0,Thin,False,History,2023-07-28,2023-07-28
Bellingham,WA,,Longmont,CO,,1382.6,1474.9,131.3,1.0,1,1382.6,1382.6,0.0,1474.9,1474.9,Thin,False,History,2023-03-21,2023-03-21
Bellingham,WA,,San Antonio,TX,,2279.4,2373.9,160.2,1.0,1,2279.4,2279.4,0.0,2373.9,2373.9,Thin,False,History,2021-11-29,2021-11-29
Bellingham,WA,,St Louis,MO,,2204.7,2208.8,100.6,1.0,1,2204.7,2204.7,0.0,2208.8,2208.8,Thin,False,History,2025-04-18,2025-04-18
Salem,OR,,Houston,TX,,2333.7,2242.8,26.4,1.0,1,2333.7,2333.7,0.0,2242.8,2242.8,Thin,False,History,2023-03-03,2023-03-03
Salem,OR,,Missouri City,TX,,2349.5,2237.6,7.6,1.0,1,2349.5,2349.5,0.0,2237.6,2237.6,Thin,False,History,2022-09-08,2022-09-08
Salem,OR,,San Antonio,TX,,2585.0,2637.2,193.0,1.0,1,2585.0,2585.0,0.0,2637.2,2637.2,Thin,False,History,2022-03-11,2022-03-11
Salem,OR,,Selma,TX,,2273.9,2582.6,507.9,1.0,1,2273.9,2273.9,0.0,2582.6,2582.6,Thin,False,History,2021-10-18,2021-10-18
Salina,KS,,Laredo,TX,,865.9,1296.0,432.0,1.0,1,865.9,865.9,0.0,1296.0,1296.0,Thin,False,History,2023-09-21,2023-09-21
Salina,KS,,San Antonio,TX,,707.7,1293.9,590.5,1.0,1,707.7,707.7,0.0,1293.9,1293.9,Thin,False,History,2024-03-13,2024-03-13
Salinas,CA,,Keller,TX,,1627.6,1744.6,130.1,1.0,1,1627.6,1627.6,0.0,1744.6,1744.6,Thin,False,History,2024-07-10,2024-07-10
Salinas,CA,,Laredo,TX,,1801.0,1798.0,130.1,1.0,1,1801.0,1801.0,0.0,1798.0,1798.0,Thin,False,History,2024-09-30,2024-09-30
Saint Charles,MO,,Brownsville,TX,,1183.4,1601.4,464.3,1.0,1,1183.4,1183.4,0.0,1601.4,1601.4,Thin,False,History,2024-10-16,2024-10-16
Saint George,UT,,Laredo,TX,,1542.4,1663.1,350.2,1.0,1,1542.4,1542.4,0.0,1663.1,1663.1,Thin,False,History,2024-11-21,2024-11-21
Saint Henry,OH,,San Antonio,TX,,1296.0,1509.0,267.2,1.0,1,1296.0,1296.0,0.0,1509.0,1509.0,Thin,False,History,2023-10-10,2023-10-10
Saint Maries,ID,,Cleburne,TX,,1876.7,2180.3,341.2,1.0,1,1876.7,1876.7,0.0,2180.3,2180.3,Thin,False,History,2023-02-21,2023-02-21
Saint Marys,PA,,Seattle,WA,,2602.8,2807.5,292.3,1.0,1,2602.8,2602.8,0.0,2807.5,2807.5,Thin,False,History,2025-04-14,2025-04-14
Saint Marys,PA,,Seguin,TX,,1592.4,2058.0,513.2,1.0,1,1592.4,1592.4,0.0,2058.0,2058.0,Thin,False,History,2021-11-30,2021-11-30
Salem,AL,,Houston,TX,,704.1,745.9,43.3,1.0,1,704.1,704.1,0.0,745.9,745.9,Thin,False,History,2024-03-29,2024-03-29
Salem,OR,,Brookshire,TX,,310.7,,0.0,1.0,0,310.7,310.7,0.0,,,Thin,False,History,2023-04-04,2023-04-04
Roseville,MI,,Laredo,TX,,1654.4,2047.3,457.1,1.0,1,1654.4,1654.4,0.0,2047.3,2047.3,Thin,False,History,2023-03-31,2023-03-31
Roseville,MN,,Garden City,KS,,829.2,1384.0,656.9,1.0,1,829.2,829.2,0.0,1384.0,1384.0,Thin,False,History,2024-10-05,2024-10-05
Roy,UT,,Seabrook,TX,,1590.6,1566.7,73.4,1.0,1,1590.6,1590.6,0.0,1566.7,1566.7,Thin,False,History,2024-10-28,2024-10-28
Ruskin,FL,,Houston,TX,,1000.7,,427.7,1.0,0,1000.7,1000.7,0.0,,,Thin,False,History,2022-03-10,2022-03-10
Russellville,AR,,San Antonio,TX,,691.4,1412.6,784.3,2,2,624,758.7,134.7,953.6,1871.5,Thin,False,History,2022-07-09,2022-11-13
Sacramento,CA,,Pasco,WA,,688.5,747.6,62.7,1.0,1,688.5,688.5,0.0,747.6,747.6,Thin,False,History,2024-11-22,2024-11-22
Sagola,MI,,Alice,TX,,1626.1,2011.7,436.3,1.0,1,1626.1,1626.1,0.0,2011.7,2011.7,Thin,False,History,2025-04-11,2025-04-11
Rochester,NY,,Orlando,FL,,1338.4,1682.8,380.2,1.0,1,1338.4,1338.4,0.0,1682.8,1682.8,Thin,False,History,2024-07-27,2024-07-27
Rochester,PA,,Laredo,TX,,1655.1,1886.3,312.8,1.0,1,1655.1,1655.1,0.0,1886.3,1886.3,Thin,False,History,2022-02-07,2022-02-07
Rockmart,GA,,Salinas Victoria,N.,,1275.6,,41.4,1.0,0,1275.6,1275.6,0.0,,,Thin,False,History,2025-01-24,2025-01-24
Rome,NY,,Laredo,TX,,2090.3,2223.0,266.0,1.0,1,2090.3,2090.3,0.0,2223.0,2223.0,Thin,False,History,2022-03-17,2022-03-17
Romeoville,IL,,Cedar Falls,IA,,291.4,543.4,284.9,1.0,1,291.4,291.4,0.0,543.4,543.4,Thin,False,History,2024-11-21,2024-11-21
Ronkonkoma,NY,,San Antonio,TX,,1868.7,2120.1,304.7,1.0,1,1868.7,1868.7,0.0,2120.1,2120.1,Thin,False,History,2022-09-06,2022-09-06
Roseburg,OR,,Kirbyville,MO,,2100.1,2493.7,439.1,1.0,1,2100.1,2100.1,0.0,2493.7,2493.7,Thin,False,History,2023-03-31,2023-03-31
Roseland,NJ,,Port Isabel,TX,,1978.2,2242.5,293.6,1.0,1,1978.2,1978.2,0.0,2242.5,2242.5,Thin,False,History,2024-06-26,2024-06-26
Sanford,NC,,Laredo,TX,,1653.3,1853.0,241.0,1.0,1,1653.3,1653.3,0.0,1853.0,1853.0,Thin,False,History,2023-08-29,2023-08-29
Santa Catarina Centro,N.,,Florence,AL,,1154.3,1145.3,0.0,1.0,1,1154.3,1154.3,0.0,1145.3,1145.3,Thin,False,History,2021-11-27,2021-11-27
Santa Catarina,N.,,Austell,GA,,1300.8,,0.0,1.0,0,1300.8,1300.8,0.0,,,Thin,False,History,2025-05-27,2025-05-27
Santa Catarina,N.,,Norfolk,NE,,1103.6,1097.8,0.0,1.0,1,1103.6,1103.6,0.0,1097.8,1097.8,Thin,False,History,2022-03-11,2022-03-11
Santa Fe Srpings,CA,,Laredo,TX,,1492.7,1407.6,19.4,1.0,1,1492.7,1492.7,0.0,1407.6,1407.6,Thin,False,History,2024-06-28,2024-06-28
Santa Rosa,NM,,New Braunfels,TX,,618.1,1059.6,468.6,1.0,1,618.1,618.1,0.0,1059.6,1059.6,Thin,False,History,2022-05-13,2022-05-13
Saukville,WI,,Mcgregor,TX,,1144.2,1550.0,420.2,1.0,1,1144.2,1144.2,0.0,1550.0,1550.0,Thin,False,History,2023-08-11,2023-08-11
Savannah,GA,,Baytown,TX,,939.7,1242.2,317.5,1.0,1,939.7,939.7,0.0,1242.2,1242.2,Thin,False,History,2023-10-05,2023-10-05
Sand Springs,OK,,Laredo,TX,,690.9,860.0,172.9,1.0,1,690.9,690.9,0.0,860.0,860.0,Thin,False,History,2024-04-23,2024-04-23
Sand Springs,OK,,Shiner,TX,,536.5,848.6,354.1,1.0,1,536.5,536.5,0.0,848.6,848.6,Thin,False,History,2023-04-24,2023-04-24
Sanders,AZ,,Brigham City,UT,,579.3,796.4,235.2,1.0,1,579.3,579.3,0.0,796.4,796.4,Thin,False,History,2023-08-26,2023-08-26
Sanderson,FL,,Houston,TX,,829.8,1012.4,200.4,1.0,1,829.8,829.8,0.0,1012.4,1012.4,Thin,False,History,2024-06-04,2024-06-04
Sandston,VA,,Dallas,TX,,1288.7,1292.7,27.2,1.0,1,1288.7,1288.7,0.0,1292.7,1292.7,Thin,False,History,2023-03-15,2023-03-15
Sandusky,OH,,Mcallen,TX,,1661.4,2094.2,518.0,1.0,1,1661.4,1661.4,0.0,2094.2,2094.2,Thin,False,History,2025-10-03,2025-10-03
Sandy,OR,,Centerville,MD,,2847.0,2870.1,85.8,1.0,1,2847.0,2847.0,0.0,2870.1,2870.1,Thin,False,History,2025-05-28,2025-05-28
Sanford,NC,,Houston,TX,,1175.0,1211.1,61.6,1.0,1,1175.0,1175.0,0.0,1211.1,1211.1,Thin,False,History,2023-05-31,2023-05-31
San Angelo,TX,,Hidalgo,TX,,459.1,867.6,428.5,1.0,1,459.1,459.1,0.0,867.6,867.6,Thin,False,History,2025-06-18,2025-06-18
San Antonio,TX,,Bethel,CT,,2000.5,1951.2,0.0,1.0,1,2000.5,2000.5,0.0,1951.2,1951.2,Thin,False,History,2025-04-21,2025-04-21
San Antonio,TX,,Marlone,WI,,1382.6,1365.0,0.0,1.0,1,1382.6,1382.6,0.0,1365.0,1365.0,Thin,False,History,2025-06-06,2025-06-06
San Diego,CA,,Clackamas,OR,,1143.1,1633.2,498.3,1.0,1,1143.1,1143.1,0.0,1633.2,1633.2,Thin,False,History,2024-01-19,2024-01-19
San Diego,CA,,Eagan,MN,,1987.3,2017.7,107.6,1.0,1,1987.3,1987.3,0.0,2017.7,2017.7,Thin,False,History,2025-04-04,2025-04-04
San Lorenzo,CA,,Houston,TX,,1893.0,2224.6,381.0,1.0,1,1893.0,1893.0,0.0,2224.6,2224.6,Thin,False,History,2024-01-12,2024-01-12
San Marcos,TX,,Charlotte,NC,,1208.0,1288.8,114.9,1.0,1,1208.0,1208.0,0.0,1288.8,1288.8,Thin,False,History,2025-11-08,2025-11-08
San Tan Valley,AZ,,Houston,TX,,1317.0,1629.7,405.3,1.0,1,1317.0,1317.0,0.0,1629.7,1629.7,Thin,False,History,2024-07-08,2024-07-08
Saline,MI,,Laredo,TX,,1581.9,1690.3,159.1,1.0,1,1581.9,1581.9,0.0,1690.3,1690.3,Thin,False,History,2022-03-04,2022-03-04
Salisbury,MD,,Fort Worth,TX,,1490.3,2022.8,566.4,1.0,1,1490.3,1490.3,0.0,2022.8,2022.8,Thin,False,History,2026-03-30,2026-03-30
Salisbury,NC,,Laredo,TX,,1424.4,1600.0,193.1,1.0,1,1424.4,1424.4,0.0,1600.0,1600.0,Thin,False,History,2023-03-09,2023-03-09
Salt Lake City,UT,,Alvin,TX,,1541.6,1489.3,8.2,1.0,1,1541.6,1541.6,0.0,1489.3,1489.3,Thin,False,History,2022-08-02,2022-08-02
Salt Lake City,UT,,Lancaster,TX,,1278.0,1642.5,419.7,1.0,1,1278.0,1278.0,0.0,1642.5,1642.5,Thin,False,History,2022-04-11,2022-04-11
Salt Lake City,UT,,Puyallup,WA,,847.2,884.4,50.2,1.0,1,847.2,847.2,0.0,884.4,884.4,Thin,False,History,2023-02-15,2023-02-15
Saltville,VA,,Alabaster,AL,,425.9,1003.3,595.1,1.0,1,425.9,425.9,0.0,1003.3,1003.3,Thin,False,History,2022-07-09,2022-07-09
San An,TX,,Laredo,TX,,160.2,320.8,165.9,1.0,1,160.2,160.2,0.0,320.8,320.8,Thin,False,History,2022-04-12,2022-04-12
Scranton,PA,,Opelousas,LA,,1368.4,1477.6,117.9,1.0,1,1368.4,1368.4,0.0,1477.6,1477.6,Thin,False,History,2025-06-19,2025-06-19
Scranton,PA,,Tacoma,WA,,2785.8,2810.9,117.9,1.0,1,2785.8,2785.8,0.0,2810.9,2810.9,Thin,False,History,2025-05-14,2025-05-14
Seabrook,NJ,,Houston,TX,,1555.9,1571.0,46.1,1.0,1,1555.9,1555.9,0.0,1571.0,1571.0,Thin,False,History,2022-08-08,2022-08-08
Seagoville,TX,,Laredo,TX,,436.1,463.4,40.0,1.0,1,436.1,436.1,0.0,463.4,463.4,Thin,False,History,2026-08-13,2026-08-13
Searcy,AR,,San Antonio,TX,,631.4,989.7,395.7,1.0,1,631.4,631.4,0.0,989.7,989.7,Thin,False,History,2023-02-26,2023-02-26
Seattle,WA,,Anniston,AL,,2659.8,2711.3,167.3,1.0,1,2659.8,2659.8,0.0,2711.3,2711.3,Thin,False,History,2022-06-16,2022-06-16
Sebastopol,MS,,Eagle Pass,TX,,849.2,1160.1,383.2,1.0,1,849.2,849.2,0.0,1160.1,1160.1,Thin,False,History,2025-11-18,2025-11-18
Sebastopol,MS,,Laredo,TX,,857.6,999.2,200.3,1.0,1,857.6,857.6,0.0,999.2,999.2,Thin,False,History,2026-05-04,2026-05-04
Schertz,TX,,Laredo,TX,,180.2,427.9,254.4,1.0,1,180.2,180.2,0.0,427.9,427.9,Thin,False,History,2022-10-17,2022-10-17
Schofield,WI,,Laredo,TX,,1697.6,1730.0,242.6,1.0,1,1697.6,1697.6,0.0,1730.0,1730.0,Thin,False,History,2024-01-10,2024-01-10
Schwenksville,PA,,Gonzales,TX,,1684.1,1934.3,290.0,1.0,1,1684.1,1684.1,0.0,1934.3,1934.3,Thin,False,History,2022-07-19,2022-07-19
Scotia,NY,,Northlake,TX,,1698.3,2195.7,632.0,1.0,1,1698.3,1698.3,0.0,2195.7,2195.7,Thin,False,History,2022-02-23,2022-02-23
Scottsboro,AL,,Sinton,TX,,974.6,1126.5,197.0,1.0,1,974.6,974.6,0.0,1126.5,1126.5,Thin,False,History,2023-08-07,2023-08-07
Scranton,PA,,Albany,OR,,2874.0,2906.8,127.0,1.0,1,2874.0,2874.0,0.0,2906.8,2906.8,Thin,False,History,2025-07-28,2025-07-28
Scranton,PA,,Houston,TX,,1652.5,2142.6,530.9,1.0,1,1652.5,1652.5,0.0,2142.6,2142.6,Thin,False,History,2022-07-20,2022-07-20
Sayreville,NJ,,Frisco,TX,,1537.9,1600.8,81.8,1.0,1,1537.9,1537.9,0.0,1600.8,1600.8,Thin,False,History,2024-09-30,2024-09-30
Sayreville,NJ,,Houston,TX,,1627.5,1728.5,160.8,1.0,1,1627.5,1627.5,0.0,1728.5,1728.5,Thin,False,History,2026-04-17,2026-04-17
Sayreville,NJ,,Knoxville,TN,,692.3,678.7,11.2,1.0,1,692.3,692.3,0.0,678.7,678.7,Thin,False,History,2025-12-26,2025-12-26
Sayreville,NJ,,Loves Park,IL,,877.9,871.9,11.2,1.0,1,877.9,877.9,0.0,871.9,871.9,Thin,False,History,2025-07-17,2025-07-17
Sayreville,NJ,,Round Rock,TX,,1707.6,1911.1,260.7,1.0,1,1707.6,1707.6,0.0,1911.1,1911.1,Thin,False,History,2026-06-16,2026-06-16
Sayreville,NJ,,Sugar Land,TX,,1630.1,1896.9,353.3,1.0,1,1630.1,1630.1,0.0,1896.9,1896.9,Thin,False,History,2026-04-07,2026-04-07
Sayreville,NJ,,Taylor,TX,,1700.2,1991.0,349.2,1.0,1,1700.2,1700.2,0.0,1991.0,1991.0,Thin,False,History,2023-10-04,2023-10-04
Sayreville,NJ,,University Park,TX,,1537.1,1556.0,45.6,1.0,1,1537.1,1537.1,0.0,1556.0,1556.0,Thin,False,History,2022-08-15,2022-08-15
Savannah,GA,,Elmendorf,TX,,1165.9,1630.4,501.0,1.0,1,1165.9,1165.9,0.0,1630.4,1630.4,Thin,False,History,2025-07-30,2025-07-30
Savannah,GA,,Jersey Shore,PA,,791.1,909.7,141.3,1.0,1,791.1,791.1,0.0,909.7,909.7,Thin,False,History,2025-06-28,2025-06-28
Savannah,GA,,Laredo,TX,,1507.8,1769.4,341.0,1.0,1,1507.8,1507.8,0.0,1769.4,1769.4,Thin,False,History,2024-07-02,2024-07-02
Savannah,GA,,Michigan City,IN,,945.8,,141.1,1.0,0,945.8,945.8,0.0,,,Thin,False,History,2025-06-26,2025-06-26
Savannah,GA,,New Braunfels,TX,,1126.3,,520.7,1.0,0,1126.3,1126.3,0.0,,,Thin,False,History,2020-10-13,2020-10-13
Saxonburg,PA,,Laredo,TX,,1684.3,2191.3,575.2,1.0,1,1684.3,1684.3,0.0,2191.3,2191.3,Thin,False,History,2026-03-12,2026-03-12
Sayreville,NJ,,Ausitn,TX,,1736.7,1918.9,248.5,1.0,1,1736.7,1736.7,0.0,1918.9,1918.9,Thin,False,History,2026-01-12,2026-01-12
Sayreville,NJ,,Brookshire,TX,,1648.1,1936.0,342.3,1.0,1,1648.1,1648.1,0.0,1936.0,1936.0,Thin,False,History,2026-06-09,2026-06-09
Bellefonte,PA,,Borger,TX,,1520.1,1702.8,245.7,1.0,1,1520.1,1520.1,0.0,1702.8,1702.8,Thin,False,History,2023-05-11,2023-05-11
Belleville,IL,,Nuevo Laredo,TA,,1079.8,1387.2,339.6,1.0,1,1079.8,1079.8,0.0,1387.2,1387.2,Thin,False,History,2022-11-29,2022-11-29
Belleville,NJ,,Lolita,TX,,1746.9,1965.3,268.5,1.0,1,1746.9,1746.9,0.0,1965.3,1965.3,Thin,False,History,2025-03-17,2025-03-17
Selma,NC,,New Braunfels,TX,,1389.3,1952.0,597.2,1.0,1,1389.3,1389.3,0.0,1952.0,1952.0,Thin,False,History,2023-07-05,2023-07-05
Seminary,MS,,Elmendorf,TX,,666.9,1608.8,985.6,1.0,1,666.9,666.9,0.0,1608.8,1608.8,Thin,False,History,2025-01-23,2025-01-23
Seneca,SC,,Laredo,TX,,1257.5,1390.4,153.3,1.0,1,1257.5,1257.5,0.0,1390.4,1390.4,Thin,False,History,2022-09-27,2022-09-27
Sergeant Bluff,IA,,Sayreville,NJ,,1297.3,1358.3,102.0,1.0,1,1297.3,1297.3,0.0,1358.3,1358.3,Thin,False,History,2025-06-27,2025-06-27
Sewell,NJ,,Carrizo Springs,TX,,1854.4,1994.3,189.3,1.0,1,1854.4,1854.4,0.0,1994.3,1994.3,Thin,False,History,2022-05-18,2022-05-18
Bedford,MA,,Laredo,TX,,2182.3,2148.1,15.7,1.0,1,2182.3,2182.3,0.0,2148.1,2148.1,Thin,False,History,2023-03-15,2023-03-15
Bedford,VA,,Chicago Heights,IL,,670.4,776.5,136.4,1.0,1,670.4,670.4,0.0,776.5,776.5,Thin,False,History,2022-10-15,2022-10-15
Bedford,VA,,Laredo,TX,,1556.8,1638.0,119.4,1.0,1,1556.8,1556.8,0.0,1638.0,1638.0,Thin,False,History,2022-08-29,2022-08-29
Belen,NM,,Mountain Home,TX,,706.8,996.8,389.2,1.0,1,706.8,706.8,0.0,996.8,996.8,Thin,False,History,2026-01-27,2026-01-27
Belle Glade,FL,,Keller,TX,,1272.7,1721.0,485.3,1.0,1,1272.7,1272.7,0.0,1721.0,1721.0,Thin,False,History,2022-03-01,2022-03-01
Belle Glade,FL,,McLeansville,NC,,757.6,,0.0,1.0,0,757.6,757.6,0.0,,,Thin,False,History,2026-08-26,2026-08-26
Belle Glade,FL,,Rhome,TX,,1301.5,1788.3,520.5,1.0,1,1301.5,1301.5,0.0,1788.3,1788.3,Thin,False,History,2022-11-22,2022-11-22
Belle Glade,FL,,Tyler,TX,,1438.1,1553.3,140.5,1.0,1,1438.1,1438.1,0.0,1553.3,1553.3,Thin,False,History,2022-09-17,2022-09-17
Bayonne,NJ,,Laredo,TX,,1980.1,2113.0,194.4,1.0,1,1980.1,1980.1,0.0,2113.0,2113.0,Thin,False,History,2022-02-03,2022-02-03
Bayport,NY,,Dallas,TX,,1738.1,2336.2,632.3,1.0,1,1738.1,1738.1,0.0,2336.2,2336.2,Thin,False,History,2022-11-22,2022-11-22
Baytown,TX,,San Antonio,TX,,237.0,386.8,152.6,1.0,1,237.0,237.0,0.0,386.8,386.8,Thin,False,History,2022-11-03,2022-11-03
Beardstown,IL,,Hidalgo,TX,,1227.6,1605.8,387.9,1.0,1,1227.6,1227.6,0.0,1605.8,1605.8,Thin,False,History,2022-09-30,2022-09-30
Beardstown,IL,,Katy,TX,,931.9,1377.2,482.6,1.0,1,931.9,931.9,0.0,1377.2,1377.2,Thin,False,History,2026-01-11,2026-01-11
Beavercreek,OR,,San Antonio,TX,,2130.7,2413.8,341.5,1.0,1,2130.7,2130.7,0.0,2413.8,2413.8,Thin,False,History,2023-09-18,2023-09-18
Bedford Park,IL,,Lawrence,MA,,1008.7,964.8,0.0,1.0,1,1008.7,1008.7,0.0,964.8,964.8,Thin,False,History,2026-05-27,2026-05-27
Bedford Park,IL,,Newport,MN,,400.7,400.3,6.8,1.0,1,400.7,400.7,0.0,400.3,400.3,Thin,False,History,2025-03-05,2025-03-05
Seginaw,TX,,Memphis,TN,,512.1,621.4,118.9,1.0,1,512.1,512.1,0.0,621.4,621.4,Thin,False,History,2023-11-10,2023-11-10
Selah,WA,,Houston,TX,,2206.7,2595.3,486.2,1.0,1,2206.7,2206.7,0.0,2595.3,2595.3,Thin,False,History,2022-04-11,2022-04-11
Selah,WA,,Mckinney,TX,,1979.7,2143.3,260.4,1.0,1,1979.7,1979.7,0.0,2143.3,2143.3,Thin,False,History,2022-06-24,2022-06-24
Selbyville,DE,,Houston,TX,,1508.4,1594.8,98.9,1.0,1,1508.4,1508.4,0.0,1594.8,1594.8,Thin,False,History,2023-01-28,2023-01-28
Baton Rouge,LA,,Nashville,TN,,579.4,1016.2,473.8,1.0,1,579.4,579.4,0.0,1016.2,1016.2,Thin,False,History,2024-01-12,2024-01-12
Baton Rouge,LA,,Sinton,TX,,460.5,617.6,158.3,1.0,1,460.5,460.5,0.0,617.6,617.6,Thin,False,History,2024-03-05,2024-03-05
Bay Shore,NY,,Houston,TX,,1694.6,2043.7,386.3,1.0,1,1694.6,1694.6,0.0,2043.7,2043.7,Thin,False,History,2022-08-17,2022-08-17
Bayonne,NJ,,Fort Worth,TX,,1582.4,1573.1,13.6,1.0,1,1582.4,1582.4,0.0,1573.1,1573.1,Thin,False,History,2023-06-21,2023-06-21
Sioux Falls,SD,,Mcallen,TX,,1340.6,1317.1,0.0,1.0,1,1340.6,1340.6,0.0,1317.1,1317.1,Thin,False,History,2025-10-18,2025-10-18
Sioux Falls,SD,,Temple,TX,,962.3,1404.9,475.0,1.0,1,962.3,962.3,0.0,1404.9,1404.9,Thin,False,History,2026-05-18,2026-05-18
Skokie,IL,,Laredo,TX,,1367.5,1431.6,71.8,1.0,1,1367.5,1367.5,0.0,1431.6,1431.6,Thin,False,History,2022-12-09,2022-12-09
Skowhegan,ME,,Houston,TX,,2048.0,2321.8,334.8,1.0,1,2048.0,2048.0,0.0,2321.8,2321.8,Thin,False,History,2026-03-28,2026-03-28
Smithfield,PA,,San Antonio,TX,,1496.1,1816.4,361.9,1.0,1,1496.1,1496.1,0.0,1816.4,1816.4,Thin,False,History,2022-03-29,2022-03-29
Smyrna,NY,,Grand Prairie,TX,,1576.1,2189.8,651.4,1.0,1,1576.1,1576.1,0.0,2189.8,2189.8,Thin,False,History,2022-01-10,2022-01-10
Smyrna,NY,,San Antonio,TX,,1824.1,2143.0,379.8,1.0,1,1824.1,1824.1,0.0,2143.0,2143.0,Thin,False,History,2022-01-24,2022-01-24
Snowville,UT,,Weatherford,TX,,1369.1,1368.6,73.1,1.0,1,1369.1,1369.1,0.0,1368.6,1368.6,Thin,False,History,2022-10-28,2022-10-28
Show Low,AZ,,Seguin,TX,,928.8,1332.6,437.2,1.0,1,928.8,928.8,0.0,1332.6,1332.6,Thin,False,History,2023-04-17,2023-04-17
Shreveport,LA,,Dilley,TX,,482.1,597.7,141.6,1.0,1,482.1,482.1,0.0,597.7,597.7,Thin,False,History,2022-12-09,2022-12-09
Sidney,OH,,Laredo,TX,,1452.9,1446.8,56.4,1.0,1,1452.9,1452.9,0.0,1446.8,1446.8,Thin,False,History,2023-08-08,2023-08-08
Siler City,NC,,Laredo,TX,,1603.2,1656.1,131.3,1.0,1,1603.2,1603.2,0.0,1656.1,1656.1,Thin,False,History,2021-03-08,2021-03-08
Siler City,NC,,San Antonio,TX,,1436.5,1679.0,266.8,1.0,1,1436.5,1436.5,0.0,1679.0,1679.0,Thin,False,History,2022-06-28,2022-06-28
Siloam Springs,AR,,Bowling Green,KY,,632.8,681.0,78.6,1.0,1,632.8,632.8,0.0,681.0,681.0,Thin,False,History,2025-10-10,2025-10-10
Simpsonville,SC,,Brooklyn,NY,,754.0,713.9,17.9,1.0,1,754.0,754.0,0.0,713.9,713.9,Thin,False,History,2026-04-24,2026-04-24
Sioux City,IA,,Nuevo Laredo,TA,,2164.1,,827.9,1.0,0,2164.1,2164.1,0.0,,,Thin,False,History,2024-04-14,2024-04-14
Shippensburg,PA,,Fort Worth,TX,,1370.5,1821.7,460.5,1.0,1,1370.5,1370.5,0.0,1821.7,1821.7,Thin,False,History,2021-03-30,2021-03-30
Shippensburg,PA,,Schertz,TX,,1596.6,1959.2,408.3,1.0,1,1596.6,1596.6,0.0,1959.2,1959.2,Thin,False,History,2022-02-28,2022-02-28
Shippensburg,PA,,Tye,TX,,1539.7,1991.0,479.7,1.0,1,1539.7,1539.7,0.0,1991.0,1991.0,Thin,False,History,2023-05-12,2023-05-12
"Shippensburg, Pa",TX,,Bryan,TX,,1527.5,1965.1,521.0,1.0,1,1527.5,1527.5,0.0,1965.1,1965.1,Thin,False,History,2025-06-13,2025-06-13
Shipshewana,IN,,Houston,TX,,1183.2,,161.2,1.0,0,1183.2,1183.2,0.0,,,Thin,False,History,2021-04-20,2021-04-20
Shoreview,MN,,Laredo,TX,,1440.2,1620.8,246.4,1.0,1,1440.2,1440.2,0.0,1620.8,1620.8,Thin,False,History,2023-12-21,2023-12-21
Show Low,AZ,,Grand Junction,CO,,484.6,629.4,170.3,1.0,1,484.6,484.6,0.0,629.4,629.4,Thin,False,History,2023-01-25,2023-01-25
Show Low,AZ,,Plymouth,UT,,916.1,1076.9,206.8,1.0,1,916.1,916.1,0.0,1076.9,1076.9,Thin,False,History,2022-12-14,2022-12-14
Sewell,NJ,,Laredo,TX,,1894.8,2042.5,210.6,1.0,1,1894.8,1894.8,0.0,2042.5,2042.5,Thin,False,History,2024-04-23,2024-04-23
Shady Point,OK,,Brenham,TX,,447.2,620.1,195.6,1.0,1,447.2,447.2,0.0,620.1,620.1,Thin,False,History,2025-11-06,2025-11-06
Sharon,PA,,Carrizo Springs,TX,,1621.6,1744.8,182.3,1.0,1,1621.6,1621.6,0.0,1744.8,1744.8,Thin,False,History,2025-06-30,2025-06-30
Shelby,MI,,Laredo,TX,,1574.7,1751.2,234.3,1.0,1,1574.7,1574.7,0.0,1751.2,1751.2,Thin,False,History,2023-02-03,2023-02-03
Shelby,OH,,Katy,TX,,1265.6,1787.1,557.4,1.0,1,1265.6,1265.6,0.0,1787.1,1787.1,Thin,False,History,2024-08-06,2024-08-06
Shelbyville,TN,,Webberville,MI,,608.8,612.8,23.3,1.0,1,608.8,608.8,0.0,612.8,612.8,Thin,False,History,2025-02-15,2025-02-15
Shelton,WA,,Dallas,TX,,2174.2,2190.9,78.4,1.0,1,2174.2,2174.2,0.0,2190.9,2190.9,Thin,False,History,2024-06-06,2024-06-06
Shinlgeton,MI,,Dayton,NV,,2213.8,2191.5,64.9,1.0,1,2213.8,2213.8,0.0,2191.5,2191.5,Thin,False,History,2022-09-22,2022-09-22
Sparrows Point,MD,,Laredo,TX,,1802.6,1948.5,203.6,1.0,1,1802.6,1802.6,0.0,1948.5,1948.5,Thin,False,History,2022-10-03,2022-10-03
Sparrows Point,MD,,Mundelein,IL,,758.3,889.7,163.9,1.0,1,758.3,758.3,0.0,889.7,889.7,Thin,False,History,2025-03-25,2025-03-25
Sparrows Point,MD,,San Antonio,TX,,1648.2,1991.3,392.9,1.0,1,1648.2,1648.2,0.0,1991.3,1991.3,Thin,False,History,2023-09-01,2023-09-01
Sparta,MI,,San Antonio,TX,,1554.3,1674.0,164.0,1.0,1,1554.3,1554.3,0.0,1674.0,1674.0,Thin,False,History,2023-05-02,2023-05-02
Spartanburg,PA,,Leander,TX,,1488.1,2076.5,654.1,1.0,1,1488.1,1488.1,0.0,2076.5,2076.5,Thin,False,History,2022-09-14,2022-09-14
Spartanburg,SC,,San Antonio,TX,,1163.2,1375.3,226.4,1.0,1,1163.2,1163.2,0.0,1375.3,1375.3,Thin,False,History,2023-03-13,2023-03-13
Spencerville,IN,,Glidden,TX,,1233.0,1456.3,258.9,1.0,1,1233.0,1233.0,0.0,1456.3,1456.3,Thin,False,History,2023-02-07,2023-02-07
Spokane Valley,WA,,Houston,TX,,2120.1,2326.5,259.2,1.0,1,2120.1,2120.1,0.0,2326.5,2326.5,Thin,False,History,2023-03-17,2023-03-17
South Shore,KY,,Dallas,TX,,1018.8,1150.5,170.9,1.0,1,1018.8,1018.8,0.0,1150.5,1150.5,Thin,False,History,2023-07-25,2023-07-25
South West City,MO,,Laredo,TX,,759.9,839.8,97.3,1.0,1,759.9,759.9,0.0,839.8,839.8,Thin,False,History,2024-05-10,2024-05-10
Southaven,MS,,Laredo,TX,,892.6,861.5,0.0,1.0,1,892.6,892.6,0.0,861.5,861.5,Thin,False,History,2025-01-13,2025-01-13
Southaven,MS,,San Antonio,TX,,1253.6,,154.7,1.0,0,1253.6,1253.6,0.0,,,Thin,False,History,2025-01-17,2025-01-17
Spanish Fork,LA,,Laredo,TX,,1446.9,1335.1,12.9,1.0,1,1446.9,1446.9,0.0,1335.1,1335.1,Thin,False,History,2025-02-21,2025-02-21
Sparks,GA,,Morris,MN,,1489.3,1636.3,223.2,1.0,1,1489.3,1489.3,0.0,1636.3,1636.3,Thin,False,History,2025-02-14,2025-02-14
Sparks,NV,,Portland,OR,,585.0,602.1,42.3,1.0,1,585.0,585.0,0.0,602.1,602.1,Thin,False,History,2022-09-26,2022-09-26
Sparks,NV,,Windcrest,TX,,1723.9,1878.8,208.0,1.0,1,1723.9,1723.9,0.0,1878.8,1878.8,Thin,False,History,2025-09-12,2025-09-12
Souderton,PA,,Laredo,TX,,1908.2,2069.4,205.2,1.0,1,1908.2,1908.2,0.0,2069.4,2069.4,Thin,False,History,2024-03-11,2024-03-11
South Bay,FL,,Danville,IL,,1150.2,1194.5,52.7,1.0,1,1150.2,1150.2,0.0,1194.5,1194.5,Thin,False,History,2020-07-15,2020-07-15
South Bend,IN,,Pharr,TX,,1524.2,1722.3,277.2,1.0,1,1524.2,1524.2,0.0,1722.3,1722.3,Thin,False,History,2026-04-17,2026-04-17
South Chicago,IL,,Seguin,TX,,1205.3,1732.2,570.5,1.0,1,1205.3,1205.3,0.0,1732.2,1732.2,Thin,False,History,2024-11-04,2024-11-04
South Gibson,PA,,Grand Prairie,TX,,1538.6,1647.7,137.9,1.0,1,1538.6,1538.6,0.0,1647.7,1647.7,Thin,False,History,2025-03-07,2025-03-07
South Holland,IL,,Taunton,MA,,1086.3,1095.8,31.0,1.0,1,1086.3,1086.3,0.0,1095.8,1095.8,Thin,False,History,2026-06-30,2026-06-30
South Point,OH,,Laredo,TX,,1438.4,1803.9,433.3,1.0,1,1438.4,1438.4,0.0,1803.9,1803.9,Thin,False,History,2023-05-19,2023-05-19
South Saint Paul,MN,,Laredo,TX,,1354.0,1710.9,422.5,1.0,1,1354.0,1354.0,0.0,1710.9,1710.9,Thin,False,History,2024-09-27,2024-09-27
Socorro,TX,,Seguin,TX,,575.0,1157.5,629.9,1.0,1,575.0,575.0,0.0,1157.5,1157.5,Thin,False,History,2022-05-25,2022-05-25
Sodus,NY,,Pleasanton,TX,,1904.7,2161.8,321.9,1.0,1,1904.7,1904.7,0.0,2161.8,2161.8,Thin,False,History,2022-01-11,2022-01-11
Solon,OH,,Laredo,TX,,1616.9,1711.9,157.6,1.0,1,1616.9,1616.9,0.0,1711.9,1711.9,Thin,False,History,2026-07-01,2026-07-01
Somerset,NJ,,Dayton,TX,,1563.9,1640.6,109.6,1.0,1,1563.9,1563.9,0.0,1640.6,1640.6,Thin,False,History,2023-12-12,2023-12-12
Somerset,NJ,,Grand Prairie,TX,,1533.9,1629.3,108.8,1.0,1,1533.9,1533.9,0.0,1629.3,1629.3,Thin,False,History,2023-07-27,2023-07-27
Somerset,NJ,,San Antonio,TX,,1791.3,1979.4,241.7,1.0,1,1791.3,1791.3,0.0,1979.4,1979.4,Thin,False,History,2022-08-03,2022-08-03
Somerset,NJ,,Temple,TX,,1651.2,1730.4,109.6,1.0,1,1651.2,1651.2,0.0,1730.4,1730.4,Thin,False,History,2024-10-16,2024-10-16
Somerset,NJ,,Tilden,TX,,1873.0,2005.7,184.5,1.0,1,1873.0,1873.0,0.0,2005.7,2005.7,Thin,False,History,2024-07-25,2024-07-25
Storm Lake,IA,,Pharr,TX,,1275.1,1482.8,232.2,1.0,1,1275.1,1275.1,0.0,1482.8,1482.8,Thin,False,History,2025-08-11,2025-08-11
Stoughton,MA,,Houston,TX,,1854.6,2088.0,259.4,1.0,1,1854.6,1854.6,0.0,2088.0,2088.0,Thin,False,History,2022-11-16,2022-11-16
Sturbridge,MA,,Nashville,TN,,1047.3,1923.2,905.2,1.0,1,1047.3,1047.3,0.0,1923.2,1923.2,Thin,False,History,2025-05-09,2025-05-09
Sugar City,ID,,Dallas,TX,,1408.6,2119.8,754.6,1.0,1,1408.6,1408.6,0.0,2119.8,2119.8,Thin,False,History,2023-05-03,2023-05-03
Sugar Land,TX,,San Antonio,TX,,184.0,505.6,346.3,1.0,1,184.0,184.0,0.0,505.6,505.6,Thin,False,History,2022-10-29,2022-10-29
Sulphur Springs,TX,,Bedford Park,IL,,881.9,935.1,72.4,1.0,1,881.9,881.9,0.0,935.1,935.1,Thin,False,History,2025-10-15,2025-10-15
Sumas,WA,,Clarksville,TX,,2325.8,2238.0,26.0,1.0,1,2325.8,2325.8,0.0,2238.0,2238.0,Thin,False,History,2023-05-02,2023-05-02
Austin,TX,,San Antonio,TX,,97.3,288.2,191.9,1.0,1,97.3,97.3,0.0,288.2,288.2,Thin,False,History,2022-11-24,2022-11-24
Statesville,NC,,Hidalgo,TX,,1431.0,2023.7,615.0,1.0,1,1431.0,1431.0,0.0,2023.7,2023.7,Thin,False,History,2025-05-27,2025-05-27
Statesville,NC,,Laredo,TX,,1419.8,1442.9,42.0,1.0,1,1419.8,1419.8,0.0,1442.9,1442.9,Thin,False,History,2023-04-25,2023-04-25
Staunton,IL,,Laredo,TX,,1102.3,1341.0,253.4,1.0,1,1102.3,1102.3,0.0,1341.0,1341.0,Thin,False,History,2026-02-27,2026-02-27
Steamboat Springs,CO,,Paradise,TX,,885.5,1065.7,210.9,1.0,1,885.5,885.5,0.0,1065.7,1065.7,Thin,False,History,2023-01-19,2023-01-19
Sterling,IL,,Laredo,TX,,1330.4,1398.3,113.9,1.0,1,1330.4,1330.4,0.0,1398.3,1398.3,Thin,False,History,2025-02-20,2025-02-20
Stigler,OK,,Carpinteria,CA,,1555.1,1679.0,148.2,1.0,1,1555.1,1555.1,0.0,1679.0,1679.0,Thin,False,History,2025-12-15,2025-12-15
Stockton,CA,,Paotone,IL,,2100.6,2151.5,80.7,1.0,1,2100.6,2100.6,0.0,2151.5,2151.5,Thin,False,History,2026-03-17,2026-03-17
Stone Mountain,GA,,Indianapolis,IN,,551.1,615.1,80.1,1.0,1,551.1,551.1,0.0,615.1,615.1,Thin,False,History,2020-11-30,2020-11-30
Springfield,OH,,Laredo,TX,,1429.6,1667.2,311.2,1.0,1,1429.6,1429.6,0.0,1667.2,1667.2,Thin,False,History,2026-05-27,2026-05-27
Springfield,OH,,Saint Cloud,MN,,792.3,932.9,183.1,1.0,1,792.3,792.3,0.0,932.9,932.9,Thin,False,History,2024-12-01,2024-12-01
Springville,UT,,Dallas,TX,,1208.9,1229.0,51.0,1.0,1,1208.9,1208.9,0.0,1229.0,1229.0,Thin,False,History,2024-06-14,2024-06-14
St Charles,IL,,Denton,TX,,918.7,1415.2,516.6,1.0,1,918.7,918.7,0.0,1415.2,1415.2,Thin,False,History,2022-10-17,2022-10-17
St Louis,MO,,Greensburg,PA,,628.4,637.7,29.2,1.0,1,628.4,628.4,0.0,637.7,637.7,Thin,False,History,2026-04-18,2026-04-18
St. Charles,MO,,San Marcos,TX,,858.6,1079.3,234.2,1.0,1,858.6,858.6,0.0,1079.3,1079.3,Thin,False,History,2021-07-28,2021-07-28
Starke,FL,,Eagle Pass,TX,,1187.9,1641.8,475.6,1.0,1,1187.9,1187.9,0.0,1641.8,1641.8,Thin,False,History,2023-12-27,2023-12-27
Staten Island,NY,,Lowellville,OH,,410.5,450.6,59.8,1.0,1,410.5,410.5,0.0,450.6,450.6,Thin,False,History,2023-11-17,2023-11-17
Spokane Valley,WA,,La Grange,TX,,2059.7,2591.3,566.4,1.0,1,2059.7,2059.7,0.0,2591.3,2591.3,Thin,False,History,2022-03-09,2022-03-09
Spring Lake,MI,,Chester,VA,,801.8,808.6,37.6,1.0,1,801.8,801.8,0.0,808.6,808.6,Thin,False,History,2023-04-01,2023-04-01
Spring Valley,IL,,Laredo,TX,,1293.6,1855.9,614.9,1.0,1,1293.6,1293.6,0.0,1855.9,1855.9,Thin,False,History,2026-03-25,2026-03-25
Springboro,OH,,Grand Prairie,TX,,985.5,1109.8,150.1,1.0,1,985.5,985.5,0.0,1109.8,1109.8,Thin,False,History,2023-04-04,2023-04-04
Springdale,AR,,Lafayette,LA,,553.8,633.9,99.3,1.0,1,553.8,553.8,0.0,633.9,633.9,Thin,False,History,2023-04-21,2023-04-21
Springfield,MA,,Laredo,TX,,2200.2,,47.7,1.0,0,2200.2,2200.2,0.0,,,Thin,False,History,2026-06-03,2026-06-03
Springfield,MO,,New Braunfels,TX,,667.4,1071.5,413.7,1.0,1,667.4,667.4,0.0,1071.5,1071.5,Thin,False,History,2021-08-16,2021-08-16
Springfield,MO,,San Antonio,TX,,686.1,1012.7,337.8,1.0,1,686.1,686.1,0.0,1012.7,1012.7,Thin,False,History,2023-04-05,2023-04-05
Batavia,NY,,Terrell,TX,,1389.8,2160.9,820.0,1.0,1,1389.8,1389.8,0.0,2160.9,2160.9,Thin,False,History,2023-01-02,2023-01-02
Sumas,WA,,Dallas,TX,,2227.3,2819.5,678.2,1.0,1,2227.3,2227.3,0.0,2819.5,2819.5,Thin,False,History,2022-08-05,2022-08-05
Summerville,SC,,Schertz,TX,,1277.0,1585.4,368.4,1.0,1,1277.0,1277.0,0.0,1585.4,1585.4,Thin,False,History,2022-06-08,2022-06-08
Summit,IL,,Laredo,TX,,1346.8,1334.1,3.0,1.0,1,1346.8,1346.8,0.0,1334.1,1334.1,Thin,False,History,2025-08-29,2025-08-29
Summit,IL,,Mcallen,TX,,1427.2,1833.5,440.7,1.0,1,1427.2,1427.2,0.0,1833.5,1833.5,Thin,False,History,2025-08-03,2025-08-03
Sumner,WA,,Irving,TX,,2118.1,2612.9,580.7,1.0,1,2118.1,2118.1,0.0,2612.9,2612.9,Thin,False,History,2022-07-20,2022-07-20
Sumter,SC,,Nacogdoches,TX,,966.5,1516.9,571.9,1.0,1,966.5,966.5,0.0,1516.9,1516.9,Thin,False,History,2023-06-21,2023-06-21
Sunnyvale,TX,,Laredo,TX,,436.9,431.4,0.0,1.0,1,436.9,436.9,0.0,431.4,431.4,Thin,False,History,2023-06-08,2023-06-08
Bartlett,IL,,Laredo,TX,,1349.2,1721.7,390.0,1.0,1,1349.2,1349.2,0.0,1721.7,1721.7,Thin,False,History,2023-04-01,2023-04-01
Bartow,FL,,Lebanon,TN,,722.2,764.0,57.5,1.0,1,722.2,722.2,0.0,764.0,764.0,Thin,False,History,2025-04-11,2025-04-11
Bartow,FL,,Portland,OR,,3068.5,,57.5,1.0,0,3068.5,3068.5,0.0,,,Thin,False,History,2025-07-03,2025-07-03
Batavia,NY,,Brookshire,TX,,1558.2,2170.7,666.0,1.0,1,1558.2,1558.2,0.0,2170.7,2170.7,Thin,False,History,2022-11-22,2022-11-22
Batavia,NY,,Houston,TX,,1529.0,1995.5,490.9,1.0,1,1529.0,1529.0,0.0,1995.5,1995.5,Thin,False,History,2022-07-06,2022-07-06
Batavia,NY,,New Caney,TX,,1493.3,2073.6,612.6,1.0,1,1493.3,1493.3,0.0,2073.6,2073.6,Thin,False,History,2023-07-05,2023-07-05
Batavia,NY,,San Antonio,TX,,1671.1,,400.9,1.0,0,1671.1,1671.1,0.0,,,Thin,False,History,2021-01-27,2021-01-27
Batavia,NY,,Temple,TX,,1536.4,2012.7,536.7,1.0,1,1536.4,1536.4,0.0,2012.7,2012.7,Thin,False,History,2022-12-26,2022-12-26
Axis,AL,,Eagle Pass,TX,,823.7,1290.3,487.8,1.0,1,823.7,823.7,0.0,1290.3,1290.3,Thin,False,History,2024-04-16,2024-04-16
Axis,AL,,Laredo,TX,,837.6,1154.2,369.2,1.0,1,837.6,837.6,0.0,1154.2,1154.2,Thin,False,History,2022-03-11,2022-03-11
Baker,NV,,Clifton,TX,,1360.7,1929.8,631.6,1.0,1,1360.7,1360.7,0.0,1929.8,1929.8,Thin,False,History,2024-01-23,2024-01-23
Baker,NV,,Las Vegas,NM,,764.9,1900.3,1189.2,1.0,1,764.9,764.9,0.0,1900.3,1900.3,Thin,False,History,2023-12-23,2023-12-23
Bakerfield,CA,,San Antonio,TX,,1460.7,1882.1,467.4,1.0,1,1460.7,1460.7,0.0,1882.1,1882.1,Thin,False,History,2023-12-23,2023-12-23
Baltimore,MD,,Eugene,OR,,2815.7,2778.7,162.0,1.0,1,2815.7,2815.7,0.0,2778.7,2778.7,Thin,False,History,2025-11-25,2025-11-25
Baltimore,MD,,Robstown,TX,,1663.6,1913.3,294.5,1.0,1,1663.6,1663.6,0.0,1913.3,1913.3,Thin,False,History,2025-04-09,2025-04-09
Bardstown,KY,,Laredo,TX,,1411.4,1679.0,357.5,1.0,1,1411.4,1411.4,0.0,1679.0,1679.0,Thin,False,History,2023-03-31,2023-03-31
Ave Shreveort,LA,,Laredo,TX,,558.1,798.1,261.4,1.0,1,558.1,558.1,0.0,798.1,798.1,Thin,False,History,2024-11-01,2024-11-01
Ave Shreveport,LA,,Laredo,TX,,558.1,772.9,237.9,1.0,1,558.1,558.1,0.0,772.9,772.9,Thin,False,History,2024-10-28,2024-10-28
Avenel,NJ,,Pasadena,TX,,1603.8,1636.5,77.8,1.0,1,1603.8,1603.8,0.0,1636.5,1636.5,Thin,False,History,2024-03-22,2024-03-22
Avenel,NJ,,Sheridan,MI,,734.7,726.4,4.7,1.0,1,734.7,734.7,0.0,726.4,726.4,Thin,False,History,2026-04-10,2026-04-10
Avon,NY,,New Caney,TX,,1509.5,1535.9,48.2,1.0,1,1509.5,1509.5,0.0,1535.9,1535.9,Thin,False,History,2022-11-07,2022-11-07
Avon,NY,,Temple,TX,,1554.5,1747.5,248.5,1.0,1,1554.5,1554.5,0.0,1747.5,1747.5,Thin,False,History,2023-03-16,2023-03-16
Avondale,AZ,,Austin,TX,,1028.8,1674.5,699.7,1.0,1,1028.8,1028.8,0.0,1674.5,1674.5,Thin,False,History,2022-05-17,2022-05-17
Avondale,AZ,,Southlake,TX,,1070.4,1464.1,466.9,1.0,1,1070.4,1070.4,0.0,1464.1,1464.1,Thin,False,History,2025-12-10,2025-12-10
Tar Heel,NC,,Pharr,TX,,1500.5,1777.7,284.5,1.0,1,1500.5,1500.5,0.0,1777.7,1777.7,Thin,False,History,2024-01-12,2024-01-12
Taylor,LA,,Laredo,TX,,609.0,826.8,239.7,1.0,1,609.0,609.0,0.0,826.8,826.8,Thin,False,History,2024-10-04,2024-10-04
Taylor,PA,,Houston,TX,,1608.4,2124.9,548.9,1.0,1,1608.4,1608.4,0.0,2124.9,2124.9,Thin,False,History,2022-08-08,2022-08-08
Taylor,PA,,San Antonio,TX,,1763.7,2020.5,301.4,1.0,1,1763.7,1763.7,0.0,2020.5,2020.5,Thin,False,History,2022-08-02,2022-08-02
Teachey,NC,,Laredo,TX,,1547.3,,253.1,1.0,0,1547.3,1547.3,0.0,,,Thin,False,History,2020-10-30,2020-10-30
Teaneck,NJ,,Mission,TX,,1988.7,2179.1,216.9,1.0,1,1988.7,1988.7,0.0,2179.1,2179.1,Thin,False,History,2026-06-22,2026-06-22
Tecate,CA,,College Station,TX,,1378.1,1808.7,464.9,1.0,1,1378.1,1378.1,0.0,1808.7,1808.7,Thin,False,History,2024-07-26,2024-07-26
Terre Haute,IN,,Laredo,TX,,1259.3,1380.4,161.8,1.0,1,1259.3,1259.3,0.0,1380.4,1380.4,Thin,False,History,2025-04-29,2025-04-29
Tampa,FL,,Cincinnati,OH,,989.0,984.7,8.6,1.0,1,989.0,989.0,0.0,984.7,984.7,Thin,False,History,2025-08-09,2025-08-09
Tampa,FL,,Conroe,TX,,1020.5,958.9,6.6,1.0,1,1020.5,1020.5,0.0,958.9,958.9,Thin,False,History,2024-05-21,2024-05-21
Tampa,FL,,Grand Prairie,TX,,1123.7,1118.1,37.4,1.0,1,1123.7,1123.7,0.0,1118.1,1118.1,Thin,False,History,2022-07-15,2022-07-15
Tampa,FL,,Houston,TX,,975.2,942.8,0.0,1.0,1,975.2,975.2,0.0,942.8,942.8,Thin,False,History,2024-04-16,2024-04-16
Tampa,FL,,Morristown,TN,,659.9,654.1,6.6,1.0,1,659.9,659.9,0.0,654.1,654.1,Thin,False,History,2024-05-29,2024-05-29
Tampa,FL,,San Antonio,TX,,1173.2,1344.2,213.1,1.0,1,1173.2,1173.2,0.0,1344.2,1344.2,Thin,False,History,2022-05-17,2022-05-17
Tangancicuaro,MI,,Aurora,CO,,1059.9,,0.0,1.0,0,1059.9,1059.9,0.0,,,Thin,False,History,2024-10-22,2024-10-22
Tangancicuaro,MI,,Elkton,MD,,2521.7,,0.0,1.0,0,2521.7,2521.7,0.0,,,Thin,False,History,2024-10-28,2024-10-28
Swisshome,OR,,Boerne,TX,,2211.2,2863.9,773.6,1.0,1,2211.2,2211.2,0.0,2863.9,2863.9,Thin,False,History,2022-11-29,2022-11-29
Sylacauga,AL,,Carrollton,TX,,692.7,837.3,152.3,1.0,1,692.7,692.7,0.0,837.3,837.3,Thin,False,History,2023-04-05,2023-04-05
Syosset,NY,,Laredo,TX,,2018.3,2089.5,143.6,1.0,1,2018.3,2018.3,0.0,2089.5,2089.5,Thin,False,History,2024-01-03,2024-01-03
Syracuse,UT,,San Antonio,TX,,1376.7,1361.1,31.0,1.0,1,1376.7,1376.7,0.0,1361.1,1361.1,Thin,False,History,2022-01-31,2022-01-31
Tacoma,WA,,Bastrop,TX,,2202.7,2534.4,392.0,1.0,1,2202.7,2202.7,0.0,2534.4,2534.4,Thin,False,History,2022-06-07,2022-06-07
Tacoma,WA,,Laredo,TX,,2348.6,,0.0,1.0,0,2348.6,2348.6,0.0,,,Thin,False,History,2025-04-07,2025-04-07
Talladega,AL,,Laredo,TX,,1065.5,1245.6,247.0,1.0,1,1065.5,1065.5,0.0,1245.6,1245.6,Thin,False,History,2024-11-26,2024-11-26
Tallmadge,OH,,Laredo,TX,,1604.0,1748.6,210.7,1.0,1,1604.0,1604.0,0.0,1748.6,1748.6,Thin,False,History,2026-07-29,2026-07-29
Sussex,WI,,Dallas,TX,,1013.8,1141.3,144.2,1.0,1,1013.8,1013.8,0.0,1141.3,1141.3,Thin,False,History,2023-03-07,2023-03-07
Sutherlin,OR,,Hillsboro,TX,,2168.5,2598.5,534.2,1.0,1,2168.5,2168.5,0.0,2598.5,2598.5,Thin,False,History,2022-01-03,2022-01-03
Suwanee,GA,,Laredo,TX,,1174.2,1377.6,247.3,1.0,1,1174.2,1174.2,0.0,1377.6,1377.6,Thin,False,History,2025-08-26,2025-08-26
Swan Lake,ID,,Whitesboro,TX,,1384.5,1434.4,181.0,1.0,1,1384.5,1384.5,0.0,1434.4,1434.4,Thin,False,History,2023-02-25,2023-02-25
Swedesboro,NJ,,Brundidge,AL,,954.3,957.1,33.2,1.0,1,954.3,954.3,0.0,957.1,957.1,Thin,False,History,2022-08-24,2022-08-24
Swedesboro,NJ,,Denton,TX,,1468.8,1513.4,65.8,1.0,1,1468.8,1468.8,0.0,1513.4,1513.4,Thin,False,History,2023-08-12,2023-08-12
Swedesboro,NJ,,Midlothian,TX,,1734.7,2111.9,411.1,1.0,1,1734.7,1734.7,0.0,2111.9,2111.9,Thin,False,History,2026-06-23,2026-06-23
Swedesboro,NJ,,Romulus,MI,,569.4,566.7,0.0,1.0,1,569.4,569.4,0.0,566.7,566.7,Thin,False,History,2023-10-21,2023-10-21
Trenton,NJ,,Pesqueria,N.,,1923.4,1889.4,32.7,1.0,1,1923.4,1923.4,0.0,1889.4,1889.4,Thin,False,History,2025-07-16,2025-07-16
Trenton,SC,,Pearsall,TX,,1202.1,,261.5,1.0,0,1202.1,1202.1,0.0,,,Thin,False,History,2025-06-23,2025-06-23
Trinity,AL,,Laredo,TX,,1063.8,1129.2,113.1,1.0,1,1063.8,1063.8,0.0,1129.2,1129.2,Thin,False,History,2023-05-16,2023-05-16
Troutdale,OR,,Laredo,TX,,2240.7,2267.5,153.1,1.0,1,2240.7,2240.7,0.0,2267.5,2267.5,Thin,False,History,2022-12-01,2022-12-01
Troutdale,OR,,San Antonio,TX,,2097.8,2239.0,201.1,1.0,1,2097.8,2097.8,0.0,2239.0,2239.0,Thin,False,History,2023-04-03,2023-04-03
Troy,IN,,Ramos Arizpe,CO,,1417.1,1578.4,414.0,1.0,1,1417.1,1417.1,0.0,1578.4,1578.4,Thin,False,History,2025-07-01,2025-07-01
Tucson,AZ,,Grand Prairie,TX,,938.1,1013.4,116.6,1.0,1,938.1,938.1,0.0,1013.4,1013.4,Thin,False,History,2024-02-15,2024-02-15
Tulsa,OK,,San Antonio,TX,,533.1,689.2,158.7,1.0,1,533.1,533.1,0.0,689.2,689.2,Thin,False,History,2024-10-08,2024-10-08
Totowa,NJ,,Roanoke,TX,,1573.6,2031.9,472.8,1.0,1,1573.6,1573.6,0.0,2031.9,2031.9,Thin,False,History,2022-08-02,2022-08-02
Toughkenamon,PA,,Brookshire,TX,,1551.7,1596.4,92.9,1.0,1,1551.7,1551.7,0.0,1596.4,1596.4,Thin,False,History,2022-08-09,2022-08-09
Towanda,PA,,Georgetown,TX,,1651.9,2023.1,440.3,1.0,1,1651.9,1651.9,0.0,2023.1,2023.1,Thin,False,History,2025-09-24,2025-09-24
Towanda,PA,,Hillsboro,OR,,2801.2,2961.6,228.9,1.0,1,2801.2,2801.2,0.0,2961.6,2961.6,Thin,False,History,2023-05-02,2023-05-02
Towanda,PA,,San Antonio,TX,,1773.7,2064.3,377.3,1.0,1,1773.7,1773.7,0.0,2064.3,2064.3,Thin,False,History,2022-05-24,2022-05-24
Trafford,PA,,Laredo,TX,,1664.5,2022.7,408.3,1.0,1,1664.5,1664.5,0.0,2022.7,2022.7,Thin,False,History,2024-01-30,2024-01-30
Trenton,GA,,Donna,TX,,1142.0,1395.0,297.4,1.0,1,1142.0,1142.0,0.0,1395.0,1395.0,Thin,False,History,2026-02-05,2026-02-05
Trenton,NJ,,Laredo,TX,,1923.2,1888.6,32.7,1.0,1,1923.2,1923.2,0.0,1888.6,1888.6,Thin,False,History,2026-03-13,2026-03-13
Toledo,OH,,Cumberland,MD,,345.3,416.6,82.2,1.0,1,345.3,345.3,0.0,416.6,416.6,Thin,False,History,2025-06-26,2025-06-26
Tolland,CT,,Houston,TX,,1777.5,2104.5,363.7,1.0,1,1777.5,1777.5,0.0,2104.5,2104.5,Thin,False,History,2022-02-19,2022-02-19
Tolland,CT,,San Antonio,TX,,1947.5,2161.7,265.4,1.0,1,1947.5,1947.5,0.0,2161.7,2161.7,Thin,False,History,2025-11-07,2025-11-07
Tolleson,AZ,,Laredo,TX,,1143.2,1103.8,78.0,1.0,1,1143.2,1143.2,0.0,1103.8,1103.8,Thin,False,History,2022-01-03,2022-01-03
Tolleson,AZ,,San Antonio,TX,,995.6,1140.3,182.9,1.0,1,995.6,995.6,0.0,1140.3,1140.3,Thin,False,History,2024-02-06,2024-02-06
Tolleson,AZ,,Sunset,TX,,1033.4,1460.2,498.2,1.0,1,1033.4,1033.4,0.0,1460.2,1460.2,Thin,False,History,2023-12-15,2023-12-15
Tooele,UT,,San Antonio,TX,,1422.5,1576.4,202.8,1.0,1,1422.5,1422.5,0.0,1576.4,1576.4,Thin,False,History,2025-12-15,2025-12-15
Tooele,UT,,Sunland Park,NM,,887.7,949.5,66.8,1.0,1,887.7,887.7,0.0,949.5,949.5,Thin,False,History,2025-01-29,2025-01-29
Terre Haute,IN,,San Antonio,TX,,1099.5,1144.7,91.0,1.0,1,1099.5,1099.5,0.0,1144.7,1144.7,Thin,False,History,2023-06-20,2023-06-20
Terreton,ID,,Hereford,TX,,1085.8,1270.2,214.2,1.0,1,1085.8,1085.8,0.0,1270.2,1270.2,Thin,False,History,2023-05-09,2023-05-09
Texarkana,AR,,San Antonio,TX,,444.0,762.2,354.5,1.0,1,444.0,444.0,0.0,762.2,762.2,Thin,False,History,2020-08-21,2020-08-21
The Dalles,OR,,Laredo,TX,,2291.9,2328.0,84.4,1.0,1,2291.9,2291.9,0.0,2328.0,2328.0,Thin,False,History,2023-03-09,2023-03-09
Thomasville,AL,,Laredo,TX,,908.8,1073.7,201.7,1.0,1,908.8,908.8,0.0,1073.7,1073.7,Thin,False,History,2025-07-24,2025-07-24
Thomasville,GA,,Laredo,TX,,1086.0,1125.8,56.4,1.0,1,1086.0,1086.0,0.0,1125.8,1125.8,Thin,False,History,2022-04-25,2022-04-25
Thomasville,NC,,Ennis,TX,,1114.6,1585.9,505.1,1.0,1,1114.6,1114.6,0.0,1585.9,1585.9,Thin,False,History,2021-01-13,2021-01-13
Thomasville,NC,,Laredo,TX,,1452.4,1531.7,96.5,1.0,1,1452.4,1452.4,0.0,1531.7,1531.7,Thin,False,History,2021-01-14,2021-01-14
Aurora,CO,,Shortsville,NY,,1604.5,1619.1,35.5,1.0,1,1604.5,1604.5,0.0,1619.1,1619.1,Thin,False,History,2023-03-27,2023-03-27
Aurora,IL,,San Antonio,TX,,1183.8,1387.8,234.1,1.0,1,1183.8,1183.8,0.0,1387.8,1387.8,Thin,False,History,2021-01-29,2021-01-29
Aurora,UT,,Houston,TX,,1440.0,1557.4,204.3,1.0,1,1440.0,1440.0,0.0,1557.4,1557.4,Thin,False,History,2023-08-28,2023-08-28
Aurora,UT,,Laredo,TX,,1429.2,1536.8,232.1,1.0,1,1429.2,1429.2,0.0,1536.8,1536.8,Thin,False,History,2022-07-29,2022-07-29
Austell,GA,,Austin,TX,,921.8,1052.5,150.9,1.0,1,921.8,921.8,0.0,1052.5,1052.5,Thin,False,History,2024-09-11,2024-09-11
Tupelo,MS,,Seguin,TX,,796.3,1037.2,288.9,1.0,1,796.3,796.3,0.0,1037.2,1037.2,Thin,False,History,2025-08-12,2025-08-12
Turkey,NC,,Carrizo Springs,TX,,1514.5,1731.1,228.0,1.0,1,1514.5,1514.5,0.0,1731.1,1731.1,Thin,False,History,2022-08-08,2022-08-08
Tuscaloosa,AL,,Monterrey,N.,,966.0,1950.4,1038.6,1.0,1,966.0,966.0,0.0,1950.4,1950.4,Thin,False,History,2022-02-16,2022-02-16
Atwater,CA,,Mcallen,TX,,1872.3,2074.1,282.9,1.0,1,1872.3,1872.3,0.0,2074.1,2074.1,Thin,False,History,2024-09-10,2024-09-10
Auburn,AL,,Laredo,TX,,1034.4,1100.4,78.3,1.0,1,1034.4,1034.4,0.0,1100.4,1100.4,Thin,False,History,2022-08-25,2022-08-25
Auburn,WA,,Laredo,TX,,2395.7,2318.7,132.9,1.0,1,2395.7,2395.7,0.0,2318.7,2318.7,Thin,False,History,2022-02-11,2022-02-11
Auburndale,FL,,Conroe,TX,,1015.6,1392.7,428.6,1.0,1,1015.6,1015.6,0.0,1392.7,1392.7,Thin,False,History,2021-03-26,2021-03-26
Auburndale,FL,,Roanoke,TX,,1121.3,1105.2,11.9,1.0,1,1121.3,1121.3,0.0,1105.2,1105.2,Thin,False,History,2022-05-31,2022-05-31
Auburndale,FL,,Temple,TX,,1147.5,1426.9,312.3,1.0,1,1147.5,1147.5,0.0,1426.9,1426.9,Thin,False,History,2022-05-27,2022-05-27
Augusta,GA,,Laredo,TX,,1280.6,1414.0,152.7,1.0,1,1280.6,1280.6,0.0,1414.0,1414.0,Thin,False,History,2023-08-11,2023-08-11
Aurora,CO,,Denton,TX,,758.2,740.8,8.8,1.0,1,758.2,758.2,0.0,740.8,740.8,Thin,False,History,2023-07-31,2023-07-31
Aston,PA,,Eagle Pass,TX,,1867.8,2016.0,205.0,1.0,1,1867.8,1867.8,0.0,2016.0,2016.0,Thin,False,History,2025-05-16,2025-05-16
Aston,PA,,San Antonio,TX,,1724.1,1913.3,239.2,1.0,1,1724.1,1724.1,0.0,1913.3,1913.3,Thin,False,History,2025-02-28,2025-02-28
Astoria,NY,,Houston,TX,,1662.4,1673.7,41.7,1.0,1,1662.4,1662.4,0.0,1673.7,1673.7,Thin,False,History,2023-12-05,2023-12-05
Athens,GA,,San Antonio,TX,,1114.7,1460.2,367.4,1.0,1,1114.7,1114.7,0.0,1460.2,1460.2,Thin,False,History,2025-11-12,2025-11-12
Athol,ID,,San Antonio,TX,,2018.9,2467.9,513.4,1.0,1,2018.9,2018.9,0.0,2467.9,2467.9,Thin,False,History,2022-03-31,2022-03-31
Atlanta,GA,,Dallas,TX,,791.9,801.2,16.9,1.0,1,791.9,791.9,0.0,801.2,801.2,Thin,False,History,2023-01-10,2023-01-10
Atlanta,GA,,Laredo,TX,,1268.0,1285.0,28.2,1.0,1,1268.0,1268.0,0.0,1285.0,1285.0,Thin,False,History,2024-06-03,2024-06-03
Atlanta,GA,,Selma,TX,,999.2,,196.5,1.0,0,999.2,999.2,0.0,,,Thin,False,History,2020-12-01,2020-12-01
Tupelo,MS,,Laredo,TX,,1347.3,1801.5,477.9,1.0,1,1347.3,1347.3,0.0,1801.5,1801.5,Thin,False,History,2023-11-11,2023-11-11
Tupelo,MS,,San Antonio,TX,,827.4,1132.8,368.6,1.0,1,827.4,827.4,0.0,1132.8,1132.8,Thin,False,History,2022-06-20,2022-06-20
Arlington,WA,,Dallas,TX,,2161.6,2092.9,19.3,1.0,1,2161.6,2161.6,0.0,2092.9,2092.9,Thin,False,History,2022-10-14,2022-10-14
Armorel,AR,,Newark,NJ,,1082.3,1152.9,92.3,1.0,1,1082.3,1082.3,0.0,1152.9,1152.9,Thin,False,History,2025-07-07,2025-07-07
Arroyo Grande,CA,,Pharr,TX,,1773.9,2129.8,427.1,1.0,1,1773.9,1773.9,0.0,2129.8,2129.8,Thin,False,History,2024-10-08,2024-10-08
Ash Fork,AZ,,Florence,TX,,1041.3,1448.4,429.8,1.0,1,1041.3,1041.3,0.0,1448.4,1448.4,Thin,False,History,2025-12-09,2025-12-09
Ashburn,GA,,Laredo,TX,,1233.5,1355.4,150.0,1.0,1,1233.5,1233.5,0.0,1355.4,1355.4,Thin,False,History,2024-03-26,2024-03-26
Ashland,VA,,San Antonio,TX,,1542.9,1959.3,479.2,1.0,1,1542.9,1542.9,0.0,1959.3,1959.3,Thin,False,History,2025-03-18,2025-03-18
Anna,TX,,Pharr,TX,,548.2,729.5,183.9,1.0,1,548.2,548.2,0.0,729.5,729.5,Thin,False,History,2026-01-22,2026-01-22
Anniston,AL,,San Antonio,TX,,919.0,1140.8,260.0,1.0,1,919.0,919.0,0.0,1140.8,1140.8,Thin,False,History,2022-05-03,2022-05-03
Apache Juntion,AZ,,Taylor,TX,,983.3,1247.8,299.6,1.0,1,983.3,983.3,0.0,1247.8,1247.8,Thin,False,History,2023-11-16,2023-11-16
Apodaca,N.,,Gettysburg,PA,,1933.7,,0.0,1.0,0,1933.7,1933.7,0.0,,,Thin,False,History,2025-09-26,2025-09-26
Apopka,FL,,Waco,TX,,1139.2,1562.2,463.2,1.0,1,1139.2,1139.2,0.0,1562.2,1562.2,Thin,False,History,2022-03-15,2022-03-15
Arcadia,FL,,Azle,TX,,1234.2,1730.0,536.0,1.0,1,1234.2,1234.2,0.0,1730.0,1730.0,Thin,False,History,2024-05-03,2024-05-03
Archbold,OH,,Faribault,MN,,616.0,696.5,111.7,1.0,1,616.0,616.0,0.0,696.5,696.5,Thin,False,History,2025-04-01,2025-04-01
Arden,NC,,New Caney,TX,,1009.3,1427.9,461.5,1.0,1,1009.3,1009.3,0.0,1427.9,1427.9,Thin,False,History,2021-03-21,2021-03-21
Utica,NY,,Laredo,TX,,1993.9,2297.7,362.2,1.0,1,1993.9,1993.9,0.0,2297.7,2297.7,Thin,False,History,2023-01-19,2023-01-19
Utica,NY,,Sterling,IL,,836.3,1081.2,271.9,1.0,1,836.3,836.3,0.0,1081.2,1081.2,Thin,False,History,2025-11-17,2025-11-17
Vadnais Heights,MN,,Laredo,TX,,1380.3,1578.1,228.5,2,2,1380.3,1380.3,0,1431.5,1724.6,Thin,False,History,2023-03-23,2023-05-16
Alvarado,TX,,Laredo,TX,,397.6,459.3,66.5,1.0,1,397.6,397.6,0.0,459.3,459.3,Thin,False,History,2023-09-25,2023-09-25
Alvarado,TX,,Riviera,TX,,410.1,510.1,120.2,1.0,1,410.1,410.1,0.0,510.1,510.1,Thin,False,History,2026-02-11,2026-02-11
American Falls,ID,,San Antonio,TX,,1546.5,1749.6,268.8,1.0,1,1546.5,1546.5,0.0,1749.6,1749.6,Thin,False,History,2022-05-09,2022-05-09
American Fork,UT,,San Antonio,TX,,1545.1,1672.7,190.4,1.0,1,1545.1,1545.1,0.0,1672.7,1672.7,Thin,False,History,2022-09-07,2022-09-07
Amsterdam,NY,,Adkins,TX,,1898.6,2209.2,372.1,1.0,1,1898.6,1898.6,0.0,2209.2,2209.2,Thin,False,History,2025-05-14,2025-05-14
Union Gap,WA,,Terrell,TX,,2217.9,2847.7,683.7,1.0,1,2217.9,2217.9,0.0,2847.7,2847.7,Thin,False,History,2022-12-21,2022-12-21
Union,NJ,,Arlington,TX,,1549.9,2014.1,482.2,1.0,1,1549.9,1549.9,0.0,2014.1,2014.1,Thin,False,History,2022-10-07,2022-10-07
Union,NJ,,Port Sulphur,LA,,1336.7,1402.2,70.0,1.0,1,1336.7,1336.7,0.0,1402.2,1402.2,Thin,False,History,2023-11-28,2023-11-28
Union,SC,,Laredo,TX,,1342.0,1401.0,95.2,1.0,1,1342.0,1342.0,0.0,1401.0,1401.0,Thin,False,History,2025-06-30,2025-06-30
University Park,IL,,Laredo,TX,,1364.4,1481.7,171.2,1.0,1,1364.4,1364.4,0.0,1481.7,1481.7,Thin,False,History,2024-02-05,2024-02-05
University Park,IL,,Blair,NE,,468.7,497.6,38.2,1.0,1,468.7,468.7,0.0,497.6,497.6,Thin,False,History,2026-05-16,2026-05-16
Urbandale,IA,,Hidalgo,TX,,1204.1,1344.1,167.1,1.0,1,1204.1,1204.1,0.0,1344.1,1344.1,Thin,False,History,2020-09-10,2020-09-10
Utica,IL,,Pharr,TX,,1365.1,1577.6,236.6,1.0,1,1365.1,1365.1,0.0,1577.6,1577.6,Thin,False,History,2022-11-03,2022-11-03
Tuscaloosa,AL,,San Antonio,TX,,810.9,1323.5,580.7,1.0,1,810.9,810.9,0.0,1323.5,1323.5,Thin,False,History,2024-05-29,2024-05-29
Twin Falls,ID,,Eagle Pass,TX,,1496.4,2161.4,724.6,1.0,1,1496.4,1496.4,0.0,2161.4,2161.4,Thin,False,History,2025-05-02,2025-05-02
Twin Falls,ID,,Laredo,TX,,1709.3,1837.6,255.2,1.0,1,1709.3,1709.3,0.0,1837.6,1837.6,Thin,False,History,2024-01-16,2024-01-16
Uhrichsville,OH,,Mesquite,TX,,1146.0,1610.0,497.2,1.0,1,1146.0,1146.0,0.0,1610.0,1610.0,Thin,False,History,2026-08-18,2026-08-18
Ulysses,KS,,Houston,TX,,759.1,793.8,52.6,1.0,1,759.1,759.1,0.0,793.8,793.8,Thin,False,History,2024-10-07,2024-10-07
Umatilla,OR,,Dallas,TX,,1878.3,2009.2,205.2,1.0,1,1878.3,1878.3,0.0,2009.2,2009.2,Thin,False,History,2022-07-13,2022-07-13
Union City,GA,,San Antonio,TX,,966.2,1150.2,190.3,1.0,1,966.2,966.2,0.0,1150.2,1150.2,Thin,False,History,2020-09-15,2020-09-15
Union Gap,WA,,San Antonio,TX,,2039.1,2347.1,384.3,1.0,1,2039.1,2039.1,0.0,2347.1,2347.1,Thin,False,History,2022-09-07,2022-09-07
Waco,TX,,Corpus Christi,TX,,316.9,556.9,263.2,1.0,1,316.9,316.9,0.0,556.9,556.9,Thin,False,History,2025-06-26,2025-06-26
Waldo,AR,,Harlingen,TX,,643.8,924.1,283.6,1.0,1,643.8,643.8,0.0,924.1,924.1,Thin,False,History,2025-08-28,2025-08-28
Waldo,AR,,Morley,MI,,963.6,1160.1,216.7,1.0,1,963.6,963.6,0.0,1160.1,1160.1,Thin,False,History,2025-09-10,2025-09-10
Waldo,AR,,Pharr,TX,,728.5,,247.9,1.0,0,728.5,728.5,0.0,,,Thin,False,History,2025-08-28,2025-08-28
Walla Walla,WA,,Dallas,TX,,1876.5,2045.2,234.2,1.0,1,1876.5,1876.5,0.0,2045.2,2045.2,Thin,False,History,2024-09-11,2024-09-11
Walnut Grove,MS,,Laredo,TX,,850.0,1072.1,276.6,1.0,1,850.0,850.0,0.0,1072.1,1072.1,Thin,False,History,2023-06-20,2023-06-20
Walton,KY,,Bellingham,MA,,861.8,,131.9,1.0,0,861.8,861.8,0.0,,,Thin,False,History,2026-06-02,2026-06-02
Walton,KY,,Houston,TX,,1033.4,1109.3,90.8,1.0,1,1033.4,1033.4,0.0,1109.3,1109.3,Thin,False,History,2024-06-11,2024-06-11
Vineland,NJ,,Columbus,OH,,507.3,525.4,43.3,1.0,1,507.3,507.3,0.0,525.4,525.4,Thin,False,History,2026-02-19,2026-02-19
Vineland,NJ,,Denton,TX,,1489.7,1470.7,0.0,1.0,1,1489.7,1489.7,0.0,1470.7,1470.7,Thin,False,History,2023-01-16,2023-01-16
Vineland,NJ,,McCook,IL,,796.9,815.8,43.3,1.0,1,796.9,796.9,0.0,815.8,815.8,Thin,False,History,2026-02-10,2026-02-10
Vineland,NJ,,Saginaw,TX,,1518.5,1526.6,34.9,1.0,1,1518.5,1518.5,0.0,1526.6,1526.6,Thin,False,History,2023-06-05,2023-06-05
Vineland,NJ,,West Columbia,SC,,635.2,667.0,57.9,1.0,1,635.2,635.2,0.0,667.0,667.0,Thin,False,History,2026-01-21,2026-01-21
Vinton,LA,,Odessa,TX,,667.3,1436.5,866.8,1.0,1,667.3,667.3,0.0,1436.5,1436.5,Thin,False,History,2024-05-19,2024-05-19
W Warwick,RI,,Laredo,TX,,2141.8,2104.7,27.3,1.0,1,2141.8,2141.8,0.0,2104.7,2104.7,Thin,False,History,2022-09-19,2022-09-19
Wabash,IN,,Milan,IL,,294.1,400.7,116.2,1.0,1,294.1,294.1,0.0,400.7,400.7,Thin,False,History,2025-03-05,2025-03-05
Valley City,OH,,Laredo,TX,,1606.6,1713.5,171.8,1.0,1,1606.6,1606.6,0.0,1713.5,1713.5,Thin,False,History,2026-04-29,2026-04-29
Van Buren,AR,,Laredo,TX,,711.6,,189.4,1.0,0,711.6,711.6,0.0,,,Thin,False,History,2020-10-09,2020-10-09
Van Buren,AR,,Portland,OR,,2053.1,2133.6,131.8,1.0,1,2053.1,2053.1,0.0,2133.6,2133.6,Thin,False,History,2023-04-19,2023-04-19
Venus,TX,,Laredo,TX,,405.0,495.4,97.2,1.0,1,405.0,405.0,0.0,495.4,495.4,Thin,False,History,2024-10-17,2024-10-17
Victoria,TX,,Laredo,TX,,190.6,331.4,142.1,1.0,1,190.6,190.6,0.0,331.4,331.4,Thin,False,History,2024-05-15,2024-05-15
Victorville,CA,,Layton,UT,,632.1,874.4,244.4,1.0,1,632.1,632.1,0.0,874.4,874.4,Thin,False,History,2024-12-24,2024-12-24
Vineland,NJ,,Buda,TX,,1734.1,1958.6,260.9,1.0,1,1734.1,1734.1,0.0,1958.6,1958.6,Thin,False,History,2022-07-15,2022-07-15
Vineland,NJ,,Carrollton,TX,,1480.5,1986.6,534.7,1.0,1,1480.5,1480.5,0.0,1986.6,1986.6,Thin,False,History,2023-02-28,2023-02-28
Arden,NC,,Temple,TX,,1090.7,1432.1,385.6,1.0,1,1090.7,1090.7,0.0,1432.1,1432.1,Thin,False,History,2021-04-05,2021-04-05
Arden,NC,,Terrell,TX,,941.9,1033.3,99.7,1.0,1,941.9,941.9,0.0,1033.3,1033.3,Thin,False,History,2022-09-28,2022-09-28
Arlington Heights,IL,,Thorndale,TX,,1108.9,1379.5,314.7,1.0,1,1108.9,1108.9,0.0,1379.5,1379.5,Thin,False,History,2025-11-17,2025-11-17
Arlington,TX,,Boardman,OR,,1869.0,1819.8,23.2,1.0,1,1869.0,1869.0,0.0,1819.8,1819.8,Thin,False,History,2022-12-13,2022-12-13
Arlington,TX,,Mcallen,TX,,505.3,953.8,461.8,1.0,1,505.3,505.3,0.0,953.8,953.8,Thin,False,History,2022-09-17,2022-09-17
Valdosta,GA,,Fort Worth,TX,,916.7,1138.5,221.8,1.0,1,916.7,916.7,0.0,1138.5,1138.5,Thin,False,History,2024-11-20,2024-11-20
Vale,OR,,Gainesville,TX,,1701.1,1693.9,129.3,1.0,1,1701.1,1701.1,0.0,1693.9,1693.9,Thin,False,History,2023-03-27,2023-03-27
Watsontown,PA,,Humble,TX,,1528.5,1728.3,221.5,1.0,1,1528.5,1528.5,0.0,1728.3,1728.3,Thin,False,History,2023-06-13,2023-06-13
Waukesha,WI,,Laredo,TX,,1434.2,1603.9,181.8,1.0,1,1434.2,1434.2,0.0,1603.9,1603.9,Thin,False,History,2022-06-14,2022-06-14
Wauwatosa,WI,,Laredo,TX,,1447.5,1518.1,87.4,1.0,1,1447.5,1447.5,0.0,1518.1,1518.1,Thin,False,History,2023-03-24,2023-03-24
Waverly Hall,GA,,Uvalde,TX,,1036.8,1433.5,418.9,1.0,1,1036.8,1036.8,0.0,1433.5,1433.5,Thin,False,History,2024-05-22,2024-05-22
Waverly,NE,,Laredo,TX,,1063.8,1253.2,220.0,1.0,1,1063.8,1063.8,0.0,1253.2,1253.2,Thin,False,History,2022-05-18,2022-05-18
Waycross,GA,,San Antonio,TX,,1040.0,1444.0,420.5,1.0,1,1040.0,1040.0,0.0,1444.0,1444.0,Thin,False,History,2021-05-18,2021-05-18
Wayne,NE,,Renton,WA,,1558.6,1675.5,162.7,1.0,1,1558.6,1558.6,0.0,1675.5,1675.5,Thin,False,History,2025-10-02,2025-10-02
Wayne,NJ,,Irving,TX,,1554.0,1616.1,67.3,1.0,1,1554.0,1554.0,0.0,1616.1,1616.1,Thin,False,History,2023-11-28,2023-11-28
Waskom,TX,,Laredo,TX,,543.3,669,143.5,2,2,543.3,543.3,0,642.7,695.3,Thin,False,History,2023-02-22,2023-06-26
Wasteka,IL,,Laredo,TX,,1323.2,1439.6,178.9,1.0,1,1323.2,1323.2,0.0,1439.6,1439.6,Thin,False,History,2023-01-10,2023-01-10
Waterford,NY,,Laredo,TX,,2108.4,2170.0,157.0,1.0,1,2108.4,2108.4,0.0,2170.0,2170.0,Thin,False,History,2022-05-12,2022-05-12
Watertown,NY,,Laredo,TX,,2006.3,2235.7,336.3,1.0,1,2006.3,2006.3,0.0,2235.7,2235.7,Thin,False,History,2022-03-04,2022-03-04
Watertown,SD,,Waco,TX,,1021.5,1086.0,106.9,1.0,1,1021.5,1021.5,0.0,1086.0,1086.0,Thin,False,History,2023-05-16,2023-05-16
Watertown,WI,,Linares,N.,,1647.5,1506.0,98.7,1.0,1,1647.5,1647.5,0.0,1506.0,1506.0,Thin,False,History,2026-03-27,2026-03-27
Watkins Glen,NY,,Carrollton,TX,,1490.1,1548.6,100.5,1.0,1,1490.1,1490.1,0.0,1548.6,1548.6,Thin,False,History,2020-08-19,2020-08-19
Warrenton,GA,,Eau Claire,WI,,1152.5,1200.3,111.5,1.0,1,1152.5,1152.5,0.0,1200.3,1200.3,Thin,False,History,2025-10-14,2025-10-14
Warsaw,IN,,Laredo,TX,,1443.9,1584.8,203.2,1.0,1,1443.9,1443.9,0.0,1584.8,1584.8,Thin,False,History,2023-11-01,2023-11-01
Warsaw,NC,,Laredo,TX,,1554.6,1875.3,362.9,1.0,1,1554.6,1554.6,0.0,1875.3,1875.3,Thin,False,History,2025-06-03,2025-06-03
Washington,IN,,Dallas,TX,,824.2,1251.4,473.0,1.0,1,824.2,824.2,0.0,1251.4,1251.4,Thin,False,History,2024-08-25,2024-08-25
Washington,IN,,Houston,TX,,936.2,,916.2,1.0,0,936.2,936.2,0.0,,,Thin,False,History,2020-11-27,2020-11-27
Washington,PA,,Houston,TX,,1335.6,2074.6,778.7,1.0,1,1335.6,1335.6,0.0,2074.6,2074.6,Thin,False,History,2024-07-16,2024-07-16
Washington,PA,,Mission,TX,,1708.5,1830.5,191.4,1.0,1,1708.5,1708.5,0.0,1830.5,1830.5,Thin,False,History,2026-04-21,2026-04-21
Washougal,WA,,Houston,TX,,2261.9,2484.7,304.0,1.0,1,2261.9,2261.9,0.0,2484.7,2484.7,Thin,False,History,2022-08-09,2022-08-09
Walton,KY,,Plymouth,MN,,741.0,733.1,17.6,1.0,1,741.0,741.0,0.0,733.1,733.1,Thin,False,History,2025-02-17,2025-02-17
Wapato,WA,,Edison,NJ,,2785.1,2944.6,258.3,1.0,1,2785.1,2785.1,0.0,2944.6,2944.6,Thin,False,History,2022-06-23,2022-06-23
Wapato,WA,,Hammond,LA,,2439.6,2504.4,176.8,1.0,1,2439.6,2439.6,0.0,2504.4,2504.4,Thin,False,History,2023-01-17,2023-01-17
Ware,MA,,Laredo,TX,,2143.4,2350.3,267.9,1.0,1,2143.4,2143.4,0.0,2350.3,2350.3,Thin,False,History,2022-05-27,2022-05-27
Ware,MA,,Soto,TX,,1738.2,1775.8,56.0,1.0,1,1738.2,1738.2,0.0,1775.8,1775.8,Thin,False,History,2022-11-11,2022-11-11
Warminster,PA,,Laredo,TX,,1915.9,1925.1,85.5,1.0,1,1915.9,1915.9,0.0,1925.1,1925.1,Thin,False,History,2021-09-30,2021-09-30
Warren,OH,,Mansfield,TX,,1243.3,1672.3,459.4,1.0,1,1243.3,1243.3,0.0,1672.3,1672.3,Thin,False,History,2025-01-04,2025-01-04
Warren,OH,,San Antonio,TX,,1471.3,1893.0,490.4,1.0,1,1471.3,1471.3,0.0,1893.0,1893.0,Thin,False,History,2026-01-13,2026-01-13
Weston,OR,,San Antonio,TX,,1934.8,2111.8,246.9,1.0,1,1934.8,1934.8,0.0,2111.8,2111.8,Thin,False,History,2024-03-08,2024-03-08
Wharton,TX,,Laredo,TX,,258.1,431.2,185.9,1.0,1,258.1,258.1,0.0,431.2,431.2,Thin,False,History,2023-03-01,2023-03-01
Whately,MA,,Laredo,TX,,2142.4,2150.1,61.2,1.0,1,2142.4,2142.4,0.0,2150.1,2150.1,Thin,False,History,2023-12-07,2023-12-07
White City,OR,,Fort Worth,TX,,2008.3,2143.3,237.3,1.0,1,2008.3,2008.3,0.0,2143.3,2143.3,Thin,False,History,2022-09-08,2022-09-08
White City,OR,,Laredo,TX,,2195.9,2489.1,458.2,1.0,1,2195.9,2195.9,0.0,2489.1,2489.1,Thin,False,History,2024-06-25,2024-06-25
White Plains,NY,,Laredo,TX,,2007.1,1998.3,64.2,1.0,1,2007.1,2007.1,0.0,1998.3,1998.3,Thin,False,History,2022-04-05,2022-04-05
Whitestown,IN,,Garden City,ID,,1833.2,1918.0,139.5,1.0,1,1833.2,1833.2,0.0,1918.0,1918.0,Thin,False,History,2025-08-12,2025-08-12
Whitewater,WI,,Laredo,TX,,1404.9,1412.5,18.4,1.0,1,1404.9,1404.9,0.0,1412.5,1412.5,Thin,False,History,2023-09-05,2023-09-05
West Point,MS,,Portland,OR,,2455.3,2644.6,276.5,1.0,1,2455.3,2455.3,0.0,2644.6,2644.6,Thin,False,History,2023-01-20,2023-01-20
West Seneca,NY,,Arlington,TX,,1391.7,1838.9,481.7,1.0,1,1391.7,1391.7,0.0,1838.9,1838.9,Thin,False,History,2022-06-24,2022-06-24
West Seneca,NY,,Laredo,TX,,1833.7,2182.8,404.5,1.0,1,1833.7,1833.7,0.0,2182.8,2182.8,Thin,False,History,2024-04-06,2024-04-06
West Trenton,NJ,,Crystal Lake,IL,,832.9,844.8,35.0,1.0,1,832.9,832.9,0.0,844.8,844.8,Thin,False,History,2025-12-15,2025-12-15
"West, Inster",MD,,Dallas,TX,,1356.6,1391.2,45.8,1.0,1,1356.6,1356.6,0.0,1391.2,1391.2,Thin,False,History,2020-11-03,2020-11-03
Westbury,NY,,Merkel,TX,,1790.7,2368.2,646.6,1.0,1,1790.7,1790.7,0.0,2368.2,2368.2,Thin,False,History,2026-06-18,2026-06-18
Westbury,NY,,Odessa,TX,,1937.3,2365.2,573.3,1.0,1,1937.3,1937.3,0.0,2365.2,2365.2,Thin,False,History,2026-06-29,2026-06-29
Westfield,MA,,Wills Point,TX,,1654.9,1804.1,172.0,1.0,1,1654.9,1654.9,0.0,1804.1,1804.1,Thin,False,History,2022-12-10,2022-12-10
West Chester,PA,,Santa Catarina,N.,,2347.1,2254.5,132.9,1.0,1,2347.1,2347.1,0.0,2254.5,2254.5,Thin,False,History,2023-11-14,2023-11-14
West Chicago,IL,,Laredo,TX,,1340.9,1348.6,17.0,1.0,1,1340.9,1340.9,0.0,1348.6,1348.6,Thin,False,History,2023-06-27,2023-06-27
West Haven,CT,,Laredo,TX,,2049.4,2117.9,118.3,1.0,1,2049.4,2049.4,0.0,2117.9,2117.9,Thin,False,History,2022-05-13,2022-05-13
West Hazleton,PA,,Joliet,IL,,685.3,781.3,117.4,1.0,1,685.3,685.3,0.0,781.3,781.3,Thin,False,History,2025-04-29,2025-04-29
West Jordan,UT,,Austin,TX,,1315.8,1325.7,40.9,1.0,1,1315.8,1315.8,0.0,1325.7,1325.7,Thin,False,History,2023-01-27,2023-01-27
West Jordan,UT,,Chesapeake,VA,,2238.6,2243.5,51.8,1.0,1,2238.6,2238.6,0.0,2243.5,2243.5,Thin,False,History,2023-10-06,2023-10-06
West Jordan,UT,,Houston,TX,,1495.1,1800.9,400.7,1.0,1,1495.1,1495.1,0.0,1800.9,1800.9,Thin,False,History,2025-04-29,2025-04-29
West Palm Beach,FL,,Roanoke,VA,,857.4,,71.4,1.0,0,857.4,857.4,0.0,,,Thin,False,History,2020-10-20,2020-10-20
Waynersboro,MS,,Mcallen,TX,,844.1,952.2,122.3,1.0,1,844.1,844.1,0.0,952.2,952.2,Thin,False,History,2025-09-08,2025-09-08
Waynesboro,PA,,Laredo,TX,,1752.3,1984.0,286.3,1.0,1,1752.3,1752.3,0.0,1984.0,1984.0,Thin,False,History,2024-03-11,2024-03-11
Weiser,ID,,Dallas,TX,,1704.9,2434.7,811.7,1.0,1,1704.9,1704.9,0.0,2434.7,2434.7,Thin,False,History,2022-12-22,2022-12-22
Wenatchee,WA,,Dallas,TX,,2056.1,2123.3,155.1,1.0,1,2056.1,2056.1,0.0,2123.3,2123.3,Thin,False,History,2024-06-05,2024-06-05
Wenatchee,WA,,Tyler,TX,,2144.5,2219.6,158.3,1.0,1,2144.5,2144.5,0.0,2219.6,2219.6,Thin,False,History,2023-02-20,2023-02-20
Weslaco,TX,,Robert,LA,,665.6,825.6,168.6,1.0,1,665.6,665.6,0.0,825.6,825.6,Thin,False,History,2026-01-24,2026-01-24
West Chester,OH,,Laredo,TX,,1381.9,1351.1,23.6,1.0,1,1381.9,1381.9,0.0,1351.1,1351.1,Thin,False,History,2020-10-19,2020-10-19
West Chester,PA,,San Antonio,TX,,1731.1,1961.6,294.5,1.0,1,1731.1,1731.1,0.0,1961.6,1961.6,Thin,False,History,2022-06-29,2022-06-29
Youngsville,PA,,Austin,TX,,1530.7,1992.5,543.3,1.0,1,1530.7,1530.7,0.0,1992.5,1992.5,Thin,False,History,2023-04-05,2023-04-05
Yucca,AZ,,Bastrop,TX,,1245.0,1404.9,216.0,1.0,1,1245.0,1245.0,0.0,1404.9,1404.9,Thin,False,History,2023-10-31,2023-10-31
Yucca,AZ,,Dallas,TX,,1135.1,1332.7,206.1,1.0,1,1135.1,1135.1,0.0,1332.7,1332.7,Thin,False,History,2024-10-01,2024-10-01
Yucca,AZ,,Hutchins,TX,,1158.0,1352.7,216.0,1.0,1,1158.0,1158.0,0.0,1352.7,1352.7,Thin,False,History,2023-10-17,2023-10-17
Yucca,AZ,,Laredo,TX,,1680.8,1791.9,172.7,1.0,1,1680.8,1680.8,0.0,1791.9,1791.9,Thin,False,History,2025-07-08,2025-07-08
Yuma,AZ,,Austin,TX,,1144.1,1548.9,412.3,1.0,1,1144.1,1144.1,0.0,1548.9,1548.9,Thin,False,History,2020-11-24,2020-11-24
Yuma,AZ,,De Leon,TX,,1086.4,1140.4,80.0,1.0,1,1086.4,1086.4,0.0,1140.4,1140.4,Thin,False,History,2023-03-08,2023-03-08
Albany,OR,,Fort Worth,TX,,2108.9,2606.6,631.2,1.0,1,2108.9,2108.9,0.0,2606.6,2606.6,Thin,False,History,2022-07-06,2022-07-06
Windom,MN,,Laredo,TX,,1297.0,1727.8,489.0,1.0,1,1297.0,1297.0,0.0,1727.8,1727.8,Thin,False,History,2023-01-28,2023-01-28
Windsor,CT,,Laredo,TX,,2106.7,2187.9,147.7,1.0,1,2106.7,2106.7,0.0,2187.9,2187.9,Thin,False,History,2023-04-18,2023-04-18
Winnie,TX,,Robstown,TX,,274.2,475.6,202.1,1.0,1,274.2,274.2,0.0,475.6,475.6,Thin,False,History,2023-08-11,2023-08-11
Winston Salem,NC,,Laredo,TX,,1464.4,1472.6,45.0,1.0,1,1464.4,1464.4,0.0,1472.6,1472.6,Thin,False,History,2023-03-24,2023-03-24
Winston,OR,,Austin,TX,,2159.7,2488.1,410.6,1.0,1,2159.7,2159.7,0.0,2488.1,2488.1,Thin,False,History,2022-07-15,2022-07-15
Winter Haven,FL,,Edinburg,TX,,1329.2,1511.0,211.1,1.0,1,1329.2,1329.2,0.0,1511.0,1511.0,Thin,False,History,2024-05-14,2024-05-14
Wolcott,IN,,Laredo,TX,,1360.0,1512.3,191.6,1.0,1,1360.0,1360.0,0.0,1512.3,1512.3,Thin,False,History,2024-05-29,2024-05-29
Wood Dale,IL,,Laredo,TX,,1353.1,1599.8,267.5,1.0,1,1353.1,1353.1,0.0,1599.8,1599.8,Thin,False,History,2022-06-24,2022-06-24
Willmar,MN,,Laredo,TX,,1391.9,1511.8,153.8,1.0,1,1391.9,1391.9,0.0,1511.8,1511.8,Thin,False,History,2020-11-19,2020-11-19
Wilmington,DE,,Dallas,TX,,1440.3,1598.5,180.2,1.0,1,1440.3,1440.3,0.0,1598.5,1598.5,Thin,False,History,2023-05-23,2023-05-23
Wilmington,DE,,Lockport,IL,,744.3,903.4,179.3,1.0,1,744.3,744.3,0.0,903.4,903.4,Thin,False,History,2025-07-09,2025-07-09
Winchester,KY,,Haslet,TX,,933.0,939.2,20.4,1.0,1,933.0,933.0,0.0,939.2,939.2,Thin,False,History,2024-05-14,2024-05-14
Winchester,VA,,Houston,TX,,1339.0,1404.0,91.3,1.0,1,1339.0,1339.0,0.0,1404.0,1404.0,Thin,False,History,2023-08-19,2023-08-19
Winchester,VA,,San Antonio,TX,,1555.1,2800.0,1319.2,1.0,1,1555.1,1555.1,0.0,2800.0,2800.0,Thin,False,History,2025-06-24,2025-06-24
Winchester,VA,,Sterling,IL,,753.8,879.9,143.7,1.0,1,753.8,753.8,0.0,879.9,879.9,Thin,False,History,2025-03-23,2025-03-23
Winchester,VA,,Worthington,MN,,1172.4,1232.5,111.9,1.0,1,1172.4,1172.4,0.0,1232.5,1232.5,Thin,False,History,2025-02-07,2025-02-07
Williamsport,PA,,Beaumont,TX,,1460.5,2096.0,671.5,1.0,1,1460.5,1460.5,0.0,2096.0,2096.0,Thin,False,History,2024-06-04,2024-06-04
Williamsport,PA,,Castroville,TX,,1712.1,1905.6,237.9,1.0,1,1712.1,1712.1,0.0,1905.6,1905.6,Thin,False,History,2023-12-08,2023-12-08
Williamsport,PA,,Houston,TX,,1533.1,1703.1,198.2,1.0,1,1533.1,1533.1,0.0,1703.1,1703.1,Thin,False,History,2023-09-26,2023-09-26
Williamsport,PA,,Laredo,TX,,1842.0,2019.4,237.9,1.0,1,1842.0,1842.0,0.0,2019.4,2019.4,Thin,False,History,2023-04-21,2023-04-21
Williamsport,PA,,Los Fresnos,TX,,1885.1,2232.6,387.2,1.0,1,1885.1,1885.1,0.0,2232.6,2232.6,Thin,False,History,2025-04-08,2025-04-08
Williamson,NY,,Baldwinsville,NY,,50.0,,0.0,1.0,0,50.0,50.0,0.0,,,Thin,False,History,2021-04-13,2021-04-13
Willis,TX,,Laredo,TX,,403.7,376.6,10.1,1.0,1,403.7,403.7,0.0,376.6,376.6,Thin,False,History,2024-05-23,2024-05-23
Williston,ND,,Seymour,IN,,1307.8,1255.4,0.0,1.0,1,1307.8,1307.8,0.0,1255.4,1255.4,Thin,False,History,2023-07-06,2023-07-06
York,PA,,Midlothian,TX,,1404.4,1777.7,395.8,1.0,1,1404.4,1404.4,0.0,1777.7,1777.7,Thin,False,History,2022-11-28,2022-11-28
Jacksonville,TX,,Laredo,TX,,440.7,558.0,138.0,1.0,1,440.7,440.7,0.0,558.0,558.0,Thin,False,History,2023-03-20,2023-03-20
Jamaica,NY,,Austin,TX,,1773.6,1952.3,245.4,1.0,1,1773.6,1773.6,0.0,1952.3,1952.3,Thin,False,History,2022-02-05,2022-02-05
Jamaica,NY,,Houston,TX,,1664.2,1664.8,43.7,1.0,1,1664.2,1664.2,0.0,1664.8,1664.8,Thin,False,History,2023-07-22,2023-07-22
Jamaica,NY,,Laredo,TX,,2004.9,1954.9,25.7,1.0,1,2004.9,2004.9,0.0,1954.9,1954.9,Thin,False,History,2022-02-10,2022-02-10
Jasper,AL,,Laredo,TX,,1017.2,1187.3,227.8,1.0,1,1017.2,1017.2,0.0,1187.3,1187.3,Thin,False,History,2026-02-26,2026-02-26
Jasper,TX,,Laredo,TX,,483.1,,135.3,1.0,0,483.1,483.1,0.0,,,Thin,False,History,2025-09-19,2025-09-19
Yakima,WA,,Assonet,MA,,2976.1,3124.9,247.5,1.0,1,2976.1,2976.1,0.0,3124.9,3124.9,Thin,False,History,2022-07-05,2022-07-05
Yakima,WA,,Dallas,TX,,1977.7,2091.8,206.9,1.0,1,1977.7,1977.7,0.0,2091.8,2091.8,Thin,False,History,2022-11-05,2022-11-05
Yakima,WA,,San Antonio,TX,,2045.6,2215.5,238.2,1.0,1,2045.6,2045.6,0.0,2215.5,2215.5,Thin,False,History,2022-08-01,2022-08-01
Yakima,WA,,South Plainfield,NJ,,2874.0,2955.0,171.8,1.0,1,2874.0,2874.0,0.0,2955.0,2955.0,Thin,False,History,2023-01-25,2023-01-25
Yaphank,NY,,Deer Park,TX,,1688.3,2012.7,381.4,1.0,1,1688.3,1688.3,0.0,2012.7,2012.7,Thin,False,History,2024-07-17,2024-07-17
Yaphank,NY,,Saluda,VA,,402.2,411.7,15.4,1.0,1,402.2,402.2,0.0,411.7,411.7,Thin,False,History,2023-08-25,2023-08-25
Yerington,NV,,Roanoke,TX,,1557.0,1856.0,377.9,1.0,1,1557.0,1557.0,0.0,1856.0,1856.0,Thin,False,History,2024-08-31,2024-08-31
Yerington,NV,,San Antonio,TX,,1646.9,2050.1,515.9,1.0,1,1646.9,1646.9,0.0,2050.1,2050.1,Thin,False,History,2024-02-20,2024-02-20
Woodburn,KY,,Laredo,TX,,1148.1,1356.7,256.4,1.0,1,1148.1,1148.1,0.0,1356.7,1356.7,Thin,False,History,2026-02-19,2026-02-19
Woodburn,OR,,Chantilly,VA,,2831.1,2800.7,43.3,1.0,1,2831.1,2831.1,0.0,2800.7,2800.7,Thin,False,History,2025-05-23,2025-05-23
Woodburn,OR,,San Antonio,TX,,2288.7,2564.7,483.9,1.0,1,2288.7,2288.7,0.0,2564.7,2564.7,Thin,False,History,2022-06-10,2022-06-10
Woodridge,NY,,Laredo,TX,,2011.0,2091.0,130.0,1.0,1,2011.0,2011.0,0.0,2091.0,2091.0,Thin,False,History,2024-02-26,2024-02-26
Woodstock,AL,,Laredo,TX,,984.8,966.6,37.5,1.0,1,984.8,984.8,0.0,966.6,966.6,Thin,False,History,2022-07-11,2022-07-11
Woodville,TX,,Mcallen,TX,,456.4,709.6,255.5,1.0,1,456.4,456.4,0.0,709.6,709.6,Thin,False,History,2025-10-08,2025-10-08
Wooster,OH,,Laredo,TX,,1592.8,2013.5,495.3,1.0,1,1592.8,1592.8,0.0,2013.5,2013.5,Thin,False,History,2022-11-22,2022-11-22
Worthington,MN,,Hidalgo,TX,,1352.1,1633.2,321.4,1.0,1,1352.1,1352.1,0.0,1633.2,1633.2,Thin,False,History,2025-12-20,2025-12-20
Albany,OR,,Irving,TX,,2111.7,2192.5,214.6,1.0,1,2111.7,2111.7,0.0,2192.5,2192.5,Thin,False,History,2022-08-16,2022-08-16
Albany,OR,,Livonia,MI,,2438.2,2568.4,213.8,1.0,1,2438.2,2438.2,0.0,2568.4,2568.4,Thin,False,History,2022-06-21,2022-06-21
Albany,OR,,San Antonio,TX,,2219.6,2299.9,262.8,1.0,1,2219.6,2219.6,0.0,2299.9,2299.9,Thin,False,History,2022-08-29,2022-08-29
Albany,OR,,Springfield,IL,,2106.7,2068.6,50.7,1.0,1,2106.7,2106.7,0.0,2068.6,2068.6,Thin,False,History,2025-12-03,2025-12-03
Woodbridge,NJ,,Ennis,TX,,1563.9,1572.3,39.7,1.0,1,1563.9,1563.9,0.0,1572.3,1572.3,Thin,False,History,2022-11-01,2022-11-01
Woodbridge,NJ,,Neenah,WI,,981.0,1007.6,60.5,1.0,1,981.0,981.0,0.0,1007.6,1007.6,Thin,False,History,2023-09-29,2023-09-29
Woodbridge,NJ,,San Antonio,TX,,1799.4,1935.7,196.2,1.0,1,1799.4,1799.4,0.0,1935.7,1935.7,Thin,False,History,2023-12-12,2023-12-12
Woodburn,IN,,Laredo,TX,,1473.1,1672.9,143.0,1.0,2,1473.1,1473.1,0.0,1540.8,1805.0,Thin,False,History,2023-03-03,2023-03-03
Adrian,PA,,Laredo,TX,,,338.4,,,1,,,,338.4,338.4,Thin,False,History,,
Allentown,PA,,New Braunfels,TX,,,74.2,,,1,,,,74.2,74.2,Thin,False,History,,
Carson,CA,,Manchester,IA,,,1876.9,,,1,,,,1876.9,1876.9,Thin,False,History,,
El Reno,OK,,Hanover Towns,PA,,,1359.4,,,1,,,,1359.4,1359.4,Thin,False,History,,
Linden,NJ,,Dallas,TX,,,2036.3,,,1,,,,2036.3,2036.3,Thin,False,History,,
Middletown,PA,,Laredo,TX,,,1861.2,,,1,,,,1861.2,1861.2,Thin,False,History,,
Sparks,MD,,Laredo,TX,,,2185.4,,,1,,,,2185.4,2185.4,Thin,False,History,,
