rel,module,type,lines,status,prod,test,isWriter,isMoney,tables,inserts,updates,deletes,scheduled,reverse,stamps,stampsMissing,purpose,A_SPINE,B_ATOMIC,C_SCOPE,D_ATOMIC,E_SCOPE,F_RETRY,G_SILENT,H_STATUS,I_HEADER,unscopedPreview,verdict
accounting/account-balances.service.ts,accounting,.service,148,WIRED,2,0,NO,NO,,0,0,0,NO,NO,0/12,"load_id,driver_id,unit_id,trailer_id,customer_id,vendor_id,settlement_id,invoice_id,journal_entry_id,item_id,bill_id,work_order_id",— no header comment in the file —,ok,ok,ok,ok,ok,ok,ok,WIRED,FLAG,,OK (I-HEADER only)
accounting/account-register.service.ts,accounting,.service,863,WIRED,2,1,YES,NO,"accounting.journal_entry_postings,accounting.journal_entries,accounting.expenses,accounting.bills,banking.bank_transactions",0,5,0,NO,YES,4/12,"load_id,unit_id,trailer_id,vendor_id,settlement_id,invoice_id,item_id,work_order_id",D5 / CA-05 — read-only per-account register (running-balance ledger over the chart of accounts). Reuses accounting.fn_account_balances_as_of for the opening balance + the account's normal-balance side,ok,ok,ok,FLAG,ok,ok,ok,WIRED,ok,,DEFECT: D-ATOMIC: multi-table write without txn boundary
accounting/allocations.service.ts,accounting,.service,171,WIRED,1,0,NO,NO,,0,0,0,NO,NO,3/12,"load_id,driver_id,trailer_id,customer_id,settlement_id,invoice_id,journal_entry_id,item_id,work_order_id",— no header comment in the file —,ok,ok,ok,ok,ok,ok,ok,WIRED,FLAG,,OK (I-HEADER only)
accounting/amortization-posting/amortization-posting.service.ts,accounting,.service,950,WIRED,4,2,YES,YES,"accounting.journal_entries,accounting.journal_entry_postings,accounting.depreciation_schedule_rows,accounting.depreciation_autopost_runs,accounting.prepaid_assets,accounting.prepaid_amortization_rows,accounting.fixed_assets",4,5,0,YES,YES,1/12,"load_id,driver_id,unit_id,trailer_id,customer_id,vendor_id,settlement_id,invoice_id,item_id,bill_id,work_order_id","FIN-21 — Prepaid-amortization + fixed-asset-depreciation GL posting engine (TIER-1 FINANCIAL; BUILD-AND-HOLD, flag OFF).  REUSES the established accounting spine end-to-end (NO new GL math, NO ad-hoc ",ok,FLAG,ok,ok,ok,ok,ok,WIRED,ok,,DEFECT: B-ATOMIC: money multi-table write without txn boundary
accounting/ap-aging.service.ts,accounting,.service,536,WIRED,4,1,NO,NO,,0,0,0,NO,NO,2/12,"load_id,driver_id,unit_id,trailer_id,customer_id,settlement_id,invoice_id,journal_entry_id,item_id,work_order_id",— no header comment in the file —,ok,ok,ok,ok,ok,ok,ok,WIRED,FLAG,,OK (I-HEADER only)
accounting/ap-import/qbo-ap-import-preview.service.ts,accounting,.service,249,TEST-ONLY,0,1,YES,NO,"accounting.ap_import_batches,accounting.ap_import_preview_lines",2,1,0,NO,NO,0/12,"load_id,driver_id,unit_id,trailer_id,customer_id,vendor_id,settlement_id,invoice_id,journal_entry_id,item_id,bill_id,work_order_id",AF-4 — QBO A/P import: PREVIEW layer only (see docs/accounting/AF-4-AF-2-AF-7-DESIGN.md).  SCOPE: this file builds the reviewable bill list Jorge reviews before any A/P is actually migrated into TMS. ,ok,ok,ok,ok,FLAG,ok,ok,TEST-ONLY,ok,"UPDATE accounting.ap_import_batches: UPDATE accounting.ap_import_batches SET total_vendors = $2, total_bills = $3, total_amount_cents = $4, blocked_bills = $5, updated_at = now() WHERE id = $1::uui",DEFECT: E-SCOPE: unscoped UPDATE/DELETE (1)
accounting/ar-aging.service.ts,accounting,.service,224,WIRED,5,2,NO,NO,,0,0,0,NO,NO,2/12,"load_id,driver_id,unit_id,trailer_id,vendor_id,settlement_id,journal_entry_id,item_id,bill_id,work_order_id",— no header comment in the file —,ok,ok,ok,ok,ok,ok,ok,WIRED,FLAG,,OK (I-HEADER only)
accounting/auto-invoice-on-bol.service.ts,accounting,.service,283,WIRED,3,1,YES,NO,docs.file_links,1,0,0,NO,YES,2/12,"driver_id,unit_id,trailer_id,vendor_id,settlement_id,invoice_id,journal_entry_id,item_id,bill_id,work_order_id","ROUND 285.4.10 / #60 — Invoice auto-generates when a load is delivered/closed AND a BOL is
already saved in docs.files, then lands in the Faro (factoring) submission queue.
OWNER (ROUND 272 / 285.4.10",ok,ok,ok,ok,ok,ok,ok,WIRED,ok,,OK
accounting/balance-sheet.service.ts,accounting,.service,203,WIRED,7,0,NO,NO,,0,0,0,NO,YES,0/12,"load_id,driver_id,unit_id,trailer_id,customer_id,vendor_id,settlement_id,invoice_id,journal_entry_id,item_id,bill_id,work_order_id",— no header comment in the file —,ok,ok,ok,ok,ok,ok,ok,WIRED,FLAG,,OK (I-HEADER only)
accounting/bank-deposits.service.ts,accounting,.service,595,WIRED,1,0,YES,NO,"accounting.deposits,accounting.deposit_lines",2,1,0,NO,YES,4/12,"driver_id,unit_id,trailer_id,vendor_id,settlement_id,item_id,bill_id,work_order_id","ROUND 312 B-2 — Bank Deposits (QBO Make Deposit).
Pick undeposited-funds receipts → one deposit JE (Dr bank / Cr UF) + accounting.deposits header
with lines linked to each receipt; optional cash-back;",ok,ok,ok,FLAG,FLAG,ok,ok,WIRED,ok,"UPDATE accounting.deposits: UPDATE accounting.deposits SET journal_entry_id = $2::uuid, posting_status = 'posted', posted_at = now(), updated_at = now() WHERE id = $1::uuid `, [deposit.id, || UPDATE accounting.deposits: UPDATE accounting.deposits SET voided_at = now(), voided_by_user_id = $2::uuid, void_reason = $3, posting_status = CASE WHEN journal_entry_id IS NOT NULL THEN '",DEFECT: D-ATOMIC: multi-table write without txn boundary; E-SCOPE: unscoped UPDATE/DELETE (2)
accounting/bank-recon/bank-match-fuel-post.service.ts,accounting,.service,256,WIRED,1,0,YES,NO,,0,0,0,NO,NO,4/12,"customer_id,vendor_id,settlement_id,invoice_id,journal_entry_id,item_id,bill_id,work_order_id","ROUND 288.2 / OWNER LAW 2026-10-02 — bank-match fuel poster.
CC-2 (#24027) retired import-time fuel GL posts. A fill books ONLY when its card bank line is
matched in Banking, through postFuelExpenseOn",ok,ok,ok,ok,ok,ok,ok,WIRED,ok,,OK
accounting/bank-recon/match.service.ts,accounting,.service,1754,WIRED,5,12,YES,YES,"banking.reconciliation_matches,accounting.journal_entries,accounting.journal_entry_postings,banking.bank_transactions,accounting.payments,accounting.bill_payments",3,3,0,YES,YES,4/12,"load_id,driver_id,unit_id,trailer_id,settlement_id,item_id,bill_id,work_order_id",— no header comment in the file —,ok,ok,ok,ok,ok,ok,ok,WIRED,FLAG,,OK (I-HEADER only)
accounting/bank-recon/recon-worklist.service.ts,accounting,.service,485,WIRED,5,4,YES,NO,"banking.reconciliation_matches,banking.bank_transactions,accounting.payments,accounting.bill_payments",1,3,0,NO,YES,1/12,"load_id,driver_id,unit_id,trailer_id,customer_id,vendor_id,settlement_id,invoice_id,item_id,bill_id,work_order_id","BANK-F30015 (2026-09-09, CC-2): every banking.bank_transactions read in this file now excludes voided (reversed/superseded) rows -- the same class of gap already fixed in banking/reconciliation.routes",ok,ok,ok,ok,FLAG,ok,ok,WIRED,ok,"UPDATE banking.bank_transactions: UPDATE banking.bank_transactions bt SET matched_expense_id = NULL, matched_transfer_id = NULL, matched_journal_entry_id = NULL, matched_load_id = NULL, matched_",DEFECT: E-SCOPE: unscoped UPDATE/DELETE (1)
accounting/bill-gl-draft.service.ts,accounting,.service,245,WIRED,2,1,NO,NO,,0,0,0,NO,NO,1/12,"load_id,driver_id,unit_id,trailer_id,customer_id,vendor_id,settlement_id,invoice_id,journal_entry_id,bill_id,work_order_id","CHAIN-03 STEP-1 — Create Bill → GL DRAFT proof (TRANSPORTATION ONLY).  This module COMPUTES the journal entry a TRANSP bill WOULD post and returns it as a DRAFT. It WRITES NOTHING — no journal entry, ",ok,ok,ok,ok,ok,ok,ok,WIRED,ok,,OK
accounting/bill-gl.service.ts,accounting,.service,77,WIRED,4,0,NO,NO,,0,0,0,NO,NO,0/12,"load_id,driver_id,unit_id,trailer_id,customer_id,vendor_id,settlement_id,invoice_id,journal_entry_id,item_id,bill_id,work_order_id","P1-BILL-GL — the gated auto-post entrypoint for a Bill's internal GL. createBill() historically inserted accounting.bills but never posted the DR expense / CR ap_control journal entry, so the internal",ok,ok,ok,ok,ok,ok,ok,WIRED,ok,,OK
accounting/bill-payment-gl.service.ts,accounting,.service,70,WIRED,10,2,NO,NO,,0,0,0,NO,NO,0/12,"load_id,driver_id,unit_id,trailer_id,customer_id,vendor_id,settlement_id,invoice_id,journal_entry_id,item_id,bill_id,work_order_id",CHAIN-04 — flag-gated bill-payment -> GL posting entrypoint.  The bill-payment poster (buildBillPaymentLines in posting-engine.service.ts) does the GL math (DR ap_control / CR real bank). THIS module ,ok,ok,ok,ok,ok,ok,ok,WIRED,ok,,OK
accounting/bills.service.ts,accounting,.service,4105,WIRED,28,9,YES,NO,"accounting.bills,accounting.bill_lines,accounting.bill_payments,bills.paid_cents,banking.bank_accounts,banking.bank_transactions",3,5,0,YES,YES,12/12,,— no header comment in the file —,ok,ok,ok,ok,ok,ok,ok,WIRED,FLAG,,OK (I-HEADER only)
accounting/bills/recurring/generator.service.ts,accounting,.service,228,WIRED,2,3,YES,NO,"accounting.recurring_bill_generation_log,accounting.recurring_bill_templates",1,1,0,YES,NO,0/12,"load_id,driver_id,unit_id,trailer_id,customer_id,vendor_id,settlement_id,invoice_id,journal_entry_id,item_id,bill_id,work_order_id",— no header comment in the file —,ok,ok,ok,ok,FLAG,FLAG,ok,WIRED,FLAG,"UPDATE accounting.recurring_bill_templates: UPDATE accounting.recurring_bill_templates SET next_generation_date = $2::date, updated_at = now() WHERE uuid = $1::uuid AND next_generation_date IS NOT DISTINC",DEFECT: E-SCOPE: unscoped UPDATE/DELETE (1); F-RETRY: scheduled writer without ON CONFLICT/idempotency/WHERE NOT EXISTS
accounting/bills/recurring/template.service.ts,accounting,.service,248,WIRED,2,0,YES,NO,accounting.recurring_bill_templates,1,1,0,NO,NO,0/12,"load_id,driver_id,unit_id,trailer_id,customer_id,vendor_id,settlement_id,invoice_id,journal_entry_id,item_id,bill_id,work_order_id",— no header comment in the file —,ok,ok,ok,ok,FLAG,ok,ok,WIRED,FLAG,"UPDATE accounting.recurring_bill_templates: UPDATE accounting.recurring_bill_templates SET ${setClauses.join("", "")} WHERE uuid = $${idx}::uuid RETURNING uuid::text`, values ) || UPDATE accounting.recurring_bill_templates: UPDATE accounting.recurring_bill_templates SET is_active = false, updated_at = now() WHERE uuid = $1::uuid AND is_active = true RETURNING uuid::text `, [uuid] )",DEFECT: E-SCOPE: unscoped UPDATE/DELETE (2)
accounting/break-even.service.ts,accounting,.service,215,WIRED,1,2,NO,NO,,0,0,0,NO,NO,1/12,"driver_id,unit_id,trailer_id,customer_id,vendor_id,settlement_id,invoice_id,journal_entry_id,item_id,bill_id,work_order_id","F1 — Break-Even Analysis (READ-ONLY analytics/estimate).  A trucking cost-per-mile / break-even model for ONE operating company, built entirely from EXISTING read surfaces. It NEVER posts, writes, or ",ok,ok,ok,ok,ok,ok,ok,WIRED,ok,,OK
accounting/broker-advances.service.ts,accounting,.service,482,WIRED,1,1,YES,NO,"accounting.broker_advances,accounting.invoices",1,2,0,NO,NO,4/12,"unit_id,trailer_id,vendor_id,settlement_id,invoice_id,item_id,bill_id,work_order_id","SET-24 (owner order 2026-09-04). A broker-sent advance against a specific load's receivable -- diesel, driver pay, or a repair when cash is tight. Drivers are B1 COMPANY drivers, not owner-operators, ",ok,ok,ok,FLAG,FLAG,ok,ok,WIRED,ok,"UPDATE accounting.invoices: UPDATE accounting.invoices SET broker_advance_applied_cents = COALESCE(broker_advance_applied_cents, 0) + $2 WHERE id = $1`, [appliedToInvoiceId, input.amountCe || UPDATE accounting.broker_advances: UPDATE accounting.broker_advances SET applied_to_invoice_id = $2::uuid, applied_at = now(), updated_at = now() WHERE id = $1`, [brokerAdvanceId, appliedToInvoic",DEFECT: D-ATOMIC: multi-table write without txn boundary; E-SCOPE: unscoped UPDATE/DELETE (4)
accounting/bulk-void.service.ts,accounting,.service,291,WIRED,5,0,YES,NO,"accounting.invoices,accounting.payments,accounting.payment_applications",0,3,0,NO,YES,0/12,"load_id,driver_id,unit_id,trailer_id,customer_id,vendor_id,settlement_id,invoice_id,journal_entry_id,item_id,bill_id,work_order_id","Shared bulk-void helpers — VOID LAW center (owner 2026-09-01).
MUST call void.service / atomic void writers per row.
MUST NOT flip status via set_status without reversal.
Fail-stop = entire batch roll",ok,ok,ok,FLAG,FLAG,ok,ok,WIRED,ok,"UPDATE accounting.payments: UPDATE accounting.payments SET voided_at = now(), voided_by_user_id = $2::uuid, void_reason = $3 WHERE id = $1::uuid AND voided_at IS NULL RETURNING id `, [id,  || UPDATE accounting.payment_applications: UPDATE accounting.payment_applications SET unapplied_at = now(), unapplied_by_user_id = $2::uuid WHERE payment_id = $1::uuid AND unapplied_at IS NULL`, [id, act",DEFECT: D-ATOMIC: multi-table write without txn boundary; E-SCOPE: unscoped UPDATE/DELETE (2)
accounting/cascade-void-engine.service.ts,accounting,.service,179,WIRED,9,0,YES,NO,,0,0,0,YES,YES,3/12,"load_id,driver_id,unit_id,trailer_id,customer_id,vendor_id,journal_entry_id,item_id,work_order_id","ROUND 138 (owner order, via Lead relay, P0) — THE ONE CASCADE VOID ENGINE.
ROOT CAUSE this closes: voiding a parent document never cascaded to its own detail/line
children. Live-measured before this f",ok,ok,ok,ok,ok,FLAG,ok,WIRED,ok,,DEFECT: F-RETRY: scheduled writer without ON CONFLICT/idempotency/WHERE NOT EXISTS
accounting/cash-basis/period-close-snapshot.service.ts,accounting,.service,305,WIRED,2,1,YES,NO,accounting.period_cash_basis_snapshot,1,0,0,NO,YES,0/12,"load_id,driver_id,unit_id,trailer_id,customer_id,vendor_id,settlement_id,invoice_id,journal_entry_id,item_id,bill_id,work_order_id",— no header comment in the file —,ok,ok,ok,ok,ok,ok,ok,WIRED,FLAG,,OK (I-HEADER only)
accounting/cash-basis/read-policy.service.ts,accounting,.service,27,WIRED,3,1,NO,NO,,0,0,0,NO,NO,0/12,"load_id,driver_id,unit_id,trailer_id,customer_id,vendor_id,settlement_id,invoice_id,journal_entry_id,item_id,bill_id,work_order_id",— no header comment in the file —,ok,ok,ok,ok,ok,ok,ok,WIRED,FLAG,,OK (I-HEADER only)
accounting/cash-basis/snapshot.service.ts,accounting,.service,37,WIRED,3,0,NO,NO,,0,0,0,NO,NO,0/12,"load_id,driver_id,unit_id,trailer_id,customer_id,vendor_id,settlement_id,invoice_id,journal_entry_id,item_id,bill_id,work_order_id",— no header comment in the file —,ok,ok,ok,ok,ok,ok,ok,WIRED,FLAG,,OK (I-HEADER only)
accounting/cash-flow.service.ts,accounting,.service,493,WIRED,5,0,NO,NO,,0,0,0,NO,YES,0/12,"load_id,driver_id,unit_id,trailer_id,customer_id,vendor_id,settlement_id,invoice_id,journal_entry_id,item_id,bill_id,work_order_id",— no header comment in the file —,ok,ok,ok,ok,ok,ok,ok,WIRED,FLAG,,OK (I-HEADER only)
accounting/checks/check-account-rules.service.ts,accounting,.service,230,WIRED,1,1,NO,NO,,0,0,0,NO,NO,1/12,"load_id,driver_id,unit_id,trailer_id,customer_id,vendor_id,settlement_id,invoice_id,journal_entry_id,bill_id,work_order_id",R-154.1 §B — chart-of-accounts rules for the check engine.  Credit side: the check's OWN bank account only (banking.bank_accounts.ledger_account_id). Debit side: Category line -> accounting.expense_ca,ok,ok,ok,ok,ok,ok,ok,WIRED,ok,,OK
accounting/checks/check-create.service.ts,accounting,.service,432,WIRED,2,4,YES,NO,"banking.check_number_registry,accounting.expenses,accounting.expense_lines",3,2,0,NO,NO,6/12,"customer_id,vendor_id,settlement_id,invoice_id,bill_id,work_order_id","R-154 §4 (PR 3/7) — the one place a check is actually written. checks.routes.ts (HTTP: auth, role, company membership, request validation, status-code mapping) calls this; a db test calls it directly ",ok,ok,ok,ok,FLAG,ok,ok,WIRED,ok,"UPDATE accounting.expenses: UPDATE accounting.expenses SET posting_status = 'posted', posted_at = now(), journal_entry_id = $2::uuid, updated_at = now() WHERE id = $1::uuid`, [expenseId, j",DEFECT: E-SCOPE: unscoped UPDATE/DELETE (1)
accounting/checks/check-payee.service.ts,accounting,.service,216,WIRED,2,1,NO,NO,,0,0,0,NO,NO,1/12,"load_id,unit_id,trailer_id,customer_id,vendor_id,settlement_id,invoice_id,journal_entry_id,item_id,bill_id,work_order_id","R-154.1 §A — payee resolution for the check engine.  A check's EntityRef is one of vendor / driver / customer / employee (QBO parity, spec §1/§A). This is the ONE place that resolves a (payee_kind, pa",ok,ok,ok,ok,ok,ok,ok,WIRED,ok,,OK
accounting/checks/check-print-batch.service.ts,accounting,.service,195,WIRED,1,2,YES,NO,"banking.check_print_batches,banking.check_number_registry,banking.check_print_batch_items,accounting.expenses,banking.check_stock_settings",3,5,0,NO,NO,1/12,"load_id,driver_id,unit_id,trailer_id,customer_id,vendor_id,settlement_id,invoice_id,journal_entry_id,bill_id,work_order_id",R-154 §4 (PR 5/7) — check-number assignment + print-batch confirm/reprint.  Numbers are assigned ONLY at print time (spec §3c: never guessed/defaulted; the owner types the first real number via bankin,ok,ok,ok,ok,FLAG,ok,ok,WIRED,ok,"UPDATE accounting.expenses: UPDATE accounting.expenses SET check_number = $1, print_status = 'print_complete', printed_at = now(), printed_by_user_id = $2::uuid, print_batch_id = $3::uuid  || UPDATE banking.check_print_batch_items: UPDATE banking.check_print_batch_items SET outcome = 'ok' WHERE id = $1::uuid`, [item.item_id])",DEFECT: E-SCOPE: unscoped UPDATE/DELETE (8)
accounting/checks/check-stock.service.ts,accounting,.service,146,WIRED,2,0,YES,NO,banking.check_stock_settings,1,0,0,NO,NO,0/12,"load_id,driver_id,unit_id,trailer_id,customer_id,vendor_id,settlement_id,invoice_id,journal_entry_id,item_id,bill_id,work_order_id",R-190 Check Creator — per-bank check stock settings + number allocator.  Spec law (R-154 §3c): next_check_number starts NULL. The owner types the first real number (Print Checks screen or Write Check),ok,ok,ok,ok,ok,ok,ok,WIRED,ok,,OK
accounting/checks/check-void.service.ts,accounting,.service,287,WIRED,1,1,YES,NO,"banking.check_number_registry,accounting.expenses",0,2,0,NO,YES,2/12,"load_id,driver_id,unit_id,trailer_id,customer_id,vendor_id,settlement_id,invoice_id,bill_id,work_order_id","R-154 §1/§4 (PR 6/7) — void + reissue. A check IS an accounting.expenses row, so voiding one reuses the EXISTING 'expense' reversal path via void-document.service.ts's voidDocument() dispatcher (""this",ok,ok,ok,ok,ok,ok,ok,WIRED,ok,,OK
accounting/coa-asymmetry-report.service.ts,accounting,.service,183,WIRED,1,0,NO,NO,,0,0,0,NO,NO,0/12,"load_id,driver_id,unit_id,trailer_id,customer_id,vendor_id,settlement_id,invoice_id,journal_entry_id,item_id,bill_id,work_order_id","ACCT-CoA-ASYMMETRY — grouped diff report (READ-ONLY, owner-eyes).  Surfaces how TRK / TRANSP / USMCA postable CoAs diverge. NEVER posts, writes, merges, or creates accounts — every statement is a SELE",ok,ok,ok,ok,ok,ok,ok,WIRED,ok,,OK
accounting/coa-roles/resolver.service.ts,accounting,.service,525,WIRED,55,3,NO,NO,,0,0,0,YES,NO,0/12,"load_id,driver_id,unit_id,trailer_id,customer_id,vendor_id,settlement_id,invoice_id,journal_entry_id,item_id,bill_id,work_order_id",— no header comment in the file —,ok,ok,ok,ok,ok,ok,ok,WIRED,FLAG,,OK (I-HEADER only)
accounting/collections.service.ts,accounting,.service,569,WIRED,2,1,YES,NO,"accounting.ar_collection_tasks,accounting.ar_collection_contacts",2,1,0,NO,NO,2/12,"load_id,driver_id,unit_id,trailer_id,vendor_id,settlement_id,journal_entry_id,item_id,bill_id,work_order_id",— no header comment in the file —,ok,ok,ok,ok,FLAG,ok,ok,WIRED,FLAG,"UPDATE accounting.ar_collection_tasks: UPDATE accounting.ar_collection_tasks SET status = 'resolved', resolution = COALESCE(resolution, 'paid'), closed_at = COALESCE(closed_at, now()), owed_cents = $ || UPDATE accounting.ar_collection_tasks: UPDATE accounting.ar_collection_tasks SET status = CASE WHEN status = 'resolved' THEN status ELSE 'contacted' END, last_contact_at = now(), next_action_date = C",DEFECT: E-SCOPE: unscoped UPDATE/DELETE (2)
accounting/company-settlement-close-manual.service.ts,accounting,.service,157,WIRED,1,1,YES,NO,accounting.company_settlements,0,1,0,NO,YES,1/12,"load_id,driver_id,unit_id,trailer_id,customer_id,vendor_id,invoice_id,journal_entry_id,item_id,bill_id,work_order_id","M.3 (STANDING-DIRECTIVES-2026-09-05.md §CC-1): ""human-confirmed close via journal-entries.service"" -- a standalone, explicitly human-triggered close, DISTINCT from the automatic closeCompanySettlement",ok,ok,ok,ok,FLAG,ok,ok,WIRED,ok,"UPDATE accounting.company_settlements: UPDATE accounting.company_settlements SET status = 'closed', closed_at = now(), closed_by_user_id = $2::uuid, updated_at = now() WHERE id = $1::uuid AND voided_",DEFECT: E-SCOPE: unscoped UPDATE/DELETE (1)
accounting/company-settlement-close.service.ts,accounting,.service,147,WIRED,3,2,YES,NO,"accounting.company_settlements,accounting.company_settlement_driver_settlements",2,1,0,NO,NO,0/12,"load_id,driver_id,unit_id,trailer_id,customer_id,vendor_id,settlement_id,invoice_id,journal_entry_id,item_id,bill_id,work_order_id","25-TASK #4 (owner instructions 2026-09-02) — ""Wire the company settlement to close alongside the driver settlement when the tour closes at the yard. One close, two settlements.""  Called from inside dr",ok,ok,ok,FLAG,ok,ok,ok,WIRED,ok,,DEFECT: D-ATOMIC: multi-table write without txn boundary
accounting/company-settlement-document.service.ts,accounting,.service,84,WIRED,1,0,NO,NO,,0,0,0,NO,NO,0/12,"load_id,driver_id,unit_id,trailer_id,customer_id,vendor_id,settlement_id,invoice_id,journal_entry_id,item_id,bill_id,work_order_id",— no header comment in the file —,ok,ok,ok,ok,ok,ok,ok,WIRED,FLAG,,OK (I-HEADER only)
accounting/company-settlement-open.service.ts,accounting,.service,66,WIRED,1,0,NO,NO,,0,0,0,NO,NO,0/12,"load_id,driver_id,unit_id,trailer_id,customer_id,vendor_id,settlement_id,invoice_id,journal_entry_id,item_id,bill_id,work_order_id","M.3 (STANDING-DIRECTIVES-2026-09-05.md §CC-1, owner-numbered sequence): ""open = pre-settlement (many loads, one number, start/end)"". The existing find-or-create-by-period logic (company-settlement-clo",ok,ok,ok,ok,ok,ok,ok,WIRED,ok,,OK
accounting/company-settlement-report.service.ts,accounting,.service,832,WIRED,4,0,NO,NO,,0,0,0,NO,NO,5/12,"trailer_id,customer_id,invoice_id,journal_entry_id,item_id,bill_id,work_order_id","25-TASK #3 (owner instructions 2026-09-02, /Users/jorgemunoz/Downloads/CC-1-INSTRUCTIONS-09-02-2026.txt) ""Eight sections on that header, per the owner's own Settlement 5753."" Design source read live: ",ok,ok,ok,ok,ok,ok,ok,WIRED,ok,,OK
accounting/comparison-report.service.ts,accounting,.service,244,WIRED,1,1,NO,NO,,0,0,0,NO,NO,0/12,"load_id,driver_id,unit_id,trailer_id,customer_id,vendor_id,settlement_id,invoice_id,journal_entry_id,item_id,bill_id,work_order_id",— no header comment in the file —,ok,ok,ok,ok,ok,ok,ok,WIRED,FLAG,,OK (I-HEADER only)
accounting/consolidated-statements.service.ts,accounting,.service,600,WIRED,1,0,NO,NO,,0,0,0,YES,NO,3/12,"load_id,driver_id,unit_id,trailer_id,vendor_id,settlement_id,journal_entry_id,item_id,work_order_id",— no header comment in the file —,ok,ok,ok,ok,ok,ok,ok,WIRED,FLAG,,OK (I-HEADER only)
accounting/cost-center-class-variance.service.ts,accounting,.service,207,WIRED,1,0,NO,NO,,0,0,0,NO,NO,0/12,"load_id,driver_id,unit_id,trailer_id,customer_id,vendor_id,settlement_id,invoice_id,journal_entry_id,item_id,bill_id,work_order_id","ACCT-R-15 — Cost-center Class variance (READ-ONLY).
QBO/NetSuite cost dimension = catalogs.classes (Class). No parallel
cost_centers table (would be NEW SPEC + migration). Rolls expense/COGS/
OtherExp",ok,ok,ok,ok,ok,ok,ok,WIRED,ok,,OK
accounting/counterparty-statements.service.ts,accounting,.service,398,WIRED,1,0,NO,NO,,0,0,0,NO,NO,4/12,"load_id,driver_id,unit_id,trailer_id,settlement_id,journal_entry_id,item_id,work_order_id",— no header comment in the file —,ok,ok,ok,ok,ok,ok,ok,WIRED,FLAG,,OK (I-HEADER only)
accounting/customer-activity.service.ts,accounting,.service,266,WIRED,1,0,NO,NO,,0,0,0,NO,NO,3/12,"driver_id,unit_id,trailer_id,vendor_id,settlement_id,journal_entry_id,item_id,bill_id,work_order_id",— no header comment in the file —,ok,ok,ok,ok,ok,ok,ok,WIRED,FLAG,,OK (I-HEADER only)
accounting/date-ranges.service.ts,accounting,.service,61,WIRED,1,0,NO,NO,,0,0,0,NO,NO,0/12,"load_id,driver_id,unit_id,trailer_id,customer_id,vendor_id,settlement_id,invoice_id,journal_entry_id,item_id,bill_id,work_order_id",— no header comment in the file —,ok,ok,ok,ok,ok,ok,ok,WIRED,FLAG,,OK (I-HEADER only)
accounting/driver-subaccount-backfill.service.ts,accounting,.service,183,WIRED,1,1,NO,NO,,0,0,0,NO,NO,1/12,"load_id,unit_id,trailer_id,customer_id,vendor_id,settlement_id,invoice_id,journal_entry_id,item_id,bill_id,work_order_id","DRIVER-SUBACCOUNT-BULK-BACKFILL — for existing drivers, report (dry-run) or create (apply, gated) the per-driver asset + escrow sub-accounts, reusing the EXACT idempotent resolve/skip logic and the EX",ok,ok,ok,ok,ok,ok,ok,WIRED,ok,,OK
accounting/driver-subaccount-provision.service.ts,accounting,.service,758,WIRED,3,5,YES,NO,"catalogs.accounts,accounting.escrow_accounts,driver_finance.driver_advance_accounts",3,0,0,NO,YES,1/12,"load_id,unit_id,trailer_id,customer_id,vendor_id,settlement_id,invoice_id,journal_entry_id,item_id,bill_id,work_order_id","DRIVER-SUBACCOUNT-AUTO-PROVISION: on driver-profile creation, auto-create the per-driver named sub-accounts under the canonical parents in catalogs.accounts.  Both sides: the ASSET sub-account (under ",ok,ok,ok,FLAG,ok,ok,ok,WIRED,ok,,DEFECT: D-ATOMIC: multi-table write without txn boundary
accounting/driver-vendor-link.service.ts,accounting,.service,211,WIRED,6,0,YES,NO,mdata.vendors,1,0,0,NO,NO,1/12,"load_id,unit_id,trailer_id,customer_id,vendor_id,settlement_id,invoice_id,journal_entry_id,item_id,bill_id,work_order_id","CLS-DRIVER-VENDOR-UUID-FALLBACK — the single, canonical driver -> A/P vendor resolution.  FOUND BY: ACCT-F158 (#4691) failing its own db test. Making `resolveBillVendorWriteColumns` fail closed turned",ok,ok,ok,ok,ok,ok,ok,WIRED,ok,,OK
accounting/expense-category-map/resolver.service.ts,accounting,.service,93,WIRED,16,3,NO,NO,,0,0,0,NO,NO,0/12,"load_id,driver_id,unit_id,trailer_id,customer_id,vendor_id,settlement_id,invoice_id,journal_entry_id,item_id,bill_id,work_order_id",— no header comment in the file —,ok,ok,ok,ok,ok,ok,ok,WIRED,FLAG,,OK (I-HEADER only)
accounting/expense-duplicate.service.ts,accounting,.service,197,WIRED,1,0,NO,NO,,0,0,0,NO,NO,1/12,"load_id,driver_id,unit_id,trailer_id,customer_id,vendor_id,settlement_id,invoice_id,item_id,bill_id,work_order_id","ACCT-R-17 — duplicate expense detection (READ-ONLY list + fingerprint helper).
Fingerprint (QBO-like): same operating company + vendor + transaction_date + total_amount_cents.
Does not void/auto-merge",ok,ok,ok,ok,ok,ok,ok,WIRED,ok,,OK
accounting/expense-parse-backfill.service.ts,accounting,.service,260,ORPHAN,0,0,YES,NO,"accounting.expenses,accounting.expense_lines",0,2,0,NO,NO,0/12,"load_id,driver_id,unit_id,trailer_id,customer_id,vendor_id,settlement_id,invoice_id,journal_entry_id,item_id,bill_id,work_order_id","expense-parse-backfill.service.ts — ROUND 11 REG-PARSE-DATA.
Migration 202613830000 added accounting.expenses.merchant_address / source_settlement_ref
(additive, nullable). This is the ONE real servic",ok,ok,ok,FLAG,ok,ok,ok,ORPHAN,ok,,DEFECT: D-ATOMIC: multi-table write without txn boundary; H-ORPHAN
accounting/factor-reconciliation/recon.service.ts,accounting,.service,513,WIRED,1,3,YES,NO,"factor.reconciliation_runs,factor.reconciliation_items",2,0,0,NO,NO,1/12,"load_id,driver_id,unit_id,trailer_id,customer_id,vendor_id,settlement_id,journal_entry_id,item_id,bill_id,work_order_id",— no header comment in the file —,ok,ok,ok,ok,ok,ok,ok,WIRED,FLAG,,OK (I-HEADER only)
accounting/factoring-fees-posting/poster.service.ts,accounting,.service,132,WIRED,1,3,NO,NO,,0,0,0,NO,NO,1/12,"load_id,driver_id,unit_id,trailer_id,vendor_id,settlement_id,invoice_id,journal_entry_id,item_id,bill_id,work_order_id",— no header comment in the file —,ok,ok,ok,ok,ok,ok,ok,WIRED,FLAG,,OK (I-HEADER only)
accounting/factoring-posting/default-interest.service.ts,accounting,.service,369,WIRED,1,1,NO,NO,,0,0,0,YES,NO,1/12,"load_id,driver_id,unit_id,trailer_id,customer_id,vendor_id,settlement_id,invoice_id,item_id,bill_id,work_order_id","FACTORING (Faro) — default-interest accrual engine + day-95 auto-recourse orchestration. FINANCIAL / §1.4 gated behind FACTORING_GL_POSTING_ENABLED (default OFF, TRANSP only). Flag OFF ⇒ every functio",ok,ok,ok,ok,ok,ok,ok,WIRED,ok,,OK
accounting/factoring-posting/poster.service.ts,accounting,.service,3420,WIRED,7,11,YES,NO,"accounting.factoring_reserve_movements,accounting.factoring_default_interest_accruals,accounting.invoices,accounting.factoring_advances",2,2,0,YES,YES,2/12,"load_id,driver_id,unit_id,trailer_id,customer_id,vendor_id,settlement_id,item_id,bill_id,work_order_id","CODER-34 — Factoring GL poster, re-architected from the SALE model to SECURED BORROWING (ASC 860).  The old poster booked FARO's advance as a `customer_payment` (Dr Cash / Cr A/R) and recorded NO liab",ok,ok,ok,ok,ok,ok,ok,WIRED,ok,,OK
accounting/factoring-posting/reserve-tracker.service.ts,accounting,.service,176,WIRED,1,0,NO,NO,,0,0,0,NO,YES,2/12,"load_id,driver_id,unit_id,trailer_id,vendor_id,settlement_id,invoice_id,item_id,bill_id,work_order_id","CONN-2 — Faro Reserve Tracker (read-only reporting layer).  Reads accounting.factoring_reserve_movements + views.factoring_reserve_balances (migration 202607130000, HELD — see db/migrations/.held-migr",ok,ok,ok,ok,ok,ok,ok,WIRED,ok,,OK
accounting/fin20-aging.service.ts,accounting,.service,450,WIRED,1,0,NO,NO,,0,0,0,NO,NO,5/12,"load_id,driver_id,unit_id,trailer_id,settlement_id,item_id,work_order_id","FIN-20 — AR / AP aging (READ-ONLY).  Today (as_of = today): reads the canonical, opco-scoped aging summaries straight from `views.ar_aging` / `views.ap_aging` (both security_invoker=true, RLS-safe; bu",ok,ok,ok,ok,ok,ok,ok,WIRED,ok,,OK
accounting/finance-hub-amortization-posting/loan-payment-posting.service.ts,accounting,.service,455,WIRED,1,1,YES,NO,"finance.loan_amortization_rows,finance.loans,accounting.journal_entries",0,3,0,YES,YES,1/12,"load_id,driver_id,unit_id,trailer_id,customer_id,vendor_id,settlement_id,invoice_id,item_id,bill_id,work_order_id",FH-3 loan-payment GL posting engine (TIER-1 FINANCIAL; flag OFF by default).  The FH-3 amortization engine (apps/backend/src/finance/amortization) persists loans + their principal/interest schedule to,ok,ok,ok,FLAG,ok,ok,ok,WIRED,ok,,DEFECT: D-ATOMIC: multi-table write without txn boundary
accounting/finance-hub.service.ts,accounting,.service,338,WIRED,1,3,NO,NO,,0,0,0,YES,NO,0/12,"load_id,driver_id,unit_id,trailer_id,customer_id,vendor_id,settlement_id,invoice_id,journal_entry_id,item_id,bill_id,work_order_id","AF-6 — Finance Hub landing dashboard (READ-ONLY).  Aggregates a handful of headline KPIs for ONE operating company from EXISTING, already-built read surfaces — nothing here invents schema, posts, or w",ok,ok,ok,ok,ok,ok,ok,WIRED,ok,,OK
accounting/fuel-posting/maybe-post-from-fuel-transaction.service.ts,accounting,.service,405,WIRED,10,1,YES,NO,integrations.relay_fuel_transactions,0,1,0,YES,NO,5/12,"customer_id,settlement_id,invoice_id,journal_entry_id,item_id,bill_id,work_order_id","Production caller for postFuelExpenseFromEvent — invoked AFTER fuel.fuel_transactions lands
(Relay bridge / fleet-card CSV import) and AFTER the ingest transaction commits.
FLAG: EXPENSE_GL_POSTING_EN",ok,ok,ok,ok,ok,FLAG,ok,WIRED,ok,,DEFECT: F-RETRY: scheduled writer without ON CONFLICT/idempotency/WHERE NOT EXISTS
accounting/fuel-posting/poster.service.ts,accounting,.service,613,WIRED,5,4,YES,YES,"accounting.posting_batches,accounting.journal_entries,accounting.journal_entry_postings,accounting.transaction_source_links",4,1,0,NO,YES,4/12,"load_id,customer_id,vendor_id,settlement_id,invoice_id,item_id,bill_id,work_order_id",— no header comment in the file —,ok,ok,ok,ok,ok,ok,ok,WIRED,FLAG,,OK (I-HEADER only)
accounting/fuel-posting/reflush-unposted-fuel-gl.service.ts,accounting,.service,155,WIRED,1,0,NO,NO,,0,0,0,NO,NO,1/12,"load_id,unit_id,trailer_id,customer_id,vendor_id,settlement_id,invoice_id,journal_entry_id,item_id,bill_id,work_order_id","FUEL-01 — idempotent re-flush of canonical fuel.fuel_transactions that lack a
posted accounting.posting_batches row (source_transaction_type = 'fuel_event').
Reuses flushFuelGlPostsAfterCommit / maybe",ok,ok,ok,ok,ok,ok,ok,WIRED,ok,,OK
accounting/insurance-claim-recovery-posting/poster.service.ts,accounting,.service,275,WIRED,1,2,YES,NO,accounting.insurance_claim_recovery_postings,1,0,0,NO,NO,2/12,"load_id,driver_id,unit_id,trailer_id,customer_id,vendor_id,settlement_id,invoice_id,item_id,work_order_id",INS-02 — insurer claim recovery → balanced JE. FINANCIAL-HOLD. INERT until INSURANCE_CLAIM_RECOVERY_GL_POSTING_ENABLED is flipped per entity.  DEFECT: PATCH amount_paid_cents only updates the claim ro,ok,ok,ok,ok,ok,ok,ok,WIRED,ok,,OK
accounting/invoice-date-recompute.service.ts,accounting,.service,133,ORPHAN,0,0,YES,NO,accounting.invoices,0,1,0,YES,NO,1/12,"driver_id,unit_id,trailer_id,customer_id,vendor_id,settlement_id,invoice_id,journal_entry_id,item_id,bill_id,work_order_id","CASH-FLOW-01 (owner order 2026-09-06, ROUND 14) — ""due = invoice_date (delivery/conversion date) + customer terms."" from-load.ts's buildInvoiceFromLoad now stamps issue_date/delivery_date from the rea",ok,ok,ok,ok,ok,FLAG,ok,ORPHAN,ok,,DEFECT: F-RETRY: scheduled writer without ON CONFLICT/idempotency/WHERE NOT EXISTS; H-ORPHAN
accounting/invoice-disputes.service.ts,accounting,.service,427,WIRED,1,1,YES,NO,accounting.invoice_disputes,1,1,0,NO,YES,4/12,"unit_id,trailer_id,vendor_id,settlement_id,journal_entry_id,item_id,bill_id,work_order_id","A/R INVOICE-LEVEL DISPUTE SERVICE (owner ruling 2026-09-12).  When our billed invoice face differs from what the customer/factor states, we keep the invoice at the INVOICED amount and open a dispute f",ok,ok,ok,ok,ok,ok,ok,WIRED,ok,,OK
accounting/invoice-gl.service.ts,accounting,.service,202,WIRED,2,0,NO,NO,,0,0,0,NO,YES,2/12,"driver_id,unit_id,trailer_id,customer_id,vendor_id,settlement_id,journal_entry_id,item_id,bill_id,work_order_id","ACCT-F100 / INVOICE-AR-GL — the gated auto-post entrypoint for an Invoice's internal A/R GL.  THE DEFECT, MEASURED ON PROD (2026-08-03, positive control mdata.vendors=2,828):   accounting.invoices    ",ok,ok,ok,ok,ok,ok,ok,WIRED,ok,,OK
accounting/invoice-send.service.ts,accounting,.service,668,WIRED,3,1,YES,NO,accounting.invoices,0,1,0,NO,NO,4/12,"driver_id,unit_id,trailer_id,vendor_id,journal_entry_id,item_id,bill_id,work_order_id","ACCT-R-24 / ND-INV-01 B2d — shared draft→sent path for manual POST /send and
POD auto-send after proforma convert. No new GL math; reuses existing guards + email queue.",ok,ok,ok,ok,ok,ok,ok,WIRED,ok,,OK
accounting/invoices.service.ts,accounting,.service,141,WIRED,2,0,YES,NO,accounting.invoices,1,0,0,NO,NO,1/12,"load_id,driver_id,unit_id,trailer_id,vendor_id,settlement_id,invoice_id,journal_entry_id,item_id,bill_id,work_order_id","C6-MONEY-JE-EXEMPT: this creates the invoice DOCUMENT (header). The real revenue-recognition JE posts later, once, via accounting/revrec-delivery-posting/poster.service.ts's postLoadRevenueLatch (call",ok,ok,ok,ok,ok,ok,ok,WIRED,ok,,OK
accounting/journal-entries.service.ts,accounting,.service,1258,WIRED,36,5,YES,YES,"accounting.journal_entries,accounting.journal_entry_postings",2,1,0,YES,YES,3/12,"load_id,driver_id,trailer_id,customer_id,vendor_id,settlement_id,invoice_id,item_id,work_order_id",— no header comment in the file —,ok,ok,ok,ok,ok,ok,ok,WIRED,FLAG,,OK (I-HEADER only)
accounting/journal-entry-qbo-push.service.ts,accounting,.service,256,WIRED,1,1,YES,NO,"qbo.sync_alerts,outbox.events,accounting.journal_entries",2,1,0,NO,NO,1/12,"load_id,driver_id,unit_id,trailer_id,customer_id,vendor_id,settlement_id,invoice_id,item_id,bill_id,work_order_id",— no header comment in the file —,ok,ok,ok,ok,ok,ok,FLAG,WIRED,FLAG,,DEFECT: G-SILENT: empty catch
accounting/lease-asc842/lease-posting.service.ts,accounting,.service,960,WIRED,1,1,YES,YES,"accounting.journal_entries,accounting.journal_entry_postings,accounting.fixed_asset_disposals,accounting.lease_schedule_period,accounting.fixed_assets,accounting.lease_contract",3,3,0,YES,NO,1/12,"load_id,driver_id,unit_id,trailer_id,customer_id,vendor_id,settlement_id,invoice_id,item_id,bill_id,work_order_id","FIN-22 — Lease ASC 842 LESSOR GL posting engine (TIER-1 FINANCIAL; BUILD-AND-HOLD, flag OFF).  OWNER-LOCKED (Jorge): DEFAULT election = OPERATING (Option A).   OPERATING (default): Trucking (TRK) KEEP",ok,FLAG,ok,ok,ok,ok,ok,WIRED,ok,,DEFECT: B-ATOMIC: money multi-table write without txn boundary
accounting/lease-asc842/lease.service.ts,accounting,.service,254,WIRED,1,0,YES,NO,"accounting.lease_contract,accounting.lease_classification,accounting.lease_asset_line,accounting.lease_schedule_period",4,2,0,YES,YES,0/12,"load_id,driver_id,unit_id,trailer_id,customer_id,vendor_id,settlement_id,invoice_id,journal_entry_id,item_id,bill_id,work_order_id",FIN-22 — Lease ASC 842 LESSOR subledger SETUP (contract + asset lines + schedule + classification). Data-model writes only — NO GL posting (that lives in lease-posting.service.ts behind the OFF flag).,ok,ok,ok,FLAG,ok,FLAG,ok,WIRED,ok,,DEFECT: D-ATOMIC: multi-table write without txn boundary; F-RETRY: scheduled writer without ON CONFLICT/idempotency/WHERE NOT EXISTS
accounting/load-lookup.service.ts,accounting,.service,108,WIRED,1,1,NO,NO,,0,0,0,YES,NO,4/12,"customer_id,vendor_id,settlement_id,invoice_id,journal_entry_id,item_id,bill_id,work_order_id",— no header comment in the file —,ok,ok,ok,ok,ok,ok,ok,WIRED,FLAG,,OK (I-HEADER only)
accounting/maintenance-posting/poster.service.ts,accounting,.service,477,WIRED,4,5,YES,NO,"accounting.bills,accounting.bill_lines",2,1,0,YES,NO,4/12,"load_id,driver_id,trailer_id,customer_id,settlement_id,invoice_id,journal_entry_id,item_id",— no header comment in the file —,ok,ok,ok,ok,FLAG,FLAG,ok,WIRED,FLAG,"UPDATE accounting.bills: UPDATE accounting.bills SET total_amount = $2, amount_cents = $3, updated_at = now() WHERE id = $1::uuid `, [billId, total, Math.round(total * 100)] )",DEFECT: E-SCOPE: unscoped UPDATE/DELETE (1); F-RETRY: scheduled writer without ON CONFLICT/idempotency/WHERE NOT EXISTS
accounting/maintenance-shop.service.ts,accounting,.service,162,WIRED,1,0,NO,NO,,0,0,0,NO,YES,2/12,"load_id,driver_id,trailer_id,customer_id,vendor_id,settlement_id,invoice_id,journal_entry_id,item_id,bill_id",— no header comment in the file —,ok,ok,ok,ok,ok,ok,ok,WIRED,FLAG,,OK (I-HEADER only)
accounting/month-close.service.ts,accounting,.service,460,WIRED,1,1,YES,NO,accounting.periods,0,1,0,NO,NO,0/12,"load_id,driver_id,unit_id,trailer_id,customer_id,vendor_id,settlement_id,invoice_id,journal_entry_id,item_id,bill_id,work_order_id",— no header comment in the file —,ok,ok,ok,ok,ok,ok,ok,WIRED,FLAG,,OK (I-HEADER only)
accounting/opening-balance-import/opening-balance-import.service.ts,accounting,.service,233,WIRED,3,1,NO,NO,,0,0,0,NO,NO,0/12,"load_id,driver_id,unit_id,trailer_id,customer_id,vendor_id,settlement_id,invoice_id,journal_entry_id,item_id,bill_id,work_order_id","STMT-2 — TRANSP opening-balance importer (BUILD-AND-HOLD, financial cluster, §1.4).  Maps the QBO 12/31/2024 Balance Sheet (transp-2024-12-31-source.ts) to catalogs.accounts (TRANSP, entity-scoped), a",ok,ok,ok,ok,ok,ok,ok,WIRED,ok,,OK
accounting/opening-balance-import/qbo-ob-2026-03-31-live-pull.service.ts,accounting,.service,592,WIRED,2,1,NO,NO,,0,0,0,NO,NO,0/12,"load_id,driver_id,unit_id,trailer_id,customer_id,vendor_id,settlement_id,invoice_id,journal_entry_id,item_id,bill_id,work_order_id","HOLD — QBO live OB preview pull as_of 2026-03-31 (BUILD-AND-HOLD, financial cluster, §1.4).  READ-ONLY: fetches QBO BalanceSheet + TrialBalance for one operating company via the existing qboCompanyCon",ok,ok,ok,ok,ok,ok,ok,WIRED,ok,,OK
accounting/opening-balance-register/opening-balance-register.service.ts,accounting,.service,1510,WIRED,1,2,YES,NO,"accounting.ob_register_audit_events,accounting.ob_register_staging_lines,accounting.ob_source_finality,catalogs.accounts",3,2,0,NO,NO,0/12,"load_id,driver_id,unit_id,trailer_id,customer_id,vendor_id,settlement_id,invoice_id,journal_entry_id,item_id,bill_id,work_order_id","OB-01 — Opening Balance Register: import → stage → owner-adjustable commit.  OWNER RULING 2026-07-29 (docs/fixtures/ob01 companion: ~/Downloads/GIVE-CURSOR/Cursor-OpeningBalances-OB01.md, superseding ",ok,ok,ok,FLAG,FLAG,ok,ok,WIRED,ok,"UPDATE accounting.ob_register_staging_lines: UPDATE accounting.ob_register_staging_lines SET status = 'committed', committed_by_user_id = $1::uuid, committed_at = now(), updated_at = now() WHERE id = $2::u",DEFECT: D-ATOMIC: multi-table write without txn boundary; E-SCOPE: unscoped UPDATE/DELETE (1)
accounting/owned-asset-disposal.service.ts,accounting,.service,299,WIRED,1,0,YES,NO,"accounting.fixed_asset_disposals,accounting.fixed_assets",1,1,0,YES,YES,1/12,"load_id,driver_id,unit_id,trailer_id,customer_id,vendor_id,settlement_id,invoice_id,item_id,bill_id,work_order_id","FLT-05 — owned fixed-asset disposal, BUILD-AND-HOLD. Reuses the established createJournalEntryOnClient spine; no new GL math: Dr accumulated depreciation, Dr cash-like proceeds, Cr asset cost, Dr/Cr g",ok,ok,ok,FLAG,ok,FLAG,ok,WIRED,ok,,DEFECT: D-ATOMIC: multi-table write without txn boundary; F-RETRY: scheduled writer without ON CONFLICT/idempotency/WHERE NOT EXISTS
accounting/owned-unit-fixed-asset-register.service.ts,accounting,.service,535,WIRED,3,0,YES,NO,accounting.fixed_assets,1,0,0,YES,NO,2/12,"load_id,driver_id,trailer_id,customer_id,vendor_id,settlement_id,invoice_id,journal_entry_id,item_id,bill_id","ND-FA-01 — register real owned units onto accounting.fixed_assets (canonical).
Owner locks (OWNER-DECISIONS-FINAL 2026-07-26):
  A4-D4 — build the FULL fixed-asset + auto-depreciation register NOW
  A",ok,ok,ok,ok,ok,FLAG,ok,WIRED,ok,,DEFECT: F-RETRY: scheduled writer without ON CONFLICT/idempotency/WHERE NOT EXISTS
accounting/parts-inventory-posting/poster.service.ts,accounting,.service,352,WIRED,1,1,YES,NO,accounting.parts_purchase_postings,1,0,0,NO,NO,3/12,"load_id,driver_id,unit_id,trailer_id,customer_id,settlement_id,invoice_id,item_id,work_order_id",MNT-ECON-01 — standalone parts purchase → A/P bill + balanced JE. FINANCIAL-HOLD. INERT until PARTS_PURCHASE_GL_POSTING_ENABLED is flipped per entity.  DEFECT: POST /api/v1/maintenance/parts-inventory,ok,ok,ok,ok,ok,ok,ok,WIRED,ok,,OK
accounting/payments/apply.service.ts,accounting,.service,460,WIRED,2,4,YES,NO,"accounting.payment_applications,accounting.credit_memos",2,0,0,NO,NO,2/12,"load_id,driver_id,unit_id,trailer_id,vendor_id,settlement_id,journal_entry_id,item_id,bill_id,work_order_id",— no header comment in the file —,ok,ok,ok,FLAG,ok,ok,ok,WIRED,FLAG,,DEFECT: D-ATOMIC: multi-table write without txn boundary
accounting/payments/bank-invoice-backlink.service.ts,accounting,.service,108,WIRED,2,0,YES,NO,banking.bank_transactions,0,1,0,NO,YES,1/12,"load_id,driver_id,unit_id,trailer_id,customer_id,vendor_id,settlement_id,journal_entry_id,item_id,bill_id,work_order_id","HOP 9 (bank path) — stamp the reverse link from a bank transaction to the invoice its payment settled.
THE GAP THIS CLOSES
`banking.bank_transactions.matched_invoice_id` and `.matched_payment_id` had ",ok,ok,ok,ok,ok,ok,ok,WIRED,ok,,OK
accounting/period-close-retained-earnings.service.ts,accounting,.service,313,WIRED,2,1,YES,YES,"accounting.journal_entries,accounting.journal_entry_postings",2,0,0,NO,YES,1/12,"load_id,driver_id,unit_id,trailer_id,customer_id,vendor_id,settlement_id,invoice_id,item_id,bill_id,work_order_id",— no header comment in the file —,ok,ok,ok,ok,ok,ok,ok,WIRED,FLAG,,OK (I-HEADER only)
accounting/posted-while-tour-open-report.service.ts,accounting,.service,150,WIRED,1,0,NO,NO,,0,0,0,NO,YES,4/12,"driver_id,unit_id,trailer_id,customer_id,vendor_id,invoice_id,item_id,work_order_id","ACC-51 (LAW §2 reversal plan, item (3) — ""the 137 already-posted rows: DO NOT auto-reverse. Produce a report that lists every JE to reverse and stops""). Serves the read-only Accounting → Reports → ""Po",ok,ok,ok,ok,ok,ok,ok,WIRED,ok,,OK
accounting/posting-engine.service.ts,accounting,.service,3390,WIRED,48,19,YES,YES,"accounting.journal_entries,accounting.journal_entry_postings,accounting.transaction_source_links,accounting.posting_batches",4,3,0,NO,YES,5/12,"driver_id,unit_id,trailer_id,customer_id,vendor_id,settlement_id,work_order_id",— no header comment in the file —,ok,ok,ok,ok,ok,ok,ok,WIRED,FLAG,,OK (I-HEADER only)
accounting/profit-loss.service.ts,accounting,.service,160,WIRED,9,0,NO,NO,,0,0,0,NO,YES,0/12,"load_id,driver_id,unit_id,trailer_id,customer_id,vendor_id,settlement_id,invoice_id,journal_entry_id,item_id,bill_id,work_order_id",— no header comment in the file —,ok,ok,ok,ok,ok,ok,ok,WIRED,FLAG,,OK (I-HEADER only)
accounting/proforma-convert.service.ts,accounting,.service,48,WIRED,1,0,YES,NO,accounting.invoices,0,1,0,NO,NO,0/12,"load_id,driver_id,unit_id,trailer_id,customer_id,vendor_id,settlement_id,invoice_id,journal_entry_id,item_id,bill_id,work_order_id","ND-INV-01 — convert a non-posting proforma invoice to an official draft ready for send/A/R/factoring.
Does NOT post GL (reuses existing send/post path). Fail loud if not proforma.",ok,ok,ok,ok,ok,ok,ok,WIRED,ok,,OK
accounting/proof-trail.service.ts,accounting,.service,81,WIRED,1,1,NO,NO,,0,0,0,NO,NO,1/12,"load_id,driver_id,unit_id,trailer_id,customer_id,vendor_id,settlement_id,invoice_id,item_id,bill_id,work_order_id",— no header comment in the file —,ok,ok,ok,ok,ok,ok,ok,WIRED,FLAG,,OK (I-HEADER only)
accounting/property-tax-posting/poster.service.ts,accounting,.service,304,TEST-ONLY,0,2,YES,NO,accounting.property_tax_accruals,1,1,0,NO,NO,1/12,"load_id,driver_id,unit_id,trailer_id,customer_id,vendor_id,settlement_id,invoice_id,item_id,bill_id,work_order_id","Business-Property Allocation — property-tax ACCRUAL + PAYMENT GL poster. §1.4 financial cluster, BUILD-AND-HOLD, INERT until PROPERTY_TAX_GL_POSTING_ENABLED is flipped per entity. Design doc: docs/acc",ok,ok,ok,ok,ok,ok,ok,TEST-ONLY,ok,,OK (TEST-ONLY)
accounting/pse-mirror.service.ts,accounting,.service,285,WIRED,2,0,YES,NO,"accounting.coa_account,accounting.ps_category,accounting.ps_item",3,0,0,NO,NO,0/12,"load_id,driver_id,unit_id,trailer_id,customer_id,vendor_id,settlement_id,invoice_id,journal_entry_id,item_id,bill_id,work_order_id",— no header comment in the file —,ok,ok,ok,FLAG,ok,ok,ok,WIRED,FLAG,,DEFECT: D-ATOMIC: multi-table write without txn boundary
accounting/reclassify/reclassify.service.ts,accounting,.service,608,WIRED,1,1,YES,NO,"accounting.reclassify_batch_lines,accounting.reclassify_batches,audit.audit_events,accounting.expenses,accounting.expense_lines,accounting.bill_lines,accounting.invoice_lines",3,6,0,NO,YES,2/12,"load_id,driver_id,unit_id,trailer_id,customer_id,vendor_id,settlement_id,item_id,bill_id,work_order_id","RECLASSIFY TRANSACTIONS ENGINE (Lead, 2026-10-01) — owner QBO spec §24 (""very important to build,
follow for the batch transactions""). QBO Tools → Reclassify: filter GL lines → select many → change
ac",ok,ok,ok,FLAG,FLAG,ok,ok,WIRED,ok,"UPDATE accounting.reclassify_batches: UPDATE accounting.reclassify_batches SET lines_applied = $2, lines_refused = $3, amount_cents_moved = $4 WHERE id = $1::uuid`, [batchId, result.lines_applied, r || UPDATE accounting.reclassify_batch_lines: UPDATE accounting.reclassify_batch_lines SET undo_journal_entry_id = $2::uuid WHERE batch_id = $1::uuid AND reclass_journal_entry_id = $3::uuid`, [input.batch_i",DEFECT: D-ATOMIC: multi-table write without txn boundary; E-SCOPE: unscoped UPDATE/DELETE (8)
accounting/recon/recon-cron.service.ts,accounting,.service,310,WIRED,2,1,NO,NO,,0,0,0,YES,NO,0/12,"load_id,driver_id,unit_id,trailer_id,customer_id,vendor_id,settlement_id,invoice_id,journal_entry_id,item_id,bill_id,work_order_id","RECON-01 — cron tick orchestration. Two scheduled passes (AM bank-count 06:00 CT, PM categorization-diff 19:00 CT) iterate the entities whose TMS_QBO_RECON_ENABLED flag is ON and run the corresponding",ok,ok,ok,ok,ok,ok,ok,WIRED,ok,,OK
accounting/recon/recon-engine.service.ts,accounting,.service,261,WIRED,2,1,YES,NO,"accounting.recon_runs,accounting.recon_exceptions",2,2,0,YES,NO,0/12,"load_id,driver_id,unit_id,trailer_id,customer_id,vendor_id,settlement_id,invoice_id,journal_entry_id,item_id,bill_id,work_order_id",RECON-01 — QBO↔TMS reconciliation engine (read-only; NEVER auto-fixes). Two passes per the locked spec (docs/specs/TMS-QBO-RECONCILIATION.md §2–§5) and Jorge's 2026-07-02 rules:   • AM bank-count pass,ok,ok,ok,FLAG,FLAG,FLAG,ok,WIRED,ok,"UPDATE accounting.recon_runs: UPDATE accounting.recon_runs SET status='complete', finished_at=now(), totals=$2::jsonb, updated_at=now() WHERE id=$1::uuid`, [runId, JSON.stringify(totals)], )",DEFECT: D-ATOMIC: multi-table write without txn boundary; E-SCOPE: unscoped UPDATE/DELETE (1); F-RETRY: scheduled writer without ON CONFLICT/idempotency/WHERE NOT EXISTS
accounting/recurring.worker.ts,accounting,.worker,580,WIRED,1,1,YES,YES,"accounting.invoices,accounting.invoice_lines,accounting.bills,accounting.journal_entries,accounting.journal_entry_postings,accounting.expenses,accounting.recurring_templates",6,1,0,YES,NO,4/12,"driver_id,unit_id,trailer_id,settlement_id,journal_entry_id,item_id,bill_id,work_order_id",— no header comment in the file —,ok,ok,ok,ok,ok,ok,ok,WIRED,FLAG,,OK (I-HEADER only)
accounting/reinstate-document.service.ts,accounting,.service,853,WIRED,6,1,YES,NO,"accounting.bills,accounting.payment_applications,accounting.credit_memos,accounting.journal_entries",0,4,0,NO,YES,2/12,"load_id,driver_id,unit_id,trailer_id,customer_id,vendor_id,settlement_id,invoice_id,item_id,work_order_id","reinstateDocument() — ROUND 191 (owner order: universal unvoid / reinstate engine).
Counterpart to voidDocument(). A void path with no reopen traps the book and blocks period
close. This is NOT a new ",ok,ok,ok,FLAG,FLAG,ok,ok,WIRED,ok,"UPDATE accounting.payment_applications: UPDATE accounting.payment_applications SET unapplied_at = NULL, unapplied_by_user_id = NULL WHERE payment_id = $1::uuid AND unapplied_at IS NOT NULL AND unappli",DEFECT: D-ATOMIC: multi-table write without txn boundary; E-SCOPE: unscoped UPDATE/DELETE (1)
accounting/related-party-loan-posting/interest-accrual.service.ts,accounting,.service,202,WIRED,1,1,NO,NO,,0,0,0,YES,NO,0/12,"load_id,driver_id,unit_id,trailer_id,customer_id,vendor_id,settlement_id,invoice_id,journal_entry_id,item_id,bill_id,work_order_id","LOAN-07 — related-party loan interest accrual.
WHAT ACCRUES, PER DIRECTION:
  direction 'out' (we lent money) — interest is INCOME we have earned but not received:
      DR 1260 Interest Receivable   ",ok,ok,ok,ok,ok,ok,ok,WIRED,ok,,OK
accounting/related-party-loan-posting/poster.service.ts,accounting,.service,134,WIRED,1,1,NO,NO,,0,0,0,NO,NO,1/12,"load_id,driver_id,unit_id,trailer_id,customer_id,vendor_id,settlement_id,invoice_id,item_id,bill_id,work_order_id","LOAN-02 — related-party loan posting. Reuses the shared poster; writes NO new GL math.
DIRECTIONS AND WHAT MOVES:
  direction 'in'  — someone (owner/spouse/friend/employee) funds a company obligation.",ok,ok,ok,ok,ok,ok,ok,WIRED,ok,,OK
accounting/related-party-loan-posting/schedule.service.ts,accounting,.service,128,WIRED,1,1,NO,NO,,0,0,0,YES,NO,0/12,"load_id,driver_id,unit_id,trailer_id,customer_id,vendor_id,settlement_id,invoice_id,journal_entry_id,item_id,bill_id,work_order_id","LOAN-04 — amortization schedule generation for a related-party loan.
WRITES NO NEW AMORTIZATION MATH. It calls buildAmortizationSchedule() from
finance/loan-wizard/loan-math.ts — the existing, tested ",ok,ok,ok,ok,ok,ok,ok,WIRED,ok,,OK
accounting/revenue-leakage.service.ts,accounting,.service,192,WIRED,1,0,NO,NO,,0,0,0,NO,NO,3/12,"driver_id,unit_id,trailer_id,vendor_id,settlement_id,invoice_id,item_id,bill_id,work_order_id","ACCT-R-16 — ASC 606 revenue leakage / unbilled tracking (READ-ONLY).
Surfaces delivered (or later) loads missing the earn latch, earn-without-bill
gaps, and a cents rollup of unbilled (earn posted, bi",ok,ok,ok,ok,ok,ok,ok,WIRED,ok,,OK
accounting/revrec-delivery-posting/poster.service.ts,accounting,.service,854,WIRED,11,4,YES,NO,"accounting.load_revenue_recognition_postings,accounting.journal_entry_postings",1,2,0,NO,YES,3/12,"driver_id,unit_id,trailer_id,customer_id,vendor_id,settlement_id,item_id,bill_id,work_order_id","DISP-01 — two-event delivery revenue latch (ASC 606 earn-first).
§1.4 financial cluster · BUILD-AND-HOLD · INERT until REVENUE_RECOGNITION_POST_ENABLED is ON per entity.
Event 1 (earn) at delivered / ",ok,ok,ok,ok,FLAG,ok,ok,WIRED,ok,"UPDATE accounting.journal_entry_postings: UPDATE accounting.journal_entry_postings SET source_transaction_type = 'invoice', source_transaction_id = $2 WHERE journal_entry_uuid = $1::uuid AND line_sequen || UPDATE accounting.journal_entry_postings: UPDATE accounting.journal_entry_postings SET source_transaction_type = 'load', source_transaction_id = $2 WHERE journal_entry_uuid = $1::uuid AND source_transac",DEFECT: E-SCOPE: unscoped UPDATE/DELETE (2)
accounting/role-home/accounting-home.service.ts,accounting,.service,201,WIRED,1,1,NO,NO,,0,0,0,NO,NO,0/12,"load_id,driver_id,unit_id,trailer_id,customer_id,vendor_id,settlement_id,invoice_id,journal_entry_id,item_id,bill_id,work_order_id",— no header comment in the file —,ok,ok,ok,ok,ok,ok,ok,WIRED,FLAG,,OK (I-HEADER only)
accounting/role-home/pending-approvals-gl.service.ts,accounting,.service,794,WIRED,2,1,NO,NO,,0,0,0,NO,YES,1/12,"load_id,driver_id,unit_id,trailer_id,customer_id,vendor_id,settlement_id,invoice_id,item_id,bill_id,work_order_id","0280-15 — Pending journal approvals ↔ GL linkage (read-only).
FORENSIC (migrations, no Neon guess):
  - `accounting.journal_entries` (0092) status CHECK is only ('posted','voided').
    No approval_st",ok,ok,ok,ok,ok,ok,ok,WIRED,ok,,OK
accounting/safety-fine-posting/poster.service.ts,accounting,.service,318,WIRED,1,1,YES,NO,accounting.civil_fine_postings,1,0,0,NO,NO,1/12,"load_id,driver_id,unit_id,trailer_id,customer_id,vendor_id,settlement_id,invoice_id,item_id,bill_id,work_order_id","SAFETY FINE-GL HOP — the COMPANY-PAID civil-fine expense leg. §1.4 financial cluster, BUILD-AND-HOLD, INERT until SAFETY_FINE_GL_POSTING_ENABLED is flipped per entity.  THE DEFECT THIS CLOSES safety.c",ok,ok,ok,ok,ok,ok,ok,WIRED,ok,,OK
accounting/settlement-posting/bucket-ledger.service.ts,accounting,.service,236,WIRED,4,0,YES,NO,"driver_finance.driver_deduction_buckets,driver_finance.driver_deduction_bucket_events",2,1,0,NO,YES,2/12,"load_id,unit_id,trailer_id,customer_id,vendor_id,invoice_id,journal_entry_id,item_id,bill_id,work_order_id","FIN-18 — BUCKETED deduction ledger operations (charge / application / reversal) + read. A SEPARATE running balance per (operating_company_id, driver_id, bucket_type), with an append-only history row p",ok,ok,ok,FLAG,FLAG,ok,ok,WIRED,ok,"UPDATE driver_finance.driver_deduction_buckets: UPDATE driver_finance.driver_deduction_buckets SET charged_to_date_cents = charged_to_date_cents + $2, remaining_balance_cents = remaining_balance_cents + $2, s || UPDATE driver_finance.driver_deduction_buckets: UPDATE driver_finance.driver_deduction_buckets SET deducted_to_date_cents = deducted_to_date_cents + $2, remaining_balance_cents = GREATEST(remaining_balance_ce",DEFECT: D-ATOMIC: multi-table write without txn boundary; E-SCOPE: unscoped UPDATE/DELETE (2)
accounting/settlement-posting/recover-from-driver.service.ts,accounting,.service,157,WIRED,1,0,YES,NO,driver_finance.driver_settlement_deductions,1,0,0,NO,NO,1/12,"load_id,unit_id,trailer_id,customer_id,vendor_id,settlement_id,invoice_id,journal_entry_id,item_id,bill_id,work_order_id","C6-MONEY-JE-EXEMPT: the driver_settlement_deductions row inserted here is status='pending' — ""owner decides per-settlement how much to draw"" (see below) — not an independent cash movement. The settlem",ok,ok,ok,ok,ok,ok,ok,WIRED,ok,,OK
accounting/settlement-posting/settlement-bill-payment-posting.service.ts,accounting,.service,1255,WIRED,4,2,YES,NO,"driver_finance.driver_settlement_gl_runs,accounting.bill_lines,driver_finance.driver_settlement_gl_bills,accounting.bill_payments,driver_finance.driver_bills,driver_finance.driver_settlements",3,4,0,NO,YES,5/12,"unit_id,trailer_id,customer_id,vendor_id,invoice_id,item_id,work_order_id",— no header comment in the file —,ok,ok,ok,FLAG,FLAG,ok,ok,WIRED,FLAG,"UPDATE driver_finance.driver_settlement_gl_runs: UPDATE driver_finance.driver_settlement_gl_runs SET deduction_journal_entry_id = $2::uuid, updated_at = now() WHERE id = $1::uuid`, [runId, deductionJournalEntr || UPDATE driver_finance.driver_settlement_gl_runs: UPDATE driver_finance.driver_settlement_gl_runs SET gross_cents = $2, deductions_cents = $3, net_cents = $4, status = 'posted', updated_at = now() WHERE id = $1",DEFECT: D-ATOMIC: multi-table write without txn boundary; E-SCOPE: unscoped UPDATE/DELETE (6)
accounting/settlement-posting/settlement-posting.service.ts,accounting,.service,655,WIRED,1,1,YES,YES,"accounting.journal_entries,accounting.journal_entry_postings,driver_finance.driver_settlement_deductions",2,2,0,YES,YES,3/12,"load_id,unit_id,trailer_id,customer_id,vendor_id,invoice_id,item_id,bill_id,work_order_id","FIN-18 — Settlement + deduction GL posting engine (TIER-1 FINANCIAL; BUILD-AND-HOLD, flag OFF).  ⚠ DEPRECATED / SUPERSEDED: the canonical settlement posting is payrun-close + Bill + BillPayment (settl",ok,FLAG,ok,ok,ok,ok,ok,WIRED,ok,,DEFECT: B-ATOMIC: money multi-table write without txn boundary
accounting/statement-export-pdf.service.ts,accounting,.service,40,WIRED,2,0,NO,NO,,0,0,0,NO,NO,0/12,"load_id,driver_id,unit_id,trailer_id,customer_id,vendor_id,settlement_id,invoice_id,journal_entry_id,item_id,bill_id,work_order_id",— no header comment in the file —,ok,ok,ok,ok,ok,ok,ok,WIRED,FLAG,,OK (I-HEADER only)
accounting/statement-export-xlsx.service.ts,accounting,.service,12,WIRED,2,1,NO,NO,,0,0,0,NO,NO,0/12,"load_id,driver_id,unit_id,trailer_id,customer_id,vendor_id,settlement_id,invoice_id,journal_entry_id,item_id,bill_id,work_order_id",— no header comment in the file —,ok,ok,ok,ok,ok,ok,ok,WIRED,FLAG,,OK (I-HEADER only)
accounting/statement-export.service.ts,accounting,.service,650,WIRED,1,1,NO,NO,,0,0,0,NO,NO,2/12,"load_id,driver_id,unit_id,trailer_id,settlement_id,invoice_id,journal_entry_id,item_id,bill_id,work_order_id",— no header comment in the file —,ok,ok,ok,ok,ok,ok,ok,WIRED,FLAG,,OK (I-HEADER only)
accounting/subledger-gl-control-rec.service.ts,accounting,.service,404,WIRED,2,3,NO,NO,,0,0,0,YES,NO,0/12,"load_id,driver_id,unit_id,trailer_id,customer_id,vendor_id,settlement_id,invoice_id,journal_entry_id,item_id,bill_id,work_order_id","ACCT-DOM-02 — READ-ONLY standing sub-ledger ↔ GL control-account reconciliation.
Compares operational subledger totals (AR aging, AP aging, escrow accounts, factoring liability
artifacts) to each enti",ok,ok,ok,ok,ok,ok,ok,WIRED,ok,,OK
accounting/tour-close-posting.service.ts,accounting,.service,267,WIRED,3,0,YES,NO,"accounting.expenses,accounting.bills",0,2,0,NO,NO,3/12,"driver_id,unit_id,trailer_id,customer_id,vendor_id,settlement_id,invoice_id,item_id,work_order_id","ACC-50 — ""Open tour posts nothing"" (LAW §2, ROUND 5). Half 2 of the ticket: when a tour closes (its settlement leaves the open statuses), every expense/bill that was held for one of the tour's loads p",ok,ok,ok,FLAG,ok,ok,ok,WIRED,ok,,DEFECT: D-ATOMIC: multi-table write without txn boundary
accounting/tour-open-gate.service.ts,accounting,.service,186,WIRED,3,1,NO,NO,,0,0,0,NO,NO,3/12,"driver_id,unit_id,trailer_id,customer_id,vendor_id,invoice_id,journal_entry_id,item_id,work_order_id","ACC-50 — ""Open tour posts nothing"" (LAW §2, ROUND 5, owner order). A cost on an open tour accrues; it does not post. The GL entry is written when the tour (the driver's settlement for that load) close",ok,ok,ok,ok,ok,ok,ok,WIRED,ok,,OK
accounting/trial-balance.service.ts,accounting,.service,105,WIRED,4,1,NO,NO,,0,0,0,NO,YES,0/12,"load_id,driver_id,unit_id,trailer_id,customer_id,vendor_id,settlement_id,invoice_id,journal_entry_id,item_id,bill_id,work_order_id",— no header comment in the file —,ok,ok,ok,ok,ok,ok,ok,WIRED,FLAG,,OK (I-HEADER only)
accounting/void-document-stamp.service.ts,accounting,.service,629,WIRED,5,2,YES,NO,,0,0,0,NO,YES,1/12,"load_id,driver_id,unit_id,trailer_id,customer_id,vendor_id,settlement_id,invoice_id,item_id,bill_id,work_order_id","R-102.1-A BUILD 2 — stampDocumentVoided(): the ONE writer of the void-stamp columns
(voided_at, void_reason, voided_by_user_id) across the seven document families named in the
owner's standing ruling ",ok,ok,ok,ok,ok,ok,ok,WIRED,ok,,OK
accounting/void-document.service.ts,accounting,.service,259,WIRED,3,1,YES,NO,,0,0,0,NO,YES,1/12,"load_id,driver_id,unit_id,trailer_id,customer_id,vendor_id,settlement_id,invoice_id,item_id,bill_id,work_order_id","voidDocument() — ROUND 31.2/32.2 (Lead ruling; LEAD CORRECTION 2026-09-22, standing rule §8:
""before any seat builds a thing, it greps for that thing... A PR creating a second... reversal
engine fails",ok,ok,ok,ok,ok,ok,ok,WIRED,ok,,OK
accounting/void-tree.service.ts,accounting,.service,220,WIRED,1,0,NO,NO,,0,0,0,NO,YES,2/12,"driver_id,unit_id,trailer_id,customer_id,vendor_id,invoice_id,journal_entry_id,item_id,bill_id,work_order_id",— no header comment in the file —,ok,ok,ok,ok,ok,ok,ok,WIRED,FLAG,,OK (I-HEADER only)
accounting/void.service.ts,accounting,.service,994,WIRED,22,4,YES,YES,"banking.reconciliation_matches,accounting.journal_entries,accounting.journal_entry_postings,banking.bank_transactions",3,3,0,NO,YES,0/12,"load_id,driver_id,unit_id,trailer_id,customer_id,vendor_id,settlement_id,invoice_id,journal_entry_id,item_id,bill_id,work_order_id",— no header comment in the file —,ok,FLAG,FLAG,ok,ok,ok,ok,WIRED,FLAG,"UPDATE banking.bank_transactions: UPDATE banking.bank_transactions SET status = 'pending_categorization', review_state = 'for_review', matched_journal_entry_id = NULL, matched_load_id = NULL, ma",DEFECT: B-ATOMIC: money multi-table write without txn boundary; C-SCOPE: unscoped money UPDATE/DELETE (1)
accounting/warranty-posting/poster.service.ts,accounting,.service,202,WIRED,1,1,YES,NO,accounting.warranty_reimburse_postings,1,0,0,NO,NO,1/12,"load_id,driver_id,unit_id,trailer_id,customer_id,vendor_id,settlement_id,invoice_id,item_id,bill_id,work_order_id",MNT-ECON-04 — warranty reimbursement → balanced JE. FINANCIAL-HOLD. INERT until WARRANTY_REIMBURSE_GL_POSTING_ENABLED is flipped per entity.  DEFECT: POST /warranty/claims/:id/reimburse only stamps st,ok,ok,ok,ok,ok,ok,ok,WIRED,ok,,OK
admin/admin-jobs.service.ts,admin,.service,550,WIRED,6,1,YES,NO,"_system.admin_jobs,audit.row_changes,identity.users,qbo_archive.import_batches,mdata.vendors",2,4,0,YES,NO,0/12,"load_id,driver_id,unit_id,trailer_id,customer_id,vendor_id,settlement_id,invoice_id,journal_entry_id,item_id,bill_id,work_order_id",— no header comment in the file —,ok,ok,ok,ok,FLAG,ok,ok,WIRED,FLAG,"UPDATE _system.admin_jobs: UPDATE _system.admin_jobs SET status = 'completed', result = $2::jsonb, completed_at = now(), updated_at = now(), next_attempt_at = now() WHERE id = $1::uuid `, || UPDATE _system.admin_jobs: UPDATE _system.admin_jobs SET status = 'failed', last_error_message = $2, next_attempt_at = COALESCE($3::timestamptz, next_attempt_at), completed_at = CASE WHEN",DEFECT: E-SCOPE: unscoped UPDATE/DELETE (4)
admin/health-deep.service.ts,admin,.service,277,WIRED,1,1,NO,NO,,0,0,0,NO,NO,0/12,"load_id,driver_id,unit_id,trailer_id,customer_id,vendor_id,settlement_id,invoice_id,journal_entry_id,item_id,bill_id,work_order_id",— no header comment in the file —,ok,ok,ok,ok,ok,ok,ok,WIRED,FLAG,,OK (I-HEADER only)
admin/launch-readiness.service.ts,admin,.service,497,WIRED,1,0,NO,NO,,0,0,0,YES,NO,0/12,"load_id,driver_id,unit_id,trailer_id,customer_id,vendor_id,settlement_id,invoice_id,journal_entry_id,item_id,bill_id,work_order_id",— no header comment in the file —,ok,ok,ok,ok,ok,ok,ok,WIRED,FLAG,,OK (I-HEADER only)
audit/audit-chain-verify.cron.service.ts,audit,.service,161,WIRED,2,0,YES,NO,,0,0,0,YES,NO,0/12,"load_id,driver_id,unit_id,trailer_id,customer_id,vendor_id,settlement_id,invoice_id,journal_entry_id,item_id,bill_id,work_order_id","G10-C1 — audit hash-chain verify cron (tick orchestration).  WHY: the tamper-evident verifier verifyEventChain() was built (B19-V2, spec §4/§5) but nothing invoked it — no cron, route, or script. ops.",ok,ok,ok,ok,ok,FLAG,ok,WIRED,ok,,DEFECT: F-RETRY: scheduled writer without ON CONFLICT/idempotency/WHERE NOT EXISTS
audit/audit-chain-verify.service.ts,audit,.service,83,WIRED,1,1,YES,NO,ops.audit_chain_verifications,1,0,0,NO,NO,0/12,"load_id,driver_id,unit_id,trailer_id,customer_id,vendor_id,settlement_id,invoice_id,journal_entry_id,item_id,bill_id,work_order_id",— no header comment in the file —,ok,ok,ok,ok,ok,ok,ok,WIRED,FLAG,,OK (I-HEADER only)
audit/audit.service.ts,audit,.service,133,WIRED,1,1,NO,NO,,0,0,0,NO,NO,0/12,"load_id,driver_id,unit_id,trailer_id,customer_id,vendor_id,settlement_id,invoice_id,journal_entry_id,item_id,bill_id,work_order_id",— no header comment in the file —,ok,ok,ok,ok,ok,ok,ok,WIRED,FLAG,,OK (I-HEADER only)
audit/driver-events.service.ts,audit,.service,169,WIRED,1,0,NO,NO,,0,0,0,NO,YES,1/12,"load_id,unit_id,trailer_id,customer_id,vendor_id,settlement_id,invoice_id,journal_entry_id,item_id,bill_id,work_order_id",— no header comment in the file —,ok,ok,ok,ok,ok,ok,ok,WIRED,FLAG,,OK (I-HEADER only)
banking/bank-driver-advance.service.ts,banking,.service,313,WIRED,1,2,YES,NO,driver_finance.driver_advances,0,1,0,YES,NO,3/12,"unit_id,trailer_id,customer_id,vendor_id,settlement_id,invoice_id,item_id,bill_id,work_order_id","[HOLD-FOR-JORGE — TIER 1] BLOCK-6 — Driver loan/advance posting from bank categorize.  CORE ACCOUNTING RULE (do not deviate): the Driver is a DIMENSION/TAG. The ACCOUNT chosen decides the treatment, N",ok,ok,ok,ok,ok,ok,ok,WIRED,ok,,OK
banking/bank-driver-expense-deduction.service.ts,banking,.service,254,WIRED,1,2,YES,NO,banking.bank_transactions,0,1,0,NO,YES,2/12,"unit_id,trailer_id,customer_id,vendor_id,settlement_id,invoice_id,journal_entry_id,item_id,bill_id,work_order_id",[HOLD-FOR-JORGE — TIER 1] BLOCK-6b — Driver AUTO-DEDUCTION from a bank-categorized expense.  THE CASE (distinct from BLOCK-6 bank-driver-advance): the company PAID an expense that BELONGS to a driver ,ok,ok,ok,ok,ok,ok,ok,WIRED,ok,,OK
banking/bank-feed-gl-posting.service.ts,banking,.service,403,WIRED,3,2,YES,NO,banking.bank_transactions,0,1,0,NO,YES,1/12,"load_id,driver_id,unit_id,trailer_id,customer_id,vendor_id,settlement_id,invoice_id,item_id,bill_id,work_order_id",BLOCK-03 / CHAIN-05 — Bank-feed categorization → GL posting (GAP-CLOSURE).  LIVE-ARMED FOR USMCA (confirmed lib.feature_flag_overrides 2026-09-03: BANK_FEED_GL_POSTING_ENABLED enabled=true for operati,ok,ok,ok,ok,ok,ok,ok,WIRED,ok,,OK
banking/bank-ledger-repoint-remediation.service.ts,banking,.service,296,WIRED,1,0,NO,NO,,0,0,0,NO,YES,0/12,"load_id,driver_id,unit_id,trailer_id,customer_id,vendor_id,settlement_id,invoice_id,journal_entry_id,item_id,bill_id,work_order_id","Remediation for bank transactions posted through a WRONG bank-leg bridge.
THE SITUATION THIS EXISTS FOR (measured on prod 2026-08-04)
`banking.bank_accounts.ledger_account_id` is the cash/liability le",ok,ok,ok,ok,ok,ok,ok,WIRED,ok,,OK
banking/bank-orphan-backfill.service.ts,banking,.service,139,WIRED,2,0,NO,NO,,0,0,0,NO,YES,0/12,"load_id,driver_id,unit_id,trailer_id,customer_id,vendor_id,settlement_id,invoice_id,journal_entry_id,item_id,bill_id,work_order_id","BANK-ORPHAN-01 BACKFILL — one-time sweep for bank_transactions rows that were left status='categorized' against a document that has SINCE been voided, from BEFORE void.service.ts's postVoidReversal gr",ok,ok,ok,ok,ok,ok,ok,WIRED,ok,,OK
banking/bank-tieout.cron.ts,banking,.cron,25,WIRED,1,0,NO,NO,,0,0,0,YES,NO,0/12,"load_id,driver_id,unit_id,trailer_id,customer_id,vendor_id,settlement_id,invoice_id,journal_entry_id,item_id,bill_id,work_order_id",— no header comment in the file —,ok,ok,ok,ok,ok,ok,ok,WIRED,FLAG,,OK (I-HEADER only)
banking/bank-tieout.service.ts,banking,.service,239,WIRED,2,0,YES,NO,banking.bank_account_tieouts,1,0,0,YES,YES,1/12,"load_id,driver_id,unit_id,trailer_id,customer_id,vendor_id,settlement_id,invoice_id,item_id,bill_id,work_order_id","ROUND 313 CC-1 #2 — BANK-TIEOUT-01. Every live bank account's feed balance must equal the GL balance of its
ledger_account_id, or the difference must be explained line by line.
  feed balance  banking",ok,ok,ok,ok,ok,ok,ok,WIRED,ok,,OK
banking/bank-transaction-splits.service.ts,banking,.service,1147,WIRED,1,2,YES,NO,"banking.bank_transaction_splits,accounting.bills,accounting.bill_lines,accounting.bill_payments,banking.bank_transactions",4,2,0,YES,YES,9/12,"settlement_id,invoice_id,work_order_id","[HOLD-FOR-JORGE — TIER 1] BANK-SPLIT-1 — QBO-style Split-transaction persistence + linkage + posting.  Extends the existing single-line categorize workflow (categorization.routes.ts, BLOCK-6/6b) with ",ok,ok,ok,FLAG,ok,ok,ok,WIRED,ok,,DEFECT: D-ATOMIC: multi-table write without txn boundary
banking/banking-kpi.service.ts,banking,.service,191,WIRED,1,0,NO,NO,,0,0,0,NO,NO,5/12,"driver_id,unit_id,trailer_id,customer_id,vendor_id,item_id,work_order_id","ROUND 326.2 item 2 — BANKING KPI ENGINE. Every KPI is computed server-side from the bank feed (banking.bank_transactions), the GL (journal_entry_postings on each bank account's ledger_account_id) or t",ok,ok,ok,ok,ok,ok,ok,WIRED,ok,,OK
banking/banking-rules.engine.ts,banking,.engine,278,WIRED,4,1,YES,NO,"banking.bank_transactions,accounting.banking_rules",0,2,0,NO,NO,1/12,"load_id,driver_id,unit_id,trailer_id,customer_id,settlement_id,invoice_id,journal_entry_id,item_id,bill_id,work_order_id",— no header comment in the file —,ok,ok,ok,FLAG,FLAG,ok,ok,WIRED,FLAG,"UPDATE banking.bank_transactions: UPDATE banking.bank_transactions SET suggested_vendor_id = $2::uuid, suggested_confidence = 'low', suggested_source = $3, suggested_at = now(), updated_at = now || UPDATE banking.bank_transactions: UPDATE banking.bank_transactions SET suggested_vendor_id = $2, suggested_account_id = $3::uuid, suggested_confidence = 'high', suggested_source = $4, suggested_",DEFECT: D-ATOMIC: multi-table write without txn boundary; E-SCOPE: unscoped UPDATE/DELETE (3)
banking/drift-alerts.service.ts,banking,.service,334,WIRED,3,1,YES,NO,banking.reconciliation_drift_alerts,1,1,0,YES,NO,0/12,"load_id,driver_id,unit_id,trailer_id,customer_id,vendor_id,settlement_id,invoice_id,journal_entry_id,item_id,bill_id,work_order_id","GO-20 slice A (docs/lockdown/GO-20-EIGHT-FEATURES.txt) — banking.reconciliation_drift_alerts.  ""A detector that runs after every reconciliation finalize and once nightly... It opens an alert if none i",ok,ok,ok,ok,FLAG,FLAG,ok,WIRED,ok,"UPDATE banking.reconciliation_drift_alerts: UPDATE banking.reconciliation_drift_alerts SET bank_balance_cents = $1, book_balance_cents = $2, drift_cents = $3, reconciliation_session_id = COALESCE($4::uuid || UPDATE banking.reconciliation_drift_alerts: UPDATE banking.reconciliation_drift_alerts SET resolved_at = now(), resolved_by_user_id = NULL, resolution_note = 'Auto-closed: condition cleared (drift back wi",DEFECT: E-SCOPE: unscoped UPDATE/DELETE (3); F-RETRY: scheduled writer without ON CONFLICT/idempotency/WHERE NOT EXISTS
banking/integrity/account-company-audit.service.ts,banking,.service,139,WIRED,1,1,YES,NO,banking.bank_accounts,0,1,0,NO,NO,0/12,"load_id,driver_id,unit_id,trailer_id,customer_id,vendor_id,settlement_id,invoice_id,journal_entry_id,item_id,bill_id,work_order_id","GAP-53 — Bank account multi-company drift audit.
Audit-first pattern: detect OCI mismatches, manual reassignment via Owner flow.",ok,ok,ok,ok,ok,ok,ok,WIRED,ok,,OK
banking/recon-adjustments.service.ts,banking,.service,302,WIRED,1,0,YES,NO,"accounting.expenses,accounting.expense_lines",2,1,0,NO,NO,2/12,"load_id,driver_id,unit_id,trailer_id,customer_id,vendor_id,settlement_id,invoice_id,bill_id,work_order_id","BANK-ECON-04 / Lead ruling 2026-10-01 17:20Z —
Recon Finish adjustments:
  - Service charge = EXPENSE document (vendor = bank, category = fee account,
    paid-from = bank GL) through the expense post",ok,ok,ok,FLAG,ok,ok,ok,WIRED,ok,,DEFECT: D-ATOMIC: multi-table write without txn boundary
banking/recon.service.ts,banking,.service,61,WIRED,1,1,NO,NO,,0,0,0,NO,NO,0/12,"load_id,driver_id,unit_id,trailer_id,customer_id,vendor_id,settlement_id,invoice_id,journal_entry_id,item_id,bill_id,work_order_id",— no header comment in the file —,ok,ok,ok,ok,ok,ok,ok,WIRED,FLAG,,OK (I-HEADER only)
banking/transfers.service.ts,banking,.service,1070,WIRED,3,2,YES,NO,"banking.transfers,banking.intercompany_transfer_groups,banking.bank_accounts,banking.bank_transactions,banking.intercompany_entity_pairs",2,4,0,NO,YES,0/12,"load_id,driver_id,unit_id,trailer_id,customer_id,vendor_id,settlement_id,invoice_id,journal_entry_id,item_id,bill_id,work_order_id",— no header comment in the file —,ok,ok,ok,ok,ok,ok,ok,WIRED,FLAG,,OK (I-HEADER only)
bills/bill-line-account-resolution.service.ts,bills,.service,54,WIRED,1,1,NO,NO,,0,0,0,NO,NO,0/12,"load_id,driver_id,unit_id,trailer_id,customer_id,vendor_id,settlement_id,invoice_id,journal_entry_id,item_id,bill_id,work_order_id",— no header comment in the file —,ok,ok,ok,ok,ok,ok,ok,WIRED,FLAG,,OK (I-HEADER only)
border-crossing/cbp-wait-times-refresh.job.ts,border-crossing,.job,52,WIRED,1,0,NO,NO,,0,0,0,YES,NO,0/12,"load_id,driver_id,unit_id,trailer_id,customer_id,vendor_id,settlement_id,invoice_id,journal_entry_id,item_id,bill_id,work_order_id",— no header comment in the file —,ok,ok,ok,ok,ok,ok,ok,WIRED,FLAG,,OK (I-HEADER only)
border-crossing/cbp-wait-times.service.ts,border-crossing,.service,153,WIRED,2,0,YES,NO,reference.cbp_wait_times_cache,1,0,0,YES,NO,0/12,"load_id,driver_id,unit_id,trailer_id,customer_id,vendor_id,settlement_id,invoice_id,journal_entry_id,item_id,bill_id,work_order_id",— no header comment in the file —,ok,ok,ok,ok,ok,FLAG,ok,WIRED,FLAG,,DEFECT: F-RETRY: scheduled writer without ON CONFLICT/idempotency/WHERE NOT EXISTS
border-crossing/emanifest-pdf-renderer.service.ts,border-crossing,.service,93,WIRED,1,0,NO,NO,,0,0,0,NO,NO,0/12,"load_id,driver_id,unit_id,trailer_id,customer_id,vendor_id,settlement_id,invoice_id,journal_entry_id,item_id,bill_id,work_order_id",— no header comment in the file —,ok,ok,ok,ok,ok,ok,ok,WIRED,FLAG,,OK (I-HEADER only)
cash-advances/driver-hub-requests.service.ts,cash-advances,.service,291,WIRED,1,1,YES,NO,"driver_finance.cash_advance_request_audit,driver_finance.cash_advance_requests",1,1,0,YES,NO,2/12,"unit_id,trailer_id,customer_id,vendor_id,settlement_id,invoice_id,journal_entry_id,item_id,bill_id,work_order_id",— no header comment in the file —,ok,ok,ok,ok,ok,FLAG,ok,WIRED,FLAG,,DEFECT: F-RETRY: scheduled writer without ON CONFLICT/idempotency/WHERE NOT EXISTS
cash-flow/cash-flow.service.ts,cash-flow,.service,1956,WIRED,4,2,YES,NO,"accounting.cash_flow_row_adjustments,accounting.cash_flow_adjustments",2,1,0,YES,YES,6/12,"unit_id,trailer_id,invoice_id,journal_entry_id,item_id,work_order_id","cash-flow.service.ts
Reads via existing mdata + accounting + banking DB tables.
NO new financial code — reads only.
Income basis = GROSS rate-confirmation (locked decision §2).
Driver pay accrual = DE",ok,ok,ok,FLAG,ok,FLAG,FLAG,WIRED,ok,,DEFECT: D-ATOMIC: multi-table write without txn boundary; F-RETRY: scheduled writer without ON CONFLICT/idempotency/WHERE NOT EXISTS; G-SILENT: empty catch
catalogs/account-merge.service.ts,catalogs,.service,361,WIRED,1,1,YES,NO,"catalogs.account_merge_records,catalogs.accounts",1,1,0,NO,NO,0/12,"load_id,driver_id,unit_id,trailer_id,customer_id,vendor_id,settlement_id,invoice_id,journal_entry_id,item_id,bill_id,work_order_id",— no header comment in the file —,ok,ok,ok,FLAG,FLAG,ok,ok,WIRED,FLAG,"UPDATE catalogs.accounts: UPDATE catalogs.accounts SET deactivated_at = COALESCE(deactivated_at, now()), is_postable = false, updated_by_user_id = $2 WHERE id = $1 RETURNING deactivated_",DEFECT: D-ATOMIC: multi-table write without txn boundary; E-SCOPE: unscoped UPDATE/DELETE (1)
chat/chat.service.ts,chat,.service,388,WIRED,3,1,YES,NO,"chat.participants,chat.threads,chat.messages,chat.message_receipts,chat.attachments",5,2,0,NO,NO,2/12,"unit_id,trailer_id,customer_id,vendor_id,settlement_id,invoice_id,journal_entry_id,item_id,bill_id,work_order_id",CHAT-2 — per-load dispatch chat service. Runs INSIDE a withCompanyScope/withCurrentUser transaction (SET LOCAL ROLE ih35_app + app.current_user_id + app.operating_company_id already set → two-layer RL,ok,ok,ok,ok,FLAG,ok,ok,WIRED,ok,"UPDATE chat.threads: UPDATE chat.threads SET last_seq = $2, updated_at = now() WHERE id = $1`, [input.thread_id, nextSeq]) || UPDATE chat.messages: UPDATE chat.messages SET event_log_id = $2 WHERE id = $1`, [messageId, ev.rows[0].log_event])",DEFECT: E-SCOPE: unscoped UPDATE/DELETE (2)
compliance/compliance-aggregate.service.ts,compliance,.service,269,WIRED,3,0,NO,NO,,0,0,0,NO,NO,2/12,"load_id,trailer_id,customer_id,vendor_id,settlement_id,invoice_id,journal_entry_id,item_id,bill_id,work_order_id",— no header comment in the file —,ok,ok,ok,ok,ok,ok,ok,WIRED,FLAG,,OK (I-HEADER only)
compliance/compliance-reminder.job.ts,compliance,.job,146,WIRED,1,0,YES,NO,compliance.notification_log,1,0,0,YES,NO,0/12,"load_id,driver_id,unit_id,trailer_id,customer_id,vendor_id,settlement_id,invoice_id,journal_entry_id,item_id,bill_id,work_order_id",— no header comment in the file —,ok,ok,ok,ok,ok,FLAG,ok,WIRED,FLAG,,DEFECT: F-RETRY: scheduled writer without ON CONFLICT/idempotency/WHERE NOT EXISTS
compliance/filings-aggregate.service.ts,compliance,.service,385,WIRED,1,1,NO,NO,,0,0,0,NO,NO,1/12,"load_id,unit_id,trailer_id,customer_id,vendor_id,settlement_id,invoice_id,journal_entry_id,item_id,bill_id,work_order_id","Compliance & Filings aggregator — read-only cross-module ""view all pending"" rollup.  OWNER DECISION (2026-07-05, memory `compliance-taxes-permits-module-org`): each regulatory program (IFTA, Form 2290",ok,ok,ok,ok,ok,ok,ok,WIRED,ok,,OK
compliance/missing-required.service.ts,compliance,.service,178,WIRED,1,1,NO,NO,,0,0,0,NO,NO,2/12,"load_id,trailer_id,customer_id,vendor_id,settlement_id,invoice_id,journal_entry_id,item_id,bill_id,work_order_id",— no header comment in the file —,ok,ok,ok,ok,ok,ok,ok,WIRED,FLAG,,OK (I-HEADER only)
compliance/property-tax/property-tax-pdf-renderer.service.ts,compliance,.service,136,WIRED,1,1,NO,NO,,0,0,0,NO,NO,0/12,"load_id,driver_id,unit_id,trailer_id,customer_id,vendor_id,settlement_id,invoice_id,journal_entry_id,item_id,bill_id,work_order_id",— no header comment in the file —,ok,ok,ok,ok,ok,ok,ok,WIRED,FLAG,,OK (I-HEADER only)
compliance/property-tax/property-tax.service.ts,compliance,.service,386,WIRED,2,1,YES,NO,"compliance.appraisal_districts,compliance.property_tax_renditions,compliance.property_tax_rendition_lines",3,1,0,NO,NO,1/12,"load_id,driver_id,trailer_id,customer_id,vendor_id,settlement_id,invoice_id,journal_entry_id,item_id,bill_id,work_order_id",Business-Property Allocation — TX business personal-property tax RENDITION service (filing side). Source of record for the rendition workflow (draft → filed → appealed → settled). Reads/writes the com,ok,ok,ok,FLAG,ok,ok,ok,WIRED,ok,,DEFECT: D-ATOMIC: multi-table write without txn boundary
cron/audit-chain-verify.cron.ts,cron,.cron,44,WIRED,1,0,NO,NO,,0,0,0,YES,NO,0/12,"load_id,driver_id,unit_id,trailer_id,customer_id,vendor_id,settlement_id,invoice_id,journal_entry_id,item_id,bill_id,work_order_id",— no header comment in the file —,ok,ok,ok,ok,ok,ok,ok,WIRED,FLAG,,OK (I-HEADER only)
cron/bank-drift-alerts.cron.ts,cron,.cron,67,WIRED,1,0,NO,NO,,0,0,0,YES,NO,0/12,"load_id,driver_id,unit_id,trailer_id,customer_id,vendor_id,settlement_id,invoice_id,journal_entry_id,item_id,bill_id,work_order_id","GO-20 slice A (docs/lockdown/GO-20-EIGHT-FEATURES.txt) — ""A detector that runs after every reconciliation finalize [see apps/backend/src/banking/p7-wave2.routes.ts's finalize route] and once nightly.""",ok,ok,ok,ok,ok,ok,ok,WIRED,ok,,OK
cron/cash-flow-projection-snapshot.cron.ts,cron,.cron,114,WIRED,1,0,YES,NO,forecast.cash_flow_projection_snapshots,1,0,0,YES,NO,0/12,"load_id,driver_id,unit_id,trailer_id,customer_id,vendor_id,settlement_id,invoice_id,journal_entry_id,item_id,bill_id,work_order_id",— no header comment in the file —,ok,ok,ok,ok,ok,ok,ok,WIRED,FLAG,,OK (I-HEADER only)
cron/cash-flow-rolling-ledger-notify.cron.ts,cron,.cron,130,WIRED,1,0,NO,NO,,0,0,0,YES,NO,0/12,"load_id,driver_id,unit_id,trailer_id,customer_id,vendor_id,settlement_id,invoice_id,journal_entry_id,item_id,bill_id,work_order_id",— no header comment in the file —,ok,ok,ok,ok,ok,ok,ok,WIRED,FLAG,,OK (I-HEADER only)
cron/chat-confirmation-escalation.cron.ts,cron,.cron,211,WIRED,2,0,NO,NO,,0,0,0,YES,NO,2/12,"unit_id,trailer_id,customer_id,vendor_id,settlement_id,invoice_id,journal_entry_id,item_id,bill_id,work_order_id",NOTIF-A (A3) — escalation-until-ack for per-load dispatch confirmations. Finds confirmation_request messages that are stale AND have NO confirmation_ack (a read receipt is NOT an ack — carried for log,ok,ok,ok,ok,ok,ok,ok,WIRED,ok,,OK
cron/collections-sync.cron.ts,cron,.cron,77,WIRED,1,2,NO,NO,,0,0,0,YES,NO,0/12,"load_id,driver_id,unit_id,trailer_id,customer_id,vendor_id,settlement_id,invoice_id,journal_entry_id,item_id,bill_id,work_order_id",— no header comment in the file —,ok,ok,ok,ok,ok,ok,ok,WIRED,FLAG,,OK (I-HEADER only)
cron/daily-task-alerts.cron.ts,cron,.cron,169,WIRED,1,0,YES,NO,"ops.daily_task_alerts,email.email_queue",2,0,0,YES,NO,0/12,"load_id,driver_id,unit_id,trailer_id,customer_id,vendor_id,settlement_id,invoice_id,journal_entry_id,item_id,bill_id,work_order_id",— no header comment in the file —,ok,ok,ok,ok,ok,ok,ok,WIRED,FLAG,,OK (I-HEADER only)
cron/depreciation-autopost.cron.ts,cron,.cron,215,WIRED,4,0,YES,NO,accounting.depreciation_autopost_runs,1,0,0,YES,NO,0/12,"load_id,driver_id,unit_id,trailer_id,customer_id,vendor_id,settlement_id,invoice_id,journal_entry_id,item_id,bill_id,work_order_id",— no header comment in the file —,ok,ok,ok,ok,ok,FLAG,ok,WIRED,FLAG,,DEFECT: F-RETRY: scheduled writer without ON CONFLICT/idempotency/WHERE NOT EXISTS
cron/draft-crew-status-selfheal.cron.ts,cron,.cron,158,WIRED,1,0,YES,NO,mdata.loads,0,1,0,YES,NO,1/12,"driver_id,unit_id,trailer_id,customer_id,vendor_id,settlement_id,invoice_id,journal_entry_id,item_id,bill_id,work_order_id",— no header comment in the file —,ok,ok,ok,ok,ok,FLAG,ok,WIRED,FLAG,,DEFECT: F-RETRY: scheduled writer without ON CONFLICT/idempotency/WHERE NOT EXISTS
cron/driver-leave-advance-reminder.cron.ts,cron,.cron,187,WIRED,1,1,YES,NO,safety.driver_leave_audit_log,1,0,0,YES,NO,1/12,"load_id,unit_id,trailer_id,customer_id,vendor_id,settlement_id,invoice_id,journal_entry_id,item_id,bill_id,work_order_id",P8C-K — Driver Scheduler advance-reminder cron (GAP 1a). Notifies the driver (web push) + the scheduler office reviewers (in-app notification) 14 / 7 / 3 days before an APPROVED leave start. Fires ONC,ok,ok,ok,ok,ok,ok,ok,WIRED,ok,,OK
cron/driver-leave-balance-rollover.cron.ts,cron,.cron,127,WIRED,1,1,YES,NO,"catalogs.driver_leave_balances,safety.driver_leave_audit_log",2,0,0,YES,NO,1/12,"load_id,unit_id,trailer_id,customer_id,vendor_id,settlement_id,invoice_id,journal_entry_id,item_id,bill_id,work_order_id","P8C-K — Driver Scheduler Jan-1 balance rollover cron (GAP 1b). At year start, seeds each enrolled driver's new plan-year row in catalogs.driver_leave_balances per the company's catalogs.leave_policies",ok,ok,ok,ok,ok,ok,ok,WIRED,ok,,OK
cron/driver-leave-pending-escalation.cron.ts,cron,.cron,145,WIRED,1,1,YES,NO,safety.driver_leave_audit_log,1,0,0,YES,NO,1/12,"load_id,unit_id,trailer_id,customer_id,vendor_id,settlement_id,invoice_id,journal_entry_id,item_id,bill_id,work_order_id",P8C-K — Driver Scheduler pending-request escalation cron (GAP 1c). Escalates leave requests still in `pending_review` more than 5 days after creation by notifying the escalation target (scheduler offi,ok,ok,ok,ok,ok,ok,ok,WIRED,ok,,OK
cron/error-digest.cron.ts,cron,.cron,46,WIRED,1,0,NO,NO,,0,0,0,YES,NO,0/12,"load_id,driver_id,unit_id,trailer_id,customer_id,vendor_id,settlement_id,invoice_id,journal_entry_id,item_id,bill_id,work_order_id",— no header comment in the file —,ok,ok,ok,ok,ok,ok,ok,WIRED,FLAG,,OK (I-HEADER only)
cron/event-spine-heartbeat.cron.ts,cron,.cron,208,ORPHAN,0,0,NO,NO,,0,0,0,YES,NO,0/12,"load_id,driver_id,unit_id,trailer_id,customer_id,vendor_id,settlement_id,invoice_id,journal_entry_id,item_id,bill_id,work_order_id","BLOCK-RELIABILITY-05 — Event-Spine Heartbeat (SKELETON / pre-draft) Tier-3, non-financial: READ-ONLY monitor + alarm. Posts no money, flips no flag, repairs no event.  WHY: build-time guards (verify-e",ok,ok,ok,ok,ok,ok,FLAG,ORPHAN,ok,,DEFECT: G-SILENT: empty catch; H-ORPHAN
cron/evidence-presence-reconcile.cron.ts,cron,.cron,400,WIRED,2,1,NO,NO,,0,0,0,YES,NO,0/12,"load_id,driver_id,unit_id,trailer_id,customer_id,vendor_id,settlement_id,invoice_id,journal_entry_id,item_id,bill_id,work_order_id","@cron-tenant-agnostic: global reliability monitor — deliberately scans EVERY company's evidence rows via withLuciaBypass (RLS-bypass, read-only) and never sets/scopes a single app.operating_company_id",ok,ok,ok,ok,ok,ok,ok,WIRED,ok,,OK
cron/factoring-default-interest-accrual.cron.ts,cron,.cron,91,WIRED,1,1,NO,NO,,0,0,0,YES,NO,0/12,"load_id,driver_id,unit_id,trailer_id,customer_id,vendor_id,settlement_id,invoice_id,journal_entry_id,item_id,bill_id,work_order_id",— no header comment in the file —,ok,ok,ok,ok,ok,ok,ok,WIRED,FLAG,,OK (I-HEADER only)
cron/fuel-gps-match.cron.ts,cron,.cron,15,WIRED,1,0,NO,NO,,0,0,0,YES,NO,0/12,"load_id,driver_id,unit_id,trailer_id,customer_id,vendor_id,settlement_id,invoice_id,journal_entry_id,item_id,bill_id,work_order_id",— no header comment in the file —,ok,ok,ok,ok,ok,ok,ok,WIRED,FLAG,,OK (I-HEADER only)
cron/geofence-auto-delivery.cron.ts,cron,.cron,53,WIRED,1,0,NO,NO,,0,0,0,YES,NO,0/12,"load_id,driver_id,unit_id,trailer_id,customer_id,vendor_id,settlement_id,invoice_id,journal_entry_id,item_id,bill_id,work_order_id","ROUND 315 — auto-status, geofence-evidence path (dispatch/geofence-auto-delivery.service.ts).
Every 15 min America/Chicago (offset :11/:26/:41/:56, after the stop writer's :07 tick). One transaction P",ok,ok,ok,ok,ok,ok,ok,WIRED,ok,,OK
cron/geofence-breach-detector.cron.ts,cron,.cron,359,WIRED,1,1,YES,NO,"safety.geofence_breach_events,outbox.events",2,0,0,YES,NO,2/12,"load_id,driver_id,trailer_id,vendor_id,settlement_id,invoice_id,journal_entry_id,item_id,bill_id,work_order_id",— no header comment in the file —,ok,ok,ok,ok,ok,ok,ok,WIRED,FLAG,,OK (I-HEADER only)
cron/geofence-odometer-captures.cron.ts,cron,.cron,30,WIRED,1,0,NO,NO,,0,0,0,YES,NO,0/12,"load_id,driver_id,unit_id,trailer_id,customer_id,vendor_id,settlement_id,invoice_id,journal_entry_id,item_id,bill_id,work_order_id",— no header comment in the file —,ok,ok,ok,ok,ok,ok,ok,WIRED,FLAG,,OK (I-HEADER only)
cron/insurance-monthly-report.cron.ts,cron,.cron,273,WIRED,1,0,NO,NO,,0,0,0,YES,NO,1/12,"load_id,driver_id,trailer_id,customer_id,vendor_id,settlement_id,invoice_id,journal_entry_id,item_id,bill_id,work_order_id",— no header comment in the file —,ok,ok,ok,ok,ok,ok,ok,WIRED,FLAG,,OK (I-HEADER only)
cron/ledger-integrity.cron.ts,cron,.cron,48,WIRED,1,0,NO,NO,,0,0,0,YES,NO,0/12,"load_id,driver_id,unit_id,trailer_id,customer_id,vendor_id,settlement_id,invoice_id,journal_entry_id,item_id,bill_id,work_order_id",— no header comment in the file —,ok,ok,ok,ok,ok,ok,ok,WIRED,FLAG,,OK (I-HEADER only)
cron/load-stop-geofence-sync.cron.ts,cron,.cron,38,WIRED,1,0,NO,NO,,0,0,0,YES,NO,0/12,"load_id,driver_id,unit_id,trailer_id,customer_id,vendor_id,settlement_id,invoice_id,journal_entry_id,item_id,bill_id,work_order_id","E-25 (Lead, 2026-10-01) — load-stop geofence sync + retro arrival stamping, scheduled.
Every 15 min America/Chicago (RULES R-01), USMCA only, offset from the position poll and the
E-03 stop capture so",ok,ok,ok,ok,ok,ok,ok,WIRED,ok,,OK
cron/loves-card-import.cron.ts,cron,.cron,40,WIRED,1,0,NO,NO,,0,0,0,YES,NO,0/12,"load_id,driver_id,unit_id,trailer_id,customer_id,vendor_id,settlement_id,invoice_id,journal_entry_id,item_id,bill_id,work_order_id",— no header comment in the file —,ok,ok,ok,ok,ok,ok,ok,WIRED,FLAG,,OK (I-HEADER only)
cron/model-lifecycle-monitor.cron.ts,cron,.cron,93,WIRED,2,1,YES,NO,,0,0,0,YES,NO,0/12,"load_id,driver_id,unit_id,trailer_id,customer_id,vendor_id,settlement_id,invoice_id,journal_entry_id,item_id,bill_id,work_order_id","RATECON-3 — AI model-lifecycle monitor.  A hardcoded Anthropic model was retired with 60 days' notice, but nothing watched for it, so the retirement landed as a silent multi-feature outage. This daily",ok,ok,ok,ok,ok,FLAG,ok,WIRED,ok,,DEFECT: F-RETRY: scheduled writer without ON CONFLICT/idempotency/WHERE NOT EXISTS
cron/qbo-cdc-poll.cron.ts,cron,.cron,51,WIRED,1,0,NO,NO,,0,0,0,YES,NO,0/12,"load_id,driver_id,unit_id,trailer_id,customer_id,vendor_id,settlement_id,invoice_id,journal_entry_id,item_id,bill_id,work_order_id",— no header comment in the file —,ok,ok,ok,ok,ok,ok,ok,WIRED,FLAG,,OK (I-HEADER only)
cron/qbo-inbound-sync.cron.ts,cron,.cron,38,WIRED,1,0,NO,NO,,0,0,0,YES,NO,0/12,"load_id,driver_id,unit_id,trailer_id,customer_id,vendor_id,settlement_id,invoice_id,journal_entry_id,item_id,bill_id,work_order_id",— no header comment in the file —,ok,ok,ok,ok,ok,ok,ok,WIRED,FLAG,,OK (I-HEADER only)
cron/qbo-remote-count-collector.cron.ts,cron,.cron,89,WIRED,1,0,NO,NO,,0,0,0,YES,NO,0/12,"load_id,driver_id,unit_id,trailer_id,customer_id,vendor_id,settlement_id,invoice_id,journal_entry_id,item_id,bill_id,work_order_id",— no header comment in the file —,ok,ok,ok,ok,ok,ok,ok,WIRED,FLAG,,OK (I-HEADER only)
cron/real-driven-miles-segments.cron.ts,cron,.cron,30,WIRED,1,0,NO,NO,,0,0,0,YES,NO,0/12,"load_id,driver_id,unit_id,trailer_id,customer_id,vendor_id,settlement_id,invoice_id,journal_entry_id,item_id,bill_id,work_order_id",— no header comment in the file —,ok,ok,ok,ok,ok,ok,ok,WIRED,FLAG,,OK (I-HEADER only)
cron/recon.cron.ts,cron,.cron,60,WIRED,1,0,NO,NO,,0,0,0,YES,NO,0/12,"load_id,driver_id,unit_id,trailer_id,customer_id,vendor_id,settlement_id,invoice_id,journal_entry_id,item_id,bill_id,work_order_id",— no header comment in the file —,ok,ok,ok,ok,ok,ok,ok,WIRED,FLAG,,OK (I-HEADER only)
cron/reconciliation-worker.cron.ts,cron,.cron,177,WIRED,2,1,NO,NO,,0,0,0,YES,NO,0/12,"load_id,driver_id,unit_id,trailer_id,customer_id,vendor_id,settlement_id,invoice_id,journal_entry_id,item_id,bill_id,work_order_id",— no header comment in the file —,ok,ok,ok,ok,ok,ok,ok,WIRED,FLAG,,OK (I-HEADER only)
cron/recurring-templates.cron.ts,cron,.cron,22,WIRED,1,0,NO,NO,,0,0,0,YES,NO,0/12,"load_id,driver_id,unit_id,trailer_id,customer_id,vendor_id,settlement_id,invoice_id,journal_entry_id,item_id,bill_id,work_order_id",— no header comment in the file —,ok,ok,ok,ok,ok,ok,ok,WIRED,FLAG,,OK (I-HEADER only)
cron/reefer-hours-poll.cron.ts,cron,.cron,141,WIRED,1,1,NO,NO,,0,0,0,YES,NO,0/12,"load_id,driver_id,unit_id,trailer_id,customer_id,vendor_id,settlement_id,invoice_id,journal_entry_id,item_id,bill_id,work_order_id",— no header comment in the file —,ok,ok,ok,ok,ok,ok,ok,WIRED,FLAG,,OK (I-HEADER only)
cron/retry-held-expense-postings.cron.ts,cron,.cron,72,WIRED,1,0,NO,NO,,0,0,0,YES,NO,0/12,"load_id,driver_id,unit_id,trailer_id,customer_id,vendor_id,settlement_id,invoice_id,journal_entry_id,item_id,bill_id,work_order_id","ROUND 260 Part H — permanent fix for the silent ""held expense, blank hold reason, no retry path"" gap. See tour-close-posting.service.ts's retryHeldExpensePostings for the full root cause: a create-tim",ok,ok,ok,ok,ok,ok,ok,WIRED,ok,,OK
cron/samsara-documents.cron.ts,cron,.cron,51,WIRED,1,0,NO,NO,,0,0,0,YES,NO,0/12,"load_id,driver_id,unit_id,trailer_id,customer_id,vendor_id,settlement_id,invoice_id,journal_entry_id,item_id,bill_id,work_order_id","ROUND 313 E-32 — hourly: Samsara driver documents (Proof of Delivery photos) of the last 7 days into docs.files,
linked to load / stop / unit / driver (integrations/samsara/documents/samsara-documents",ok,ok,ok,ok,ok,ok,ok,WIRED,ok,,OK
cron/samsara-driver-replies.cron.ts,cron,.cron,43,WIRED,1,0,NO,NO,,0,0,0,YES,NO,0/12,"load_id,driver_id,unit_id,trailer_id,customer_id,vendor_id,settlement_id,invoice_id,journal_entry_id,item_id,bill_id,work_order_id","ROUND 313 E-30 — inbound half of driver messaging: every 5 min, read the last 48 h of Samsara messages and post
each driver reply into the ONE chat system (driver-message-inbound.service.ts). Idempote",ok,ok,ok,ok,ok,ok,ok,WIRED,ok,,OK
cron/samsara-fuel-reports.cron.ts,cron,.cron,51,WIRED,1,0,NO,NO,,0,0,0,YES,NO,0/12,"load_id,driver_id,unit_id,trailer_id,customer_id,vendor_id,settlement_id,invoice_id,journal_entry_id,item_id,bill_id,work_order_id","ROUND 313 E-23 — keep Samsara Fuel & Energy daily (integrations.samsara_fuel_reports). 05:20 America/Chicago:
yesterday + today (Samsara settles a day late). First run on an empty table catches up 30 ",ok,ok,ok,ok,ok,ok,ok,WIRED,ok,,OK
cron/samsara-hos-pull.cron.ts,cron,.cron,159,WIRED,1,0,YES,NO,integrations.integration_sync_log,1,0,0,YES,NO,0/12,"load_id,driver_id,unit_id,trailer_id,customer_id,vendor_id,settlement_id,invoice_id,journal_entry_id,item_id,bill_id,work_order_id",— no header comment in the file —,ok,ok,ok,ok,ok,FLAG,ok,WIRED,FLAG,,DEFECT: F-RETRY: scheduled writer without ON CONFLICT/idempotency/WHERE NOT EXISTS
cron/samsara-master-sync.cron.ts,cron,.cron,159,WIRED,1,0,NO,NO,,0,0,0,YES,NO,0/12,"load_id,driver_id,unit_id,trailer_id,customer_id,vendor_id,settlement_id,invoice_id,journal_entry_id,item_id,bill_id,work_order_id",— no header comment in the file —,ok,ok,ok,ok,ok,ok,ok,WIRED,FLAG,,OK (I-HEADER only)
cron/samsara-remote-count-collector.cron.ts,cron,.cron,157,WIRED,2,1,NO,NO,,0,0,0,YES,NO,0/12,"load_id,driver_id,unit_id,trailer_id,customer_id,vendor_id,settlement_id,invoice_id,journal_entry_id,item_id,bill_id,work_order_id",— no header comment in the file —,ok,ok,ok,ok,ok,ok,ok,WIRED,FLAG,,OK (I-HEADER only)
cron/samsara-webhook-projection.cron.ts,cron,.cron,63,WIRED,2,1,NO,NO,,0,0,0,YES,NO,0/12,"load_id,driver_id,unit_id,trailer_id,customer_id,vendor_id,settlement_id,invoice_id,journal_entry_id,item_id,bill_id,work_order_id",— no header comment in the file —,ok,ok,ok,ok,ok,ok,ok,WIRED,FLAG,,OK (I-HEADER only)
cron/telematics-preservation.cron.ts,cron,.cron,27,WIRED,1,0,NO,NO,,0,0,0,YES,NO,0/12,"load_id,driver_id,unit_id,trailer_id,customer_id,vendor_id,settlement_id,invoice_id,journal_entry_id,item_id,bill_id,work_order_id","CC-3 queue item 11 — daily copy of every newly observed telematics / geocode fact into the append-only `preserve`
ledger (telematics/preservation.service.ts). Runs for every company in one statement p",ok,ok,ok,ok,ok,ok,ok,WIRED,ok,,OK
cron/unit-stop-events.cron.ts,cron,.cron,52,WIRED,1,0,NO,NO,,0,0,0,YES,NO,1/12,"load_id,driver_id,trailer_id,customer_id,vendor_id,settlement_id,invoice_id,journal_entry_id,item_id,bill_id,work_order_id","ROUND 306 E-03 — stop-odometer capture, scheduled.
Every 15 min America/Chicago (RULES R-01), USMCA, after the position poll has had time to land.
Idempotent: the writer upserts on (unit_id, started_a",ok,ok,ok,ok,ok,ok,ok,WIRED,ok,,OK
customers/relationship-score/scorer.service.ts,customers,.service,459,WIRED,2,2,YES,NO,master_data.customer_relationship_scores,1,0,0,YES,NO,2/12,"driver_id,unit_id,trailer_id,vendor_id,settlement_id,invoice_id,journal_entry_id,item_id,bill_id,work_order_id",— no header comment in the file —,ok,ok,ok,ok,ok,ok,ok,WIRED,FLAG,,OK (I-HEADER only)
daily-tasks/daily-tasks.service.ts,daily-tasks,.service,508,WIRED,1,0,YES,NO,"ops.daily_task_alerts,email.email_queue,ops.daily_task_events,ops.daily_tasks",4,1,0,NO,NO,0/12,"load_id,driver_id,unit_id,trailer_id,customer_id,vendor_id,settlement_id,invoice_id,journal_entry_id,item_id,bill_id,work_order_id",— no header comment in the file —,ok,ok,ok,FLAG,FLAG,ok,ok,WIRED,FLAG,"UPDATE ops.daily_tasks: UPDATE ops.daily_tasks SET status = 'accepted', accepted_at = now(), updated_at = now() WHERE id = $1::uuid RETURNING * `, [args.taskId] ) || UPDATE ops.daily_tasks: UPDATE ops.daily_tasks SET status = 'completed', completed_at = now(), updated_at = now() WHERE id = $1::uuid RETURNING * `, [args.taskId] )",DEFECT: D-ATOMIC: multi-table write without txn boundary; E-SCOPE: unscoped UPDATE/DELETE (4)
data-infra/data-infra.service.ts,data-infra,.service,869,WIRED,2,1,YES,NO,"mdata.driver_vendor_merges,factor.faro_daily_imports,factor.faro_invoice_lines,banking.equipment_loans,banking.equipment_loan_attributions,banking.equipment_loan_payments,mdata.drivers",6,3,0,YES,YES,3/12,"unit_id,trailer_id,customer_id,settlement_id,invoice_id,journal_entry_id,item_id,bill_id,work_order_id",— no header comment in the file —,ok,ok,ok,FLAG,FLAG,ok,ok,WIRED,FLAG,"UPDATE mdata.drivers: UPDATE mdata.drivers SET qbo_vendor_id = $2, qbo_vendor_linked_at = now(), qbo_vendor_linked_by_user_id = $3, updated_at = now() WHERE id = $1 `, [input.driverI || UPDATE factor.faro_invoice_lines: UPDATE factor.faro_invoice_lines SET superseded_at = COALESCE(superseded_at, now()), superseded_reason = COALESCE(superseded_reason, 'faro_daily_reimport'), upd",DEFECT: D-ATOMIC: multi-table write without txn boundary; E-SCOPE: unscoped UPDATE/DELETE (3)
dispatch/analytics/booking-gap.service.ts,dispatch,.service,162,WIRED,2,0,NO,NO,,0,0,0,NO,NO,2/12,"driver_id,trailer_id,customer_id,vendor_id,settlement_id,invoice_id,journal_entry_id,item_id,bill_id,work_order_id","GAP-29 — Booking-gap time per dispatcher analytics.
Measures time between load delivery and next unit assignment for each dispatcher.
Filter: gaps > 24h excluded (weekends/downtime per spec).
Real sch",ok,ok,ok,ok,ok,ok,ok,WIRED,ok,,OK
dispatch/analytics/late-arrival.service.ts,dispatch,.service,436,WIRED,2,1,YES,NO,dispatch.late_arrival_aggregates,1,0,0,YES,NO,3/12,"unit_id,trailer_id,vendor_id,settlement_id,invoice_id,journal_entry_id,item_id,bill_id,work_order_id",— no header comment in the file —,ok,ok,ok,ok,ok,ok,ok,WIRED,FLAG,,OK (I-HEADER only)
dispatch/arch-tabs.service.ts,dispatch,.service,359,WIRED,1,0,YES,NO,dispatch.intransit_issues,1,1,0,YES,NO,4/12,"trailer_id,vendor_id,settlement_id,invoice_id,journal_entry_id,item_id,bill_id,work_order_id",— no header comment in the file —,ok,ok,ok,ok,ok,FLAG,ok,WIRED,FLAG,,DEFECT: F-RETRY: scheduled writer without ON CONFLICT/idempotency/WHERE NOT EXISTS
dispatch/assignments/quicksave.service.ts,dispatch,.service,407,WIRED,1,1,YES,NO,"dispatch.load_assignment_history,mdata.loads",1,1,0,NO,NO,3/12,"trailer_id,customer_id,vendor_id,settlement_id,invoice_id,journal_entry_id,item_id,bill_id,work_order_id",— no header comment in the file —,ok,ok,ok,FLAG,ok,ok,ok,WIRED,FLAG,,DEFECT: D-ATOMIC: multi-table write without txn boundary
dispatch/auth-gates/gate-registry.service.ts,dispatch,.service,54,WIRED,6,1,NO,NO,,0,0,0,NO,NO,0/12,"load_id,driver_id,unit_id,trailer_id,customer_id,vendor_id,settlement_id,invoice_id,journal_entry_id,item_id,bill_id,work_order_id",— no header comment in the file —,ok,ok,ok,ok,ok,ok,ok,WIRED,FLAG,,OK (I-HEADER only)
dispatch/bol-generator.service.ts,dispatch,.service,315,WIRED,1,1,YES,NO,dispatch.bol_documents,1,0,0,YES,NO,3/12,"unit_id,trailer_id,vendor_id,settlement_id,invoice_id,journal_entry_id,item_id,bill_id,work_order_id",— no header comment in the file —,ok,ok,ok,ok,ok,FLAG,ok,WIRED,FLAG,,DEFECT: F-RETRY: scheduled writer without ON CONFLICT/idempotency/WHERE NOT EXISTS
dispatch/book-load.service.ts,dispatch,.service,3343,WIRED,16,8,YES,NO,"driver_finance.driver_bills,mdata.loads,docs.file_links,dispatch.load_charge_lines,dispatch.load_assignment_history,mdata.load_stops,dispatch.load_id_reservations,docs.files",6,4,0,YES,YES,7/12,"vendor_id,invoice_id,journal_entry_id,item_id,work_order_id",— no header comment in the file —,ok,ok,ok,FLAG,FLAG,ok,ok,WIRED,FLAG,"UPDATE mdata.loads: UPDATE mdata.loads SET requires_reefer_fuel = $1, requires_pulp_probe = $2, requires_locking_jacks = $3, requires_load_locks = $4, requires_straps = $5, load_ty || UPDATE driver_finance.driver_bills: UPDATE driver_finance.driver_bills SET driver_id = $2::uuid, team_driver_id = $3::uuid, gross_amount_cents = $4, miles_basis = $5, miles_basis_type = $6, rate_p",DEFECT: D-ATOMIC: multi-table write without txn boundary; E-SCOPE: unscoped UPDATE/DELETE (3)
dispatch/cancellation-reversal.service.ts,dispatch,.service,96,WIRED,1,0,YES,NO,"dispatch.load_cancellations,mdata.loads",0,2,0,NO,YES,1/12,"driver_id,unit_id,trailer_id,customer_id,vendor_id,settlement_id,invoice_id,journal_entry_id,item_id,bill_id,work_order_id","ROUND 313 CC-3 item 5 — the canonical UNDO of a load cancellation (migration 202615180900).
Before this there was no undo: a wrong cancellation was ""fixed"" by a one-off script that put the load's stat",ok,ok,ok,FLAG,ok,ok,ok,WIRED,ok,,DEFECT: D-ATOMIC: multi-table write without txn boundary
dispatch/cancellation.service.ts,dispatch,.service,1127,WIRED,3,0,YES,NO,"dispatch.load_cancellations,mdata.loads,driver_finance.driver_bills,accounting.invoices",1,4,0,NO,YES,6/12,"unit_id,trailer_id,customer_id,journal_entry_id,item_id,work_order_id",— no header comment in the file —,ok,ok,ok,FLAG,ok,ok,ok,WIRED,FLAG,,DEFECT: D-ATOMIC: multi-table write without txn boundary
dispatch/customer-notify.service.ts,dispatch,.service,818,WIRED,1,1,YES,NO,"dispatch.notify_log,dispatch.customer_notify_preferences",2,1,0,NO,NO,2/12,"driver_id,unit_id,trailer_id,vendor_id,settlement_id,invoice_id,journal_entry_id,item_id,bill_id,work_order_id",— no header comment in the file —,ok,ok,ok,FLAG,ok,ok,ok,WIRED,FLAG,,DEFECT: D-ATOMIC: multi-table write without txn boundary
dispatch/deadhead/chain-deadhead.service.ts,dispatch,.service,147,WIRED,1,0,NO,NO,,0,0,0,YES,NO,1/12,"driver_id,unit_id,trailer_id,customer_id,vendor_id,settlement_id,invoice_id,journal_entry_id,item_id,bill_id,work_order_id","GO-23 owner ruling 2026-09-02: deadhead is a TRIP property, not a lane property. Reading
catalogs.lane_mileage.empty_miles into Book Load's miles_deadhead box put a LANE AVERAGE into
a driver's payche",ok,ok,ok,ok,ok,ok,ok,WIRED,ok,,OK
dispatch/deadhead/optimizer.service.ts,dispatch,.service,323,WIRED,2,1,NO,NO,,0,0,0,YES,NO,1/12,"driver_id,unit_id,trailer_id,customer_id,vendor_id,settlement_id,invoice_id,journal_entry_id,item_id,bill_id,work_order_id",— no header comment in the file —,ok,ok,ok,ok,ok,ok,ok,WIRED,FLAG,,OK (I-HEADER only)
dispatch/detention-approval.service.ts,dispatch,.service,507,WIRED,1,0,YES,NO,"dispatch.detention_requests,dispatch.detention_evidence",2,1,0,NO,NO,4/12,"driver_id,trailer_id,vendor_id,settlement_id,journal_entry_id,item_id,bill_id,work_order_id",— no header comment in the file —,ok,ok,ok,FLAG,ok,ok,ok,WIRED,FLAG,,DEFECT: D-ATOMIC: multi-table write without txn boundary
dispatch/detention.service.ts,dispatch,.service,568,WIRED,2,1,YES,NO,"dispatch.detention_events,mdata.loads",1,2,0,NO,YES,4/12,"trailer_id,vendor_id,settlement_id,invoice_id,journal_entry_id,item_id,bill_id,work_order_id",— no header comment in the file —,ok,ok,ok,FLAG,ok,ok,ok,WIRED,FLAG,,DEFECT: D-ATOMIC: multi-table write without txn boundary
dispatch/dispatch-refinements.service.ts,dispatch,.service,710,WIRED,1,1,YES,NO,"dispatch.load_assignment_history,mdata.load_stops,dispatch.load_templates,mdata.loads",3,2,0,YES,NO,4/12,"trailer_id,vendor_id,settlement_id,invoice_id,journal_entry_id,item_id,bill_id,work_order_id",— no header comment in the file —,ok,ok,ok,FLAG,FLAG,ok,ok,WIRED,FLAG,"UPDATE mdata.load_stops: UPDATE mdata.load_stops SET soft_deleted_at = now() WHERE load_id = $1::uuid AND id = ANY($2::uuid[]) AND soft_deleted_at IS NULL RETURNING id::text AS id`, [lo",DEFECT: D-ATOMIC: multi-table write without txn boundary; E-SCOPE: unscoped UPDATE/DELETE (1)
dispatch/driver-availability.service.ts,dispatch,.service,145,WIRED,2,1,NO,NO,,0,0,0,NO,NO,3/12,"load_id,trailer_id,customer_id,vendor_id,settlement_id,invoice_id,journal_entry_id,item_id,bill_id",— no header comment in the file —,ok,ok,ok,ok,ok,ok,ok,WIRED,FLAG,,OK (I-HEADER only)
dispatch/driver-optimizer.service.ts,dispatch,.service,314,WIRED,1,1,NO,NO,,0,0,0,NO,NO,2/12,"unit_id,trailer_id,customer_id,vendor_id,settlement_id,invoice_id,journal_entry_id,item_id,bill_id,work_order_id",— no header comment in the file —,ok,ok,ok,ok,ok,ok,ok,WIRED,FLAG,,OK (I-HEADER only)
dispatch/driver-pwa/tour-close.service.ts,dispatch,.service,304,WIRED,1,1,NO,NO,,0,0,0,NO,NO,3/12,"load_id,trailer_id,customer_id,vendor_id,invoice_id,journal_entry_id,item_id,bill_id,work_order_id","TOUR CLOSE + GEOFENCE (owner direct instruction, 2026-09-02): ""home base 23918 Mines Rd Laredo TX 78045. Closeable only inside the geofence with no load. SB leg closes nothing. Deadhead to the yard pr",ok,ok,ok,ok,ok,ok,ok,WIRED,ok,,OK
dispatch/driver-qualification.service.ts,dispatch,.service,490,WIRED,12,1,NO,NO,,0,0,0,YES,YES,1/12,"load_id,unit_id,trailer_id,customer_id,vendor_id,settlement_id,invoice_id,journal_entry_id,item_id,bill_id,work_order_id","SHARED DRIVER-QUALIFICATION GATE (G9-C1 + D3-1).  G9-C1: the Book Load path already enforced a DOT hard-stop gate (deactivated / archived driver, missing-or-expired CDL, missing-or-expired DOT medical",ok,ok,ok,ok,ok,ok,ok,WIRED,ok,,OK
dispatch/equipment-transfer/dual-confirm.service.ts,dispatch,.service,279,WIRED,1,1,YES,NO,"mdata.equipment_log,dispatch.equipment_transfer_requests,mdata.equipment",1,2,0,NO,NO,0/12,"load_id,driver_id,unit_id,trailer_id,customer_id,vendor_id,settlement_id,invoice_id,journal_entry_id,item_id,bill_id,work_order_id",— no header comment in the file —,ok,ok,ok,FLAG,FLAG,ok,ok,WIRED,FLAG,"UPDATE mdata.equipment: UPDATE mdata.equipment SET assigned_driver_id = $3::uuid, updated_at = now() WHERE id = $1::uuid AND (owner_company_id = $2::uuid OR currently_leased_to_company",DEFECT: D-ATOMIC: multi-table write without txn boundary; E-SCOPE: unscoped UPDATE/DELETE (1)
dispatch/equipment-transfer/request.service.ts,dispatch,.service,414,WIRED,2,1,YES,NO,dispatch.equipment_transfer_requests,1,1,0,NO,NO,1/12,"load_id,unit_id,trailer_id,customer_id,vendor_id,settlement_id,invoice_id,journal_entry_id,item_id,bill_id,work_order_id",— no header comment in the file —,ok,ok,ok,ok,ok,ok,ok,WIRED,FLAG,,OK (I-HEADER only)
dispatch/geofence-auto-delivery.service.ts,dispatch,.service,67,WIRED,1,0,NO,NO,,0,0,0,NO,NO,1/12,"driver_id,unit_id,trailer_id,customer_id,vendor_id,settlement_id,invoice_id,journal_entry_id,item_id,bill_id,work_order_id","ROUND 315 (Lead GO 2026-10-01) — auto-status, GEOFENCE-EVIDENCE PATH ONLY.
A load still in dispatch work whose FINAL delivery stop carries a departure stamped from telematics
(actual_arrival_source 'e",ok,ok,ok,ok,ok,ok,ok,WIRED,ok,,OK
dispatch/geofences/load-geofence-binding.service.ts,dispatch,.service,132,WIRED,5,0,YES,NO,geo.geofences,1,1,0,YES,NO,1/12,"driver_id,unit_id,trailer_id,customer_id,vendor_id,settlement_id,invoice_id,journal_entry_id,item_id,bill_id,work_order_id","GAP-39 — Bind load stops to geofences for state-machine traceability (CAP-2).
E-25 (Lead, 2026-10-01): geometry moved to load-stop-geofence-geometry.ts — a precision-sized
circle instead of a 250 ft d",ok,ok,ok,ok,ok,FLAG,ok,WIRED,ok,,DEFECT: F-RETRY: scheduled writer without ON CONFLICT/idempotency/WHERE NOT EXISTS
dispatch/google-reference-miles.service.ts,dispatch,.service,206,WIRED,2,1,YES,NO,mdata.load_stop_legs,1,1,0,NO,NO,1/12,"driver_id,unit_id,trailer_id,customer_id,vendor_id,settlement_id,invoice_id,journal_entry_id,item_id,bill_id,work_order_id","DSP-48 (owner ruling 2026-09-05, ""LAW §2 row: Google distance = REFERENCE ONLY""). Persists a Google Routes computeRoutes distance per leg of a load's practical route (pickup -> ... -> delivery), purel",ok,ok,ok,ok,FLAG,ok,ok,WIRED,ok,"UPDATE mdata.load_stop_legs: UPDATE mdata.load_stop_legs SET google_reference_miles = NULL, google_reference_fetched_at = NULL WHERE google_reference_fetched_at IS NOT NULL AND google_refer",DEFECT: E-SCOPE: unscoped UPDATE/DELETE (1)
dispatch/lane-mileage.service.ts,dispatch,.service,257,WIRED,1,1,NO,NO,,0,0,0,NO,YES,0/12,"load_id,driver_id,unit_id,trailer_id,customer_id,vendor_id,settlement_id,invoice_id,journal_entry_id,item_id,bill_id,work_order_id","GO-16 Rev C — lane mileage lookup. History first.
Owner 2026-09-02: EVERY lane with stored practical miles fills the wizard; every value stays typeable.
autofill_allowed stays on the row for audit onl",ok,ok,ok,ok,ok,ok,ok,WIRED,ok,,OK
dispatch/late-arrivals.service.ts,dispatch,.service,141,WIRED,3,0,NO,NO,,0,0,0,YES,NO,4/12,"trailer_id,vendor_id,settlement_id,invoice_id,journal_entry_id,item_id,bill_id,work_order_id",— no header comment in the file —,ok,ok,ok,ok,ok,ok,ok,WIRED,FLAG,,OK (I-HEADER only)
dispatch/layovers/detection.service.ts,dispatch,.service,227,WIRED,2,1,YES,NO,dispatch.driver_layovers,1,0,0,NO,NO,1/12,"driver_id,unit_id,trailer_id,customer_id,vendor_id,settlement_id,invoice_id,journal_entry_id,item_id,bill_id,work_order_id","GAP-28 — Driver layover detection service.
Detects gaps >8h between load delivery and next assignment for each driver.",ok,ok,ok,ok,ok,ok,ok,WIRED,ok,,OK
dispatch/load-billing-lifecycle.service.ts,dispatch,.service,335,WIRED,9,2,YES,NO,mdata.loads,0,1,0,NO,NO,2/12,"driver_id,unit_id,trailer_id,customer_id,vendor_id,settlement_id,journal_entry_id,item_id,bill_id,work_order_id","LOAD-CLOSE-LIFECYCLE (owner ruling 2026-09-09, verbatim: ""THOSE DELIVERED SHOULD ALREADY HAVE BEEN
CLOSED IN THE APP""). Under AlwaysTrack the docs are always in, so a delivered load must not sit in
`d",ok,ok,ok,ok,ok,ok,ok,WIRED,ok,,OK
dispatch/load-distribution.service.ts,dispatch,.service,373,WIRED,2,0,YES,NO,"docs.files,docs.file_links,mdata.loads",2,1,0,YES,YES,3/12,"unit_id,trailer_id,vendor_id,settlement_id,invoice_id,journal_entry_id,item_id,bill_id,work_order_id",— no header comment in the file —,ok,ok,ok,FLAG,ok,ok,ok,WIRED,FLAG,,DEFECT: D-ATOMIC: multi-table write without txn boundary
dispatch/load-history.service.ts,dispatch,.service,641,WIRED,1,0,NO,NO,,0,0,0,NO,NO,2/12,"driver_id,unit_id,trailer_id,customer_id,vendor_id,invoice_id,journal_entry_id,item_id,bill_id,work_order_id","D-H1 (ORDERS-2026-10-01 / ROUND 312) — Load History aggregate.
Read-only timeline: audit events, assignment history, stop arrival/departure stamps
(+ fence event ids when known), and linked money/docs",ok,ok,ok,ok,ok,ok,ok,WIRED,ok,,OK
dispatch/load-id-reservation.service.ts,dispatch,.service,507,WIRED,2,1,YES,NO,"lib.trace_counters,dispatch.load_id_reservations",2,1,0,NO,NO,0/12,"load_id,driver_id,unit_id,trailer_id,customer_id,vendor_id,settlement_id,invoice_id,journal_entry_id,item_id,bill_id,work_order_id",— no header comment in the file —,ok,ok,ok,FLAG,ok,ok,ok,WIRED,FLAG,,DEFECT: D-ATOMIC: multi-table write without txn boundary
dispatch/load-profitability.service.ts,dispatch,.service,526,WIRED,1,1,NO,NO,,0,0,0,NO,NO,4/12,"unit_id,trailer_id,vendor_id,invoice_id,journal_entry_id,item_id,bill_id,work_order_id",— no header comment in the file —,ok,ok,ok,ok,ok,ok,ok,WIRED,FLAG,,OK (I-HEADER only)
dispatch/load-status-signal/tri-signal.service.ts,dispatch,.service,283,WIRED,1,1,NO,NO,,0,0,0,YES,NO,3/12,"trailer_id,customer_id,vendor_id,settlement_id,invoice_id,journal_entry_id,item_id,bill_id,work_order_id",GAP-57 — CAP-5 dispatch board tri-signal (on-track / behind / delayed).,ok,ok,ok,ok,ok,ok,ok,WIRED,ok,,OK
dispatch/load-transition.service.ts,dispatch,.service,261,WIRED,2,0,YES,NO,mdata.loads,0,1,0,NO,YES,2/12,"unit_id,trailer_id,customer_id,vendor_id,settlement_id,invoice_id,journal_entry_id,item_id,bill_id,work_order_id","The ONE dispatch status transition (PATCH /api/v1/dispatch/loads/:id/transition), extracted from the route so
every caller runs the same graph check and the same side effects in the caller's transacti",ok,ok,ok,ok,ok,ok,ok,WIRED,ok,,OK
dispatch/loads/multi-stop/extra-rate.service.ts,dispatch,.service,145,WIRED,1,0,YES,NO,dispatch.stop_extra_rates,1,1,0,NO,NO,1/12,"driver_id,unit_id,trailer_id,customer_id,vendor_id,settlement_id,invoice_id,journal_entry_id,item_id,bill_id,work_order_id",— no header comment in the file —,ok,ok,ok,ok,ok,ok,ok,WIRED,FLAG,,OK (I-HEADER only)
dispatch/mileage/mileage.service.ts,dispatch,.service,77,WIRED,2,0,YES,NO,catalogs.point_mileage,1,0,0,NO,NO,0/12,"load_id,driver_id,unit_id,trailer_id,customer_id,vendor_id,settlement_id,invoice_id,journal_entry_id,item_id,bill_id,work_order_id","GO-19-2b Section 6 (owner 2026-09-03): mileage.service.ts is the ONLY entry point for a
coordinate-to-coordinate distance. Checks catalogs.point_mileage first (computed once, reused
forever); calls th",ok,ok,ok,ok,ok,ok,ok,WIRED,ok,,OK
dispatch/ocr-processor.service.ts,dispatch,.service,335,WIRED,1,0,YES,NO,dispatch.ocr_intake_queue,1,1,0,YES,NO,3/12,"driver_id,unit_id,trailer_id,vendor_id,settlement_id,invoice_id,journal_entry_id,bill_id,work_order_id",— no header comment in the file —,ok,ok,ok,ok,ok,FLAG,ok,WIRED,FLAG,,DEFECT: F-RETRY: scheduled writer without ON CONFLICT/idempotency/WHERE NOT EXISTS
dispatch/owner-lock-override-propagation.service.ts,dispatch,.service,334,WIRED,1,0,YES,NO,mdata.loads,0,1,0,NO,NO,3/12,"driver_id,unit_id,trailer_id,customer_id,vendor_id,invoice_id,journal_entry_id,item_id,work_order_id","D-H0 (ORDERS-2026-10-01 / ROUND 312) — Owner/Admin lock-override propagation.
After a locked-load override PATCH lands, re-derive draft invoices / open driver bills,
refuse paid/synced invoices and se",ok,ok,ok,ok,ok,ok,ok,WIRED,ok,,OK
dispatch/pdf-generator.service.ts,dispatch,.service,89,WIRED,1,0,NO,NO,,0,0,0,NO,NO,0/12,"load_id,driver_id,unit_id,trailer_id,customer_id,vendor_id,settlement_id,invoice_id,journal_entry_id,item_id,bill_id,work_order_id",— no header comment in the file —,ok,ok,ok,ok,ok,ok,ok,WIRED,FLAG,,OK (I-HEADER only)
dispatch/planner.service.ts,dispatch,.service,553,WIRED,1,2,YES,NO,"mdata.load_stops,mdata.loads",0,2,0,YES,NO,4/12,"trailer_id,vendor_id,settlement_id,invoice_id,journal_entry_id,item_id,bill_id,work_order_id",— no header comment in the file —,ok,ok,ok,FLAG,FLAG,FLAG,ok,WIRED,FLAG,"UPDATE mdata.load_stops: UPDATE mdata.load_stops SET scheduled_arrival_at = $1::timestamptz, updated_at = now() WHERE id = $2::uuid AND load_id = $3::uuid RETURNING id `, [parsedStart.t",DEFECT: D-ATOMIC: multi-table write without txn boundary; E-SCOPE: unscoped UPDATE/DELETE (1); F-RETRY: scheduled writer without ON CONFLICT/idempotency/WHERE NOT EXISTS
dispatch/presettlement-link.service.ts,dispatch,.service,741,WIRED,9,1,YES,NO,"driver_finance.presettlement_link_suggestions,driver_finance.driver_settlements,mdata.loads",2,3,0,YES,YES,4/12,"trailer_id,customer_id,vendor_id,invoice_id,journal_entry_id,item_id,bill_id,work_order_id","GO-22 pre-settlement (owner direct instruction 2026-09-02), superseded by SET-01 (owner ruling 2026-09-03/09-04, settled): ""The instant a load is CREATED it joins a pre-settlement. Not at delivery. No",ok,ok,ok,FLAG,FLAG,ok,ok,WIRED,ok,"UPDATE driver_finance.presettlement_link_suggestions: UPDATE driver_finance.presettlement_link_suggestions SET driver_id = $1::uuid, unit_id = $2::uuid, trip_type = $3, tour_id = $4::uuid, suggested_settlement_id = || UPDATE driver_finance.presettlement_link_suggestions: UPDATE driver_finance.presettlement_link_suggestions SET driver_id = $1::uuid, unit_id = $2::uuid, tour_id = $3::uuid, suggested_reason = $4, updated_at = now()",DEFECT: D-ATOMIC: multi-table write without txn boundary; E-SCOPE: unscoped UPDATE/DELETE (5)
dispatch/quick-assign.service.ts,dispatch,.service,705,WIRED,1,0,YES,NO,"dispatch.load_assignment_history,mdata.loads",1,1,0,NO,YES,4/12,"customer_id,vendor_id,settlement_id,invoice_id,journal_entry_id,item_id,bill_id,work_order_id",— no header comment in the file —,ok,ok,ok,FLAG,ok,ok,ok,WIRED,FLAG,,DEFECT: D-ATOMIC: multi-table write without txn boundary
dispatch/ratecon-extract.service.ts,dispatch,.service,308,WIRED,1,2,NO,NO,,0,0,0,NO,NO,0/12,"load_id,driver_id,unit_id,trailer_id,customer_id,vendor_id,settlement_id,invoice_id,journal_entry_id,item_id,bill_id,work_order_id","RATECON-1 — rate-confirmation AI extraction (prefill only; NEVER auto-books). Sends an uploaded rate-con PDF to Anthropic via the shared client and returns a structured, per-field-confidence extractio",ok,ok,ok,ok,ok,ok,ok,WIRED,ok,,OK
dispatch/stop-stamp.service.ts,dispatch,.service,154,WIRED,2,0,YES,NO,"mdata.load_stops,mdata.loads",0,2,0,NO,NO,1/12,"driver_id,unit_id,trailer_id,customer_id,vendor_id,settlement_id,invoice_id,journal_entry_id,item_id,bill_id,work_order_id","Shared stop-arrival/departure stamping logic — extracted from
driver-pwa/dispatch-view.routes.ts (2026-09-11, TRUCK LINE build) so a second caller (the
office/dispatcher-facing Truck Line ""click next ",ok,ok,ok,FLAG,FLAG,ok,ok,WIRED,ok,"UPDATE mdata.load_stops: UPDATE mdata.load_stops SET actual_arrival_at = now(), actual_arrival_source = $3, status = 'arrived' WHERE id = $1 AND load_id = $2 AND actual_arrival_at IS NU || UPDATE mdata.load_stops: UPDATE mdata.load_stops SET actual_departure_at = now(), actual_departure_source = $3, status = 'departed' WHERE id = $1 AND load_id = $2 AND actual_departure_a",DEFECT: D-ATOMIC: multi-table write without txn boundary; E-SCOPE: unscoped UPDATE/DELETE (2)
dispatch/trailer-interchange.service.ts,dispatch,.service,289,WIRED,1,1,YES,NO,"dispatch.non_owned_trailers,dispatch.trailer_interchanges",2,1,0,NO,NO,1/12,"driver_id,unit_id,trailer_id,customer_id,vendor_id,settlement_id,invoice_id,journal_entry_id,item_id,bill_id,work_order_id","GO-21 dispatch defect register, section A1 (owner direct instruction 2026-09-02). ""Attach an interchange trailer to a load, record receipt, record return, upload the signed agreement."" Never mdata.uni",ok,ok,ok,FLAG,FLAG,ok,ok,WIRED,ok,"UPDATE dispatch.trailer_interchanges: UPDATE dispatch.trailer_interchanges SET received_from = $1, received_at = COALESCE($2::timestamptz, now()), condition_in = $3, status = 'active', updated_at =  || UPDATE dispatch.trailer_interchanges: UPDATE dispatch.trailer_interchanges SET returned_at = COALESCE($1::timestamptz, now()), condition_out = $2, status = 'returned', updated_at = now() WHERE id = ",DEFECT: D-ATOMIC: multi-table write without txn boundary; E-SCOPE: unscoped UPDATE/DELETE (4)
dispatch/trip-pairing-board.service.ts,dispatch,.service,242,WIRED,1,1,NO,NO,,0,0,0,YES,YES,3/12,"trailer_id,customer_id,vendor_id,settlement_id,invoice_id,journal_entry_id,item_id,bill_id,work_order_id","Trip Pairing Board (Block 05) — read-only aggregation. Entity-scoped, NO cap (all ~32 units on one screen). KPI definitions reconcile: Active = NB + NB-unbooked; Northbound = SB + SB-unbooked.",ok,ok,ok,ok,ok,ok,ok,WIRED,ok,,OK
dispatch/update-load.service.ts,dispatch,.service,1089,WIRED,1,2,YES,NO,"mdata.load_stops,dispatch.load_charge_lines,mdata.loads",2,3,0,YES,YES,4/12,"trailer_id,vendor_id,settlement_id,invoice_id,journal_entry_id,item_id,bill_id,work_order_id","Full dispatch load update (Block 06, Inc 2). Edits an existing load the way it was booked — scalar fields, a stops ""replace"", and charges (-> rate_total_cents) — with HARD money-safety + legal-evidenc",ok,ok,ok,FLAG,FLAG,ok,ok,WIRED,ok,"UPDATE mdata.load_stops: UPDATE mdata.load_stops SET stop_type = $2, location_id = $3, address_line1 = $4, city = $5, state = $6, country = $7, scheduled_arrival_at = $8, time_window_ty || UPDATE mdata.load_stops: UPDATE mdata.load_stops SET status = 'cancelled', updated_at = now() WHERE load_id = $1::uuid AND id = ANY($2::uuid[]) AND status <> 'cancelled' RETURNING id::t",DEFECT: D-ATOMIC: multi-table write without txn boundary; E-SCOPE: unscoped UPDATE/DELETE (2)
dispatch/validation/pre-dispatch-validator.service.ts,dispatch,.service,718,WIRED,1,0,NO,NO,,0,0,0,YES,NO,3/12,"load_id,trailer_id,vendor_id,settlement_id,invoice_id,journal_entry_id,item_id,bill_id,work_order_id",— no header comment in the file —,ok,ok,ok,ok,ok,ok,FLAG,WIRED,FLAG,,DEFECT: G-SILENT: empty catch
dispatcher-board/role-views/dispatcher.service.ts,dispatcher-board,.service,433,WIRED,1,0,NO,NO,,0,0,0,YES,YES,4/12,"trailer_id,vendor_id,settlement_id,invoice_id,journal_entry_id,item_id,bill_id,work_order_id",— no header comment in the file —,ok,ok,ok,ok,ok,ok,ok,WIRED,FLAG,,OK (I-HEADER only)
documents/attachments.service.ts,documents,.service,318,WIRED,10,1,YES,NO,documents.attachments,1,1,0,NO,NO,0/12,"load_id,driver_id,unit_id,trailer_id,customer_id,vendor_id,settlement_id,invoice_id,journal_entry_id,item_id,bill_id,work_order_id",— no header comment in the file —,ok,ok,ok,ok,FLAG,ok,ok,WIRED,FLAG,"UPDATE documents.attachments: UPDATE documents.attachments SET is_deleted = true, deleted_at = now(), deleted_by_user_id = $2, notes = 'deduped_by_sha256' WHERE id = $1 `, [input.attachmentI || UPDATE documents.attachments: UPDATE documents.attachments SET sha256_hash = $2, category = $3, notes = NULL WHERE id = $1 `, [input.attachmentId, input.sha256Hash.toLowerCase(), input.categ",DEFECT: E-SCOPE: unscoped UPDATE/DELETE (2)
documents/chain-of-custody.service.ts,documents,.service,28,WIRED,2,1,NO,NO,,0,0,0,NO,NO,0/12,"load_id,driver_id,unit_id,trailer_id,customer_id,vendor_id,settlement_id,invoice_id,journal_entry_id,item_id,bill_id,work_order_id",— no header comment in the file —,ok,ok,ok,ok,ok,ok,ok,WIRED,FLAG,,OK (I-HEADER only)
driver-finance/abandonment.service.ts,driver-finance,.service,540,WIRED,3,2,YES,NO,"driver_finance.abandonment_defaults,outbox.events,driver_finance.abandonment_chargebacks,driver_finance.settlement_lines,mdata.loads",4,2,0,NO,NO,4/12,"unit_id,trailer_id,customer_id,vendor_id,invoice_id,item_id,bill_id,work_order_id","C6-MONEY-JE-EXEMPT: abandonment_chargebacks records a not-yet-applied penalty (status starts 'pending'/'approved', applied_to_settlement_id NULL); it only becomes a real cash-affecting event via apply",ok,ok,ok,FLAG,FLAG,ok,ok,WIRED,ok,"UPDATE driver_finance.abandonment_chargebacks: UPDATE driver_finance.abandonment_chargebacks SET status = 'applied', applied_to_settlement_id = $2::uuid, notes = COALESCE(notes || E'\\n', '') || $3, updated_ || UPDATE driver_finance.abandonment_chargebacks: UPDATE driver_finance.abandonment_chargebacks SET settlement_line_id = $2::uuid, applied_to_settlement_id = $3::uuid, status = 'applied', updated_at = now() WHE",DEFECT: D-ATOMIC: multi-table write without txn boundary; E-SCOPE: unscoped UPDATE/DELETE (2)
driver-finance/auto-pay.cron.ts,driver-finance,.cron,114,WIRED,1,1,NO,NO,,0,0,0,YES,NO,2/12,"load_id,unit_id,trailer_id,customer_id,vendor_id,invoice_id,journal_entry_id,item_id,bill_id,work_order_id",— no header comment in the file —,ok,ok,ok,ok,ok,ok,ok,WIRED,FLAG,,OK (I-HEADER only)
driver-finance/batch-settlements.service.ts,driver-finance,.service,444,WIRED,1,1,NO,NO,,0,0,0,YES,NO,6/12,"vendor_id,invoice_id,journal_entry_id,item_id,bill_id,work_order_id","ROUND 312 B-3 — Batch Settlements grid (§23).
Per row: driver + period → SET-01 linked loads auto-pulled; optional deductions/advances;
Save all → postSettlementCreatorInClientTx only (never payroll o",ok,ok,ok,ok,ok,ok,ok,WIRED,ok,,OK
driver-finance/cash-advance-owner-approval.service.ts,driver-finance,.service,765,WIRED,2,0,YES,NO,"driver_finance.cash_advance_request_audit,driver_finance.cash_advance_owner_approval_audit,outbox.events,driver_finance.cash_advance_requests,driver_finance.driver_advances",3,2,0,YES,NO,2/12,"unit_id,trailer_id,customer_id,vendor_id,settlement_id,invoice_id,journal_entry_id,item_id,bill_id,work_order_id",— no header comment in the file —,ok,ok,ok,ok,ok,FLAG,FLAG,WIRED,FLAG,,DEFECT: F-RETRY: scheduled writer without ON CONFLICT/idempotency/WHERE NOT EXISTS; G-SILENT: empty catch
driver-finance/cash-advance-requests.service.ts,driver-finance,.service,1014,WIRED,3,3,YES,NO,"driver_finance.cash_advance_request_audit,outbox.events,driver_finance.cash_advance_requests,driver_finance.driver_advances",3,2,0,YES,YES,2/12,"unit_id,trailer_id,customer_id,vendor_id,settlement_id,invoice_id,journal_entry_id,item_id,bill_id,work_order_id",— no header comment in the file —,ok,ok,ok,FLAG,FLAG,FLAG,ok,WIRED,FLAG,"UPDATE driver_finance.cash_advance_requests: UPDATE driver_finance.cash_advance_requests SET status = 'expired', owner_approval_token = NULL, owner_approval_token_expires_at = NULL, owner_approval_required",DEFECT: D-ATOMIC: multi-table write without txn boundary; E-SCOPE: unscoped UPDATE/DELETE (1); F-RETRY: scheduled writer without ON CONFLICT/idempotency/WHERE NOT EXISTS
driver-finance/deductions.service.ts,driver-finance,.service,276,WIRED,18,3,YES,NO,driver_finance.driver_settlement_deductions,1,0,0,NO,YES,2/12,"unit_id,trailer_id,customer_id,vendor_id,settlement_id,invoice_id,journal_entry_id,item_id,bill_id,work_order_id","C6-MONEY-JE-EXEMPT: driver_settlement_deductions rows here carry applied_to_settlement_id (NULL until a settlement actually applies them) — a pending deduction, not an independent cash movement. The s",ok,ok,ok,ok,ok,ok,ok,WIRED,ok,,OK
driver-finance/detention-pay-posting.service.ts,driver-finance,.service,177,WIRED,1,0,YES,NO,driver_finance.settlement_lines,1,0,0,NO,YES,3/12,"unit_id,trailer_id,customer_id,vendor_id,invoice_id,journal_entry_id,item_id,bill_id,work_order_id","C6-MONEY-JE-EXEMPT: driver_finance.settlement_lines rows here are settlement-scoped LINE items, not independent cash movements — the settlement HEADER posts one aggregate balanced JE at finalize via s",ok,ok,ok,ok,ok,ok,ok,WIRED,ok,,OK
driver-finance/driver-payment-methods.service.ts,driver-finance,.service,253,WIRED,2,0,YES,NO,driver_finance.driver_payment_methods,1,1,0,NO,NO,1/12,"load_id,unit_id,trailer_id,customer_id,vendor_id,settlement_id,invoice_id,journal_entry_id,item_id,bill_id,work_order_id",— no header comment in the file —,ok,ok,ok,ok,ok,ok,ok,WIRED,FLAG,,OK (I-HEADER only)
driver-finance/driver-reimbursement.service.ts,driver-finance,.service,300,TEST-ONLY,0,1,YES,NO,driver_finance.driver_reimbursements,1,1,0,NO,NO,3/12,"unit_id,trailer_id,customer_id,vendor_id,settlement_id,invoice_id,item_id,bill_id,work_order_id","Driver REIMBURSEMENT service — out-of-pocket toll/fuel pay-outs (hire-contract item 5). TIER-1 FINANCIAL, BUILD-AND-HOLD. A reimbursement is money the COMPANY owes the DRIVER — the opposite of a cash ",ok,ok,ok,ok,ok,ok,ok,TEST-ONLY,ok,,OK (TEST-ONLY)
driver-finance/edit-settlement-deduction.service.ts,driver-finance,.service,238,WIRED,1,0,YES,NO,driver_finance.settlement_lines,0,1,0,NO,YES,3/12,"unit_id,trailer_id,customer_id,vendor_id,invoice_id,journal_entry_id,item_id,bill_id,work_order_id","SET-01 part 2 — settlement-detail ""true per-line editable input"" for a saved deduction line. A deduction's amount/type/reason is written once at creation (deductions.service.ts) and — per the void-not",ok,ok,ok,ok,FLAG,ok,ok,WIRED,ok,"UPDATE driver_finance.settlement_lines: UPDATE driver_finance.settlement_lines SET is_active = false, voided_at = now(), void_reason = $2, voided_by_user_id = $3::uuid WHERE settlement_id = $1::uuid A",DEFECT: E-SCOPE: unscoped UPDATE/DELETE (1)
driver-finance/escrow-deduction-pending.service.ts,driver-finance,.service,525,WIRED,4,0,YES,NO,"driver_finance.driver_settlement_deductions,driver_finance.escrow_deductions_pending",1,1,0,NO,NO,2/12,"unit_id,trailer_id,customer_id,vendor_id,settlement_id,invoice_id,journal_entry_id,item_id,bill_id,work_order_id","C6-MONEY-JE-EXEMPT: driver_settlement_deductions rows here are approved-but-unapplied (applied_to_settlement_id NULL), not an independent cash movement. The settlement HEADER posts one aggregate balan",ok,ok,ok,ok,FLAG,ok,ok,WIRED,ok,"UPDATE driver_finance.escrow_deductions_pending: UPDATE driver_finance.escrow_deductions_pending SET proposed_amount_cents = $2, proposed_breakdown_json = jsonb_set( COALESCE(proposed_breakdown_json, '{}'::jso || UPDATE driver_finance.escrow_deductions_pending: UPDATE driver_finance.escrow_deductions_pending SET owner_notified_at = now(), wf064_requested_at = now(), updated_at = now() WHERE id = $1 `, [pending.id] )",DEFECT: E-SCOPE: unscoped UPDATE/DELETE (4)
driver-finance/escrow-forfeit.service.ts,driver-finance,.service,282,WIRED,2,2,YES,NO,"driver_finance.escrow_ledger,driver_finance.escrow_balances,driver_finance.driver_liabilities",1,2,0,NO,NO,2/12,"load_id,unit_id,trailer_id,customer_id,vendor_id,settlement_id,invoice_id,item_id,bill_id,work_order_id","SAF-F01 — Driver escrow FORFEIT service (build-and-HOLD, financial cluster).  A forfeit keeps a driver's held escrow instead of returning it, because the driver owes for a loss (damage / abandonment).",ok,ok,ok,ok,ok,ok,ok,WIRED,ok,,OK
driver-finance/escrow-resolver.service.ts,driver-finance,.service,217,WIRED,8,1,NO,NO,,0,0,0,NO,NO,1/12,"load_id,unit_id,trailer_id,customer_id,vendor_id,settlement_id,invoice_id,journal_entry_id,item_id,bill_id,work_order_id","SETTLEMENT PAY-RUN — driver escrow resolver + $2,000-cap contribution math (Phase 2b, I3 LOCKED).  I3 (owner-locked): driver escrow is a LIABILITY held-in-trust. The pay-run CONTRIBUTES to it until th",ok,ok,ok,ok,ok,ok,ok,WIRED,ok,,OK
driver-finance/escrow-separation.service.ts,driver-finance,.service,442,WIRED,1,1,YES,NO,"driver_finance.driver_escrow_separations,driver_finance.escrow_ledger,driver_finance.escrow_balances",2,2,0,NO,NO,1/12,"load_id,unit_id,trailer_id,customer_id,vendor_id,settlement_id,invoice_id,journal_entry_id,item_id,bill_id,work_order_id","C6-MONEY-JE-EXEMPT: the driver_finance.escrow_ledger row inserted in releaseDriverEscrowSeparation is the DRIVER-FACING MIRROR of a GL release already posted, on the SAME client/transaction, moments e",ok,ok,ok,FLAG,ok,ok,ok,WIRED,ok,,DEFECT: D-ATOMIC: multi-table write without txn boundary
driver-finance/escrow-target.service.ts,driver-finance,.service,126,WIRED,2,1,NO,NO,,0,0,0,NO,NO,1/12,"load_id,unit_id,trailer_id,customer_id,vendor_id,settlement_id,invoice_id,journal_entry_id,item_id,bill_id,work_order_id",— no header comment in the file —,ok,ok,ok,ok,ok,ok,ok,WIRED,FLAG,,OK (I-HEADER only)
driver-finance/feed-gate/feed-gate.service.ts,driver-finance,.service,192,WIRED,10,2,YES,NO,"driver_finance.feed_intakes,driver_finance.feed_intake_checks",2,1,0,NO,NO,1/12,"load_id,unit_id,trailer_id,customer_id,vendor_id,settlement_id,invoice_id,journal_entry_id,item_id,bill_id,work_order_id","FEED GATE — runner (Lead, 2026-10-01). Owner law docs/bus/2026-10-01-OWNER-LAW-FEED-GATE-AND-FACTORING-IS-GENERATED.md.
openOrGetIntake → runIntake (appends one WORM row per check per run, sets passed",ok,ok,ok,FLAG,ok,ok,ok,WIRED,ok,,DEFECT: D-ATOMIC: multi-table write without txn boundary
driver-finance/historical-driver-bill-backfill.service.ts,driver-finance,.service,274,WIRED,2,0,YES,NO,driver_finance.driver_bills,1,0,0,NO,YES,2/12,"unit_id,trailer_id,customer_id,vendor_id,settlement_id,invoice_id,journal_entry_id,item_id,bill_id,work_order_id","HISTORICAL DRIVER BILL BACKFILL — the writer the settlement re-feed has been missing.
WHY THIS EXISTS, AND WHY IT IS NOT THE LIVE PATH.
`loads` and `invoices` already have a `historical_backfill` crea",ok,ok,ok,ok,ok,ok,ok,WIRED,ok,,OK
driver-finance/historical-escrow-backfill.service.ts,driver-finance,.service,208,WIRED,1,0,YES,NO,"driver_finance.escrow_balances,driver_finance.escrow_ledger",2,0,0,NO,NO,3/12,"unit_id,trailer_id,customer_id,vendor_id,invoice_id,journal_entry_id,item_id,bill_id,work_order_id","C6-MONEY-JE-EXEMPT: this file has NO CALLER yet (see ""NOT WIRED"" below) and performs zero live writes in this commit -- it is exercised only by its own selftest. The escrow_balances/ escrow_ledger INS",ok,ok,ok,FLAG,ok,ok,ok,WIRED,ok,,DEFECT: D-ATOMIC: multi-table write without txn boundary
driver-finance/historical-feed-day.service.ts,driver-finance,.service,278,WIRED,1,0,NO,NO,,0,0,0,NO,NO,2/12,"unit_id,trailer_id,customer_id,vendor_id,settlement_id,invoice_id,journal_entry_id,item_id,bill_id,work_order_id","THE FEED DAY EXECUTOR — one day, in order, with a gate, re-runnable after a void.
WHAT WAS MISSING. `run_feed_day.py` plans a day and, by its own design note, ""writes nothing
itself — the app's real c",ok,ok,ok,ok,ok,ok,ok,WIRED,ok,,OK
driver-finance/inbox-reporting.service.ts,driver-finance,.service,181,WIRED,1,1,NO,NO,,0,0,0,YES,NO,2/12,"unit_id,trailer_id,customer_id,vendor_id,settlement_id,invoice_id,journal_entry_id,item_id,bill_id,work_order_id","B7 — driver-inbox reporting (READ-ONLY). Aggregates request accountability from the B4 timeline view (views.driver_request_timeline) + cash_advance_requests. No mutations, no money path, no migration.",ok,ok,ok,ok,ok,ok,ok,WIRED,ok,,OK
driver-finance/negative-settlement-liability.service.ts,driver-finance,.service,86,WIRED,2,1,YES,NO,driver_finance.driver_liabilities,1,0,0,NO,NO,1/12,"load_id,unit_id,trailer_id,customer_id,vendor_id,settlement_id,invoice_id,journal_entry_id,item_id,bill_id,work_order_id",— no header comment in the file —,ok,ok,ok,ok,ok,ok,ok,WIRED,FLAG,,OK (I-HEADER only)
driver-finance/payment-methods-catalog.service.ts,driver-finance,.service,176,WIRED,1,0,YES,NO,catalogs.payment_methods,1,1,0,NO,NO,0/12,"load_id,driver_id,unit_id,trailer_id,customer_id,vendor_id,settlement_id,invoice_id,journal_entry_id,item_id,bill_id,work_order_id",— no header comment in the file —,ok,ok,ok,ok,ok,ok,ok,WIRED,FLAG,,OK (I-HEADER only)
driver-finance/retype-settlement-deduction.service.ts,driver-finance,.service,175,ORPHAN,0,0,YES,NO,driver_finance.settlement_lines,0,1,0,NO,NO,3/12,"unit_id,trailer_id,customer_id,vendor_id,invoice_id,journal_entry_id,item_id,bill_id,work_order_id",retype-settlement-deduction.service.ts — SETL-DED-GL (owner ruling 2026-09-06 01:5xZ) correction helper: driver_finance.driver_settlement_deductions.deduction_type is written once at creation and has ,ok,ok,ok,ok,FLAG,ok,ok,ORPHAN,ok,"UPDATE driver_finance.settlement_lines: UPDATE driver_finance.settlement_lines SET is_active = false, voided_at = now(), void_reason = $2, voided_by_user_id = $3::uuid WHERE settlement_id = $1::uuid A",DEFECT: E-SCOPE: unscoped UPDATE/DELETE (1); H-ORPHAN
driver-finance/settlement-ap-chain.service.ts,driver-finance,.service,293,WIRED,2,1,YES,NO,"driver_finance.driver_settlement_gl_runs,driver_finance.driver_settlement_gl_bills,driver_finance.driver_advances,driver_finance.driver_bills",2,3,0,YES,NO,4/12,"unit_id,trailer_id,customer_id,vendor_id,invoice_id,item_id,bill_id,work_order_id","ROUND 326 queue items 2–5 (CC-1) — THE SINGLE SETTLEMENT POSTER. Owner rulings 2026-10-02:
  • driver pay is A/P PER LOAD — one accounting bill per load, numbered EXACTLY as the load, driver as vendor",ok,ok,ok,FLAG,FLAG,ok,ok,WIRED,ok,"UPDATE driver_finance.driver_settlement_gl_runs: UPDATE driver_finance.driver_settlement_gl_runs SET deduction_journal_entry_id = $2::uuid WHERE id = $1::uuid`, [runId, applicationJeId])",DEFECT: D-ATOMIC: multi-table write without txn boundary; E-SCOPE: unscoped UPDATE/DELETE (1)
driver-finance/settlement-continuation.service.ts,driver-finance,.service,69,WIRED,1,1,YES,NO,"accounting.company_settlements,driver_finance.driver_settlements",0,2,0,NO,YES,2/12,"driver_id,unit_id,trailer_id,customer_id,vendor_id,invoice_id,journal_entry_id,item_id,bill_id,work_order_id",— no header comment in the file —,ok,ok,ok,FLAG,ok,ok,ok,WIRED,FLAG,,DEFECT: D-ATOMIC: multi-table write without txn boundary
driver-finance/settlement-contract-terms.service.ts,driver-finance,.service,809,WIRED,2,1,YES,YES,"accounting.journal_entries,driver_finance.settlement_contract_lines,driver_finance.settlement_lines,mdata.drivers,safety.civil_fines,safety.internal_fines,driver_finance.driver_reimbursements",3,5,0,NO,YES,3/12,"unit_id,trailer_id,customer_id,vendor_id,invoice_id,journal_entry_id,item_id,bill_id,work_order_id","C6-MONEY-JE-EXEMPT: driver_finance.settlement_lines rows here are settlement-scoped LINE items (settlement_id FK), not independent cash movements — the settlement HEADER posts one aggregate balanced J",FLAG,FLAG,ok,ok,ok,ok,ok,WIRED,ok,,DEFECT: A-SPINE: JE write without transaction_source_links; B-ATOMIC: money multi-table write without txn boundary
driver-finance/settlement-creator.service.ts,driver-finance,.service,1757,WIRED,2,1,YES,NO,"driver_finance.driver_settlements,fuel.fuel_transactions,accounting.expenses,accounting.expense_lines,driver_finance.settlement_lines,mdata.load_stops,mdata.loads,driver_finance.driver_settlement_deductions",5,3,0,NO,NO,7/12,"trailer_id,customer_id,invoice_id,bill_id,work_order_id","ROUND 180 / R-186 — Settlement Creator orchestration.
EXISTING ENGINES ONLY — no second posting path. Caller owns the transaction.
Preview projects JE lines + control totals; Post is all-or-nothing in",ok,ok,ok,FLAG,FLAG,ok,ok,WIRED,ok,"UPDATE mdata.load_stops: UPDATE mdata.load_stops SET actual_arrival_at = COALESCE(actual_arrival_at, $2::timestamptz), actual_departure_at = COALESCE(actual_departure_at, $2::timestampt || UPDATE driver_finance.driver_settlement_deductions: UPDATE driver_finance.driver_settlement_deductions SET applied_to_settlement_id = $1::uuid, status = 'pending', updated_at = now() WHERE id = $2::uuid `, [settl",DEFECT: D-ATOMIC: multi-table write without txn boundary; E-SCOPE: unscoped UPDATE/DELETE (2)
driver-finance/settlement-deduction-cap.service.ts,driver-finance,.service,350,WIRED,7,1,YES,NO,"driver_finance.settlement_lines,driver_finance.driver_settlement_deductions",1,1,0,NO,NO,2/12,"load_id,unit_id,trailer_id,customer_id,vendor_id,invoice_id,journal_entry_id,item_id,bill_id,work_order_id","C6-MONEY-JE-EXEMPT: driver_finance.settlement_lines rows here are settlement-scoped LINE items, not independent cash movements — the settlement HEADER posts one aggregate balanced JE at finalize via s",ok,ok,ok,FLAG,FLAG,ok,ok,WIRED,ok,"UPDATE driver_finance.driver_settlement_deductions: UPDATE driver_finance.driver_settlement_deductions SET applied_to_settlement_id = $2::uuid, updated_at = now() WHERE id = $1::uuid `, [row.id, input.settlementI",DEFECT: D-ATOMIC: multi-table write without txn boundary; E-SCOPE: unscoped UPDATE/DELETE (1)
driver-finance/settlement-deduction-void.service.ts,driver-finance,.service,213,WIRED,4,1,YES,NO,driver_finance.driver_settlement_deductions,0,1,0,YES,YES,2/12,"load_id,unit_id,trailer_id,customer_id,vendor_id,settlement_id,invoice_id,item_id,bill_id,work_order_id","ACCT-SETL-DEDUCTION-VOID-DESIGN — OWNER RULING 2026-09-05 19:44Z (""why would I forgive the debt""), superseding the earlier docs/bus/OUTBOX-CURSOR.md design this file originally built to (retracted the",ok,ok,ok,ok,FLAG,FLAG,ok,WIRED,ok,"UPDATE driver_finance.driver_settlement_deductions: UPDATE driver_finance.driver_settlement_deductions SET remaining_balance_cents = 0, voided_at = now(), void_reason = $2, voided_by_user_id = $3::uuid, updated_a || UPDATE driver_finance.driver_settlement_deductions: UPDATE driver_finance.driver_settlement_deductions SET remaining_balance_cents = 0, voided_at = now(), void_reason = $2, voided_by_user_id = $3::uuid, updated_a",DEFECT: E-SCOPE: unscoped UPDATE/DELETE (3); F-RETRY: scheduled writer without ON CONFLICT/idempotency/WHERE NOT EXISTS
driver-finance/settlement-dispute.service.ts,driver-finance,.service,747,WIRED,4,1,YES,NO,"driver_finance.driver_settlement_disputes,driver_finance.settlement_lines",2,1,0,NO,YES,3/12,"load_id,unit_id,trailer_id,customer_id,vendor_id,invoice_id,item_id,bill_id,work_order_id",— no header comment in the file —,ok,ok,ok,FLAG,FLAG,ok,ok,WIRED,FLAG,"UPDATE driver_finance.driver_settlement_disputes: UPDATE driver_finance.driver_settlement_disputes SET status = 'under_review', reviewed_by_user_id = $2, reviewed_at = now(), updated_at = now() WHERE id = $1 RE || UPDATE driver_finance.driver_settlement_disputes: UPDATE driver_finance.driver_settlement_disputes SET status = $2, reviewed_by_user_id = $3, reviewed_at = COALESCE(reviewed_at, now()), resolution_notes = $4, r",DEFECT: D-ATOMIC: multi-table write without txn boundary; E-SCOPE: unscoped UPDATE/DELETE (3)
driver-finance/settlement-disputes-p6.service.ts,driver-finance,.service,635,WIRED,2,0,YES,NO,"outbox.events,driver_finance.driver_settlement_disputes,driver_finance.settlement_lines",3,1,0,NO,NO,2/12,"load_id,unit_id,trailer_id,customer_id,vendor_id,invoice_id,journal_entry_id,item_id,bill_id,work_order_id","SET-03 — P6 dispute wire surface over the SINGLE canonical subledger
`driver_finance.driver_settlement_disputes`.
Wire contracts (reason_code / submitted / approved / denied / evidence_r2_paths) stay;",ok,ok,ok,ok,ok,ok,ok,WIRED,ok,,OK
driver-finance/settlement-document.service.ts,driver-finance,.service,348,WIRED,2,0,YES,NO,outbox.events,1,0,0,YES,NO,3/12,"unit_id,trailer_id,customer_id,vendor_id,invoice_id,journal_entry_id,item_id,bill_id,work_order_id",— no header comment in the file —,ok,ok,ok,ok,ok,FLAG,ok,WIRED,FLAG,,DEFECT: F-RETRY: scheduled writer without ON CONFLICT/idempotency/WHERE NOT EXISTS
driver-finance/settlement-historical-attribution.service.ts,driver-finance,.service,320,WIRED,11,1,YES,NO,"driver_finance.historical_settlement_attributions,driver_finance.historical_settlement_attribution_items",2,0,0,NO,YES,4/12,"unit_id,trailer_id,customer_id,vendor_id,invoice_id,item_id,bill_id,work_order_id",— no header comment in the file —,ok,ok,ok,FLAG,ok,ok,ok,WIRED,FLAG,,DEFECT: D-ATOMIC: multi-table write without txn boundary
driver-finance/settlement-line-categorize.service.ts,driver-finance,.service,107,WIRED,2,1,YES,NO,driver_finance.settlement_lines,0,1,0,NO,NO,2/12,"load_id,driver_id,unit_id,trailer_id,customer_id,vendor_id,invoice_id,journal_entry_id,bill_id,work_order_id","ROUND 326 queue item 10 (G-05) — SETTLEMENT-LINE CATEGORIZATION ENGINE. Settlement lines reached close with
item_id, posting_account_id and category all NULL: sixteen writers insert settlement_lines a",ok,ok,ok,ok,ok,ok,ok,WIRED,ok,,OK
driver-finance/settlement-lines-materialize.service.ts,driver-finance,.service,561,WIRED,7,0,YES,NO,"driver_finance.settlement_lines,driver_finance.driver_reimbursements,driver_finance.driver_settlement_deductions",1,3,0,NO,NO,3/12,"unit_id,trailer_id,customer_id,vendor_id,invoice_id,journal_entry_id,item_id,bill_id,work_order_id","settlement-lines-materialize.service.ts — SETL-LINES-GL (owner item, 2026-09-05, deadline 04:00Z).
MEASURED (SETL-TIEOUT-01's own REMAINING): the OLDER, stricter settlement-pdf-5753.mjs requires
every",ok,ok,ok,FLAG,FLAG,ok,FLAG,WIRED,ok,"UPDATE driver_finance.driver_reimbursements: UPDATE driver_finance.driver_reimbursements SET settlement_line_id = $2::uuid, applied_to_settlement_id = COALESCE(applied_to_settlement_id, $3::uuid), status = || UPDATE driver_finance.driver_settlement_deductions: UPDATE driver_finance.driver_settlement_deductions SET applied_to_settlement_id = $2::uuid, remaining_balance_cents = 0, updated_at = now() WHERE id = $1::uuid ",DEFECT: D-ATOMIC: multi-table write without txn boundary; E-SCOPE: unscoped UPDATE/DELETE (4); G-SILENT: empty catch
driver-finance/settlement-load-reassignment.service.ts,driver-finance,.service,370,WIRED,2,1,YES,NO,"driver_finance.driver_settlements,mdata.loads,driver_finance.settlement_lines,driver_finance.driver_settlement_deductions,driver_finance.driver_reimbursements,driver_finance.driver_bills",1,6,0,NO,NO,3/12,"unit_id,trailer_id,customer_id,vendor_id,invoice_id,journal_entry_id,item_id,bill_id,work_order_id","ROUND 23.3 B5 (owner, 2026-09-13, verbatim, AUTHORIZING a new write path after the original ""no new write path"" brief proved unworkable): ""one primitive that moves a load with its bills, settlement li",ok,ok,ok,ok,FLAG,ok,ok,WIRED,ok,"UPDATE mdata.loads: UPDATE mdata.loads SET presettlement_link_id = $1::uuid, updated_at = now() WHERE id = $2::uuid`, [ input.target_settlement_id, input.load_id, ])",DEFECT: E-SCOPE: unscoped UPDATE/DELETE (1)
driver-finance/settlement-pay-line.service.ts,driver-finance,.service,74,WIRED,1,1,YES,NO,driver_finance.settlement_lines,1,0,0,NO,NO,3/12,"unit_id,trailer_id,customer_id,vendor_id,invoice_id,journal_entry_id,item_id,bill_id,work_order_id","ROUND 326 (CC-1, CC-3 request) — ADD A PAY LINE TO A DRIVER'S OPEN SETTLEMENT. There was no way to add a single
detention, layover, bonus or other pay line to an open settlement (the driver page's ""Ad",ok,ok,ok,ok,ok,ok,ok,WIRED,ok,,OK
driver-finance/settlement-payment.service.ts,driver-finance,.service,649,WIRED,3,2,YES,NO,"driver_finance.settlement_payment_events,driver_finance.driver_settlements",1,1,0,NO,YES,2/12,"load_id,unit_id,trailer_id,customer_id,vendor_id,invoice_id,journal_entry_id,item_id,bill_id,work_order_id",— no header comment in the file —,ok,ok,ok,ok,ok,ok,ok,WIRED,FLAG,,OK (I-HEADER only)
driver-finance/settlement-payrun-claim.service.ts,driver-finance,.service,60,WIRED,1,2,YES,NO,driver_finance.payrun_gl_runs,1,1,0,NO,YES,2/12,"load_id,driver_id,unit_id,trailer_id,customer_id,vendor_id,invoice_id,item_id,bill_id,work_order_id",— no header comment in the file —,ok,ok,ok,ok,ok,ok,ok,WIRED,FLAG,,OK (I-HEADER only)
driver-finance/settlement-payrun-close.service.ts,driver-finance,.service,1546,WIRED,6,1,YES,NO,"driver_finance.escrow_balances,driver_finance.escrow_ledger,driver_finance.driver_advances,driver_finance.driver_liabilities,driver_finance.payrun_gl_runs,driver_finance.driver_settlements",2,4,0,NO,YES,4/12,"unit_id,trailer_id,customer_id,vendor_id,invoice_id,item_id,bill_id,work_order_id",— no header comment in the file —,ok,ok,ok,FLAG,ok,ok,ok,WIRED,FLAG,,DEFECT: D-ATOMIC: multi-table write without txn boundary
driver-finance/settlement-payrun-recovery.service.ts,driver-finance,.service,43,WIRED,1,1,YES,NO,,0,0,0,NO,YES,1/12,"load_id,driver_id,unit_id,trailer_id,customer_id,vendor_id,settlement_id,invoice_id,item_id,bill_id,work_order_id",— no header comment in the file —,ok,ok,ok,ok,ok,ok,ok,WIRED,FLAG,,OK (I-HEADER only)
driver-finance/settlement-payrun-reverse.service.ts,driver-finance,.service,342,WIRED,1,0,YES,NO,"driver_finance.escrow_ledger,driver_finance.driver_advances,driver_finance.driver_liabilities,driver_finance.escrow_balances,driver_finance.driver_settlements,driver_finance.payrun_gl_runs",1,5,0,NO,YES,3/12,"load_id,unit_id,trailer_id,customer_id,vendor_id,invoice_id,item_id,bill_id,work_order_id",— no header comment in the file —,ok,ok,ok,FLAG,ok,ok,ok,WIRED,FLAG,,DEFECT: D-ATOMIC: multi-table write without txn boundary
driver-finance/settlement-pdf-renderer.service.ts,driver-finance,.service,205,WIRED,3,0,NO,NO,,0,0,0,NO,NO,2/12,"load_id,unit_id,trailer_id,customer_id,vendor_id,invoice_id,journal_entry_id,item_id,bill_id,work_order_id",— no header comment in the file —,ok,ok,ok,ok,ok,ok,ok,WIRED,FLAG,,OK (I-HEADER only)
driver-finance/settlement-source-document-ref.service.ts,driver-finance,.service,129,WIRED,5,1,YES,NO,driver_finance.driver_settlements,0,1,0,NO,NO,0/12,"load_id,driver_id,unit_id,trailer_id,customer_id,vendor_id,settlement_id,invoice_id,journal_entry_id,item_id,bill_id,work_order_id","settlement-source-document-ref.service.ts — ROUND 10 SOURCE-DOCUMENT-REF.
The signed settlement number (5769–5787, ""USMCA BY LOAD"" sheet col C) has no durable, queryable
home today — driver_finance.dr",ok,ok,ok,ok,ok,ok,ok,WIRED,ok,,OK
driver-finance/settlements-load-bookended.service.ts,driver-finance,.service,1130,WIRED,17,6,YES,NO,"outbox.events,driver_finance.driver_settlements",2,1,0,NO,YES,3/12,"unit_id,trailer_id,customer_id,vendor_id,invoice_id,journal_entry_id,item_id,bill_id,work_order_id",— no header comment in the file —,ok,ok,ok,FLAG,FLAG,ok,ok,WIRED,FLAG,"UPDATE driver_finance.driver_settlements: UPDATE driver_finance.driver_settlements SET gross_pay = $2, deductions_total = $3, reimbursements_total = $4, net_pay = $5, updated_at = now() WHERE id = $1 `, || UPDATE driver_finance.driver_settlements: UPDATE driver_finance.driver_settlements s SET first_load_id = COALESCE(s.first_load_id, b.first_id), first_load_number = COALESCE(s.first_load_number, b.first_",DEFECT: D-ATOMIC: multi-table write without txn boundary; E-SCOPE: unscoped UPDATE/DELETE (4)
driver-finance/settlements.service.ts,driver-finance,.service,314,WIRED,3,2,NO,NO,,0,0,0,YES,NO,2/12,"unit_id,trailer_id,customer_id,vendor_id,settlement_id,invoice_id,journal_entry_id,item_id,bill_id,work_order_id",— no header comment in the file —,ok,ok,ok,ok,ok,ok,ok,WIRED,FLAG,,OK (I-HEADER only)
driver-finance/void-document-callees.service.ts,driver-finance,.service,220,WIRED,3,2,YES,NO,"driver_finance.settlement_lines,driver_finance.driver_settlements",0,2,0,NO,YES,2/12,"load_id,driver_id,unit_id,trailer_id,customer_id,vendor_id,invoice_id,item_id,bill_id,work_order_id","VOID-DOCUMENT-CALLEES (Lead, 2026-09-23, Round 35.3) — ""invert the dependency"": instead of deductions.routes.ts / settlements.routes.ts waiting on CC-1's voidDocument() dispatcher to exist, driver-fin",ok,ok,ok,FLAG,FLAG,ok,ok,WIRED,ok,"UPDATE driver_finance.driver_settlements: UPDATE driver_finance.driver_settlements SET paid_via_bank_txn_id = NULL WHERE id = $1::uuid`, [settlementId])",DEFECT: D-ATOMIC: multi-table write without txn boundary; E-SCOPE: unscoped UPDATE/DELETE (1)
driver-finance/void-open-driver-bill.service.ts,driver-finance,.service,220,ORPHAN,0,0,YES,NO,"driver_finance.driver_bills,driver_finance.settlement_lines",2,2,0,NO,YES,3/12,"unit_id,trailer_id,customer_id,vendor_id,invoice_id,journal_entry_id,item_id,bill_id,work_order_id","void-open-driver-bill.service.ts — SETL-TIEOUT-01 (owner order 2026-09-05, deadline 02:30Z).
A driver_bills row (and the settlement_lines it minted) has NO existing PATCH/void path anywhere
in the cod",ok,ok,ok,FLAG,FLAG,ok,ok,ORPHAN,ok,"UPDATE driver_finance.driver_bills: UPDATE driver_finance.driver_bills SET status = 'void', voided_at = now(), void_reason = $2, voided_by_user_id = $3::uuid WHERE id = $1::uuid AND status = 'open || UPDATE driver_finance.settlement_lines: UPDATE driver_finance.settlement_lines SET is_active = false, voided_at = now(), void_reason = $2, voided_by_user_id = $3::uuid WHERE id = $1::uuid AND is_activ",DEFECT: D-ATOMIC: multi-table write without txn boundary; E-SCOPE: unscoped UPDATE/DELETE (2); H-ORPHAN
driver-manager/role-views/dm-home.service.ts,driver-manager,.service,518,WIRED,1,1,NO,NO,,0,0,0,YES,YES,3/12,"unit_id,trailer_id,customer_id,vendor_id,settlement_id,invoice_id,journal_entry_id,bill_id,work_order_id","GAP-69 — Driver Manager Home Data Aggregator
Aggregates driver retention, comms, payroll, and scoring KPIs for the Manager role home view.
Each source uses graceful degradation when underlying tables ",ok,ok,ok,ok,ok,ok,ok,WIRED,ok,,OK
driver-profile/driver-profile-tabs.service.ts,driver-profile,.service,188,WIRED,1,0,NO,NO,,0,0,0,NO,NO,3/12,"trailer_id,customer_id,vendor_id,settlement_id,invoice_id,journal_entry_id,item_id,bill_id,work_order_id","ORDERS 2026-10-01 row 4 — DRIVER PROFILE backend, one read per tab (Cursor builds the screen).
Every tab is scoped to ONE driver of ONE operating company and is read-only.
Attribution rule (linkage la",ok,ok,ok,ok,ok,ok,ok,WIRED,ok,,OK
drivers/communications.service.ts,drivers,.service,111,WIRED,1,0,NO,NO,,0,0,0,NO,NO,1/12,"load_id,unit_id,trailer_id,customer_id,vendor_id,settlement_id,invoice_id,journal_entry_id,item_id,bill_id,work_order_id",— no header comment in the file —,ok,ok,ok,ok,ok,ok,ok,WIRED,FLAG,,OK (I-HEADER only)
drivers/document-alerts.cron.ts,drivers,.cron,49,WIRED,2,0,NO,NO,,0,0,0,YES,NO,0/12,"load_id,driver_id,unit_id,trailer_id,customer_id,vendor_id,settlement_id,invoice_id,journal_entry_id,item_id,bill_id,work_order_id",— no header comment in the file —,ok,ok,ok,ok,ok,ok,ok,WIRED,FLAG,,OK (I-HEADER only)
drivers/document-alerts.service.ts,drivers,.service,592,WIRED,2,1,YES,NO,"safety.document_alert_events,safety.document_alert_rules",1,2,0,NO,NO,1/12,"load_id,unit_id,trailer_id,customer_id,vendor_id,settlement_id,invoice_id,journal_entry_id,item_id,bill_id,work_order_id",— no header comment in the file —,ok,ok,ok,FLAG,ok,ok,ok,WIRED,FLAG,,DEFECT: D-ATOMIC: multi-table write without txn boundary
drivers/messages.service.ts,drivers,.service,409,WIRED,2,2,YES,NO,mdata.driver_profile_messages,1,1,0,NO,NO,1/12,"load_id,unit_id,trailer_id,customer_id,vendor_id,settlement_id,invoice_id,journal_entry_id,item_id,bill_id,work_order_id",— no header comment in the file —,ok,ok,ok,ok,ok,ok,ok,WIRED,FLAG,,OK (I-HEADER only)
drivers/retention/scorer.service.ts,drivers,.service,139,WIRED,2,1,YES,NO,drivers.retention_scores,1,0,0,NO,NO,1/12,"load_id,unit_id,trailer_id,customer_id,vendor_id,settlement_id,invoice_id,journal_entry_id,item_id,bill_id,work_order_id",— no header comment in the file —,ok,ok,ok,ok,ok,ok,ok,WIRED,FLAG,,OK (I-HEADER only)
email/queue.service.ts,email,.service,82,WIRED,19,3,YES,NO,email.email_queue,1,0,0,NO,NO,0/12,"load_id,driver_id,unit_id,trailer_id,customer_id,vendor_id,settlement_id,invoice_id,journal_entry_id,item_id,bill_id,work_order_id",— no header comment in the file —,ok,ok,ok,ok,ok,ok,ok,WIRED,FLAG,,OK (I-HEADER only)
expense-attribution/attribute.service.ts,expense-attribution,.service,155,WIRED,1,1,NO,NO,,0,0,0,NO,NO,1/12,"driver_id,unit_id,trailer_id,customer_id,vendor_id,settlement_id,invoice_id,journal_entry_id,item_id,bill_id,work_order_id",— no header comment in the file —,ok,ok,ok,ok,ok,ok,ok,WIRED,FLAG,,OK (I-HEADER only)
factoring/auto-submit-on-delivery.service.ts,factoring,.service,221,WIRED,3,0,YES,NO,"accounting.factoring_advances,accounting.invoices",1,1,0,NO,NO,2/12,"driver_id,unit_id,trailer_id,vendor_id,settlement_id,invoice_id,journal_entry_id,item_id,bill_id,work_order_id","FACT-DELIVERED-AUTO (owner ruling 2026-09-09, verbatim: ""ALL DOCS ARE IN ALWAYS. THE DELIVERED,
SHOULD ALREADY HAVE GONE TO FACTORING MODULE ... AND SHOULD HAVE ALREADY CREATED THE PURCHASES.
SHOULD H",ok,ok,ok,FLAG,FLAG,ok,ok,WIRED,ok,"UPDATE accounting.invoices: UPDATE accounting.invoices SET factoring_advance_id = $2, factoring_status = 'submitted', -- T4 (ROUND 124): factor.id was already resolved above (getFactorForC",DEFECT: D-ATOMIC: multi-table write without txn boundary; E-SCOPE: unscoped UPDATE/DELETE (1)
factoring/bank-match.service.ts,factoring,.service,278,WIRED,2,1,YES,NO,"factoring.bank_match_suggestion,banking.bank_transactions",1,2,1,NO,NO,0/12,"load_id,driver_id,unit_id,trailer_id,customer_id,vendor_id,settlement_id,invoice_id,journal_entry_id,item_id,bill_id,work_order_id",— no header comment in the file —,ok,ok,ok,FLAG,FLAG,ok,ok,WIRED,FLAG,"DELETE factoring.bank_match_suggestion: DELETE FROM factoring.bank_match_suggestion WHERE tenant_id = $1::uuid AND bank_txn_id = $2::uuid AND applied_at IS NULL `, [tenantId, bankTxn.id] ) || UPDATE factoring.bank_match_suggestion: UPDATE factoring.bank_match_suggestion SET applied_at = now() WHERE id = $1::uuid AND tenant_id = $2::uuid AND applied_at IS NULL RETURNING id::text, bank_txn_i",DEFECT: D-ATOMIC: multi-table write without txn boundary; E-SCOPE: unscoped UPDATE/DELETE (2)
factoring/batch.service.ts,factoring,.service,512,WIRED,2,2,YES,NO,"factoring.batch,accounting.invoices",1,2,0,NO,YES,2/12,"load_id,driver_id,unit_id,trailer_id,vendor_id,settlement_id,journal_entry_id,item_id,bill_id,work_order_id",— no header comment in the file —,ok,ok,ok,FLAG,FLAG,ok,ok,WIRED,FLAG,"UPDATE factoring.batch: UPDATE factoring.batch SET status = 'submitted', submitted_at = now() WHERE id = $1::uuid AND tenant_id = $2::uuid RETURNING * `, [batchId, tenantId] ) || UPDATE factoring.batch: UPDATE factoring.batch SET status = 'funded', funded_at = now() WHERE id = $1::uuid AND tenant_id = $2::uuid RETURNING * `, [batchId, tenantId] )",DEFECT: D-ATOMIC: multi-table write without txn boundary; E-SCOPE: unscoped UPDATE/DELETE (2)
factoring/factor.service.ts,factoring,.service,923,WIRED,7,2,YES,NO,"factoring.factor,factoring.letter_of_release,factoring.customer_factor_assignment,mdata.customers",3,3,0,YES,NO,1/12,"load_id,driver_id,unit_id,trailer_id,vendor_id,settlement_id,invoice_id,journal_entry_id,item_id,bill_id,work_order_id",— no header comment in the file —,ok,ok,ok,FLAG,FLAG,FLAG,ok,WIRED,FLAG,"UPDATE factoring.factor: UPDATE factoring.factor SET ${updates.join("", "")} WHERE tenant_id = $1::uuid AND id = $2::uuid RETURNING id::text, tenant_id::text, name, advance_rate::numeric, || UPDATE factoring.factor: UPDATE factoring.factor SET active = false, updated_at = now() WHERE tenant_id = $1::uuid AND id = $2::uuid RETURNING id::text, tenant_id::text, name, advance_r",DEFECT: D-ATOMIC: multi-table write without txn boundary; E-SCOPE: unscoped UPDATE/DELETE (3); F-RETRY: scheduled writer without ON CONFLICT/idempotency/WHERE NOT EXISTS
factoring/factoring-kpi.service.ts,factoring,.service,252,WIRED,6,0,NO,NO,,0,0,0,NO,YES,4/12,"driver_id,unit_id,trailer_id,vendor_id,settlement_id,item_id,bill_id,work_order_id",ROUND 326.2 item 1 — FACTORING KPI ENGINE. Every KPI is computed server-side from the LEDGER (journal_entry_postings on the factoring role accounts) or from the purchase DOCUMENT (accounting.factoring,ok,ok,ok,ok,ok,ok,ok,WIRED,ok,,OK
factoring/packet-assemble.service.ts,factoring,.service,423,WIRED,3,0,YES,NO,"accounting.invoices,mdata.loads",1,1,0,YES,NO,3/12,"driver_id,unit_id,trailer_id,vendor_id,settlement_id,journal_entry_id,item_id,bill_id,work_order_id","C6-MONEY-JE-EXEMPT: the accounting.invoices row created here is the same LOAD invoice document
from-load.ts builds (backfill when none exists yet) — the real revenue-recognition JE posts once
via revr",ok,ok,ok,ok,ok,ok,ok,WIRED,ok,,OK
factoring/purchase-candidates.service.ts,factoring,.service,517,WIRED,2,1,YES,NO,"driver_finance.feed_intake_checks,accounting.invoices",1,1,0,YES,NO,4/12,"driver_id,unit_id,trailer_id,vendor_id,journal_entry_id,item_id,bill_id,work_order_id",ROUND 315 (FINAL) step 3 — the Submit to Factor tab's server side. No GL math lives here: the purchase itself is created and posted only through purchase.service.ts (createPurchaseDraft / postPurchase,ok,ok,ok,FLAG,ok,FLAG,ok,WIRED,ok,,DEFECT: D-ATOMIC: multi-table write without txn boundary; F-RETRY: scheduled writer without ON CONFLICT/idempotency/WHERE NOT EXISTS
factoring/purchase-send.service.ts,factoring,.service,139,WIRED,1,0,YES,NO,accounting.factoring_purchases,0,1,0,YES,NO,2/12,"driver_id,unit_id,trailer_id,customer_id,vendor_id,settlement_id,journal_entry_id,item_id,bill_id,work_order_id","ROUND 315 (FINAL) step 3 — ""Save and send"": after the owner posts a purchase, email it to the factor (Faro). Reuses what already exists, invents nothing:   - the invoice document = the app's own invoi",ok,ok,ok,ok,ok,FLAG,ok,WIRED,ok,,DEFECT: F-RETRY: scheduled writer without ON CONFLICT/idempotency/WHERE NOT EXISTS
factoring/purchase.service.ts,factoring,.service,432,WIRED,2,0,YES,NO,"accounting.factoring_purchases,accounting.factoring_purchase_lines,accounting.factoring_advances,accounting.invoices",3,4,0,NO,YES,5/12,"driver_id,unit_id,trailer_id,vendor_id,item_id,bill_id,work_order_id","ROUND 315 (FINAL) step 2 — PURCHASE = THE DOCUMENT. One accounting.factoring_purchases row per Faro wire, one accounting.factoring_purchase_lines row per invoice (migration 202615180800). Owner-only (",ok,ok,ok,FLAG,FLAG,ok,ok,WIRED,ok,"UPDATE accounting.factoring_purchases: UPDATE accounting.factoring_purchases SET docs_override_at = now(), docs_override_by_user_id = $2::uuid, docs_override_reason = $3 WHERE id = $1::uuid`, [purcha || UPDATE accounting.factoring_advances: UPDATE accounting.factoring_advances SET status = 'advanced', advanced_at = $2::date WHERE id = $1::uuid`, [adv.id, purchaseDate] )",DEFECT: D-ATOMIC: multi-table write without txn boundary; E-SCOPE: unscoped UPDATE/DELETE (7)
factoring/repurchase-due.service.ts,factoring,.service,173,WIRED,2,1,YES,NO,accounting.factoring_repurchase_due_events,1,1,0,NO,NO,2/12,"load_id,driver_id,unit_id,trailer_id,vendor_id,settlement_id,journal_entry_id,item_id,bill_id,work_order_id","Lead ROUND 296 / 297 + owner (2026-10-02): ""WHEN RECOURSE TIME ARRIVES IT MUST ASK, NOT RECOURSE AUTOMATICALLY.""  Day 95 from a purchase date is the Repurchase Deadline (contract-config.ts). A purchas",ok,ok,ok,ok,ok,ok,ok,WIRED,ok,,OK
factoring/reserve-by-customer.service.ts,factoring,.service,148,WIRED,1,0,NO,NO,,0,0,0,YES,NO,2/12,"load_id,driver_id,unit_id,trailer_id,vendor_id,settlement_id,journal_entry_id,item_id,bill_id,work_order_id","Lead ROUND 296 §3 / owner ""they are not cards"" — the per-customer Faro reserve, a ROW PER CUSTOMER, computed by ONE query that also proves itself: the column total ties to the GL balance of the Faro r",ok,ok,ok,ok,ok,ok,ok,WIRED,ok,,OK
factoring/reserve.service.ts,factoring,.service,297,WIRED,4,1,YES,NO,factoring.reserve_movement,1,0,0,YES,YES,0/12,"load_id,driver_id,unit_id,trailer_id,customer_id,vendor_id,settlement_id,invoice_id,journal_entry_id,item_id,bill_id,work_order_id",— no header comment in the file —,ok,ok,ok,ok,ok,FLAG,ok,WIRED,FLAG,,DEFECT: F-RETRY: scheduled writer without ON CONFLICT/idempotency/WHERE NOT EXISTS
factoring/submission-queue.service.ts,factoring,.service,295,WIRED,2,0,NO,NO,,0,0,0,NO,NO,4/12,"driver_id,unit_id,trailer_id,settlement_id,journal_entry_id,item_id,bill_id,work_order_id",— no header comment in the file —,ok,ok,ok,ok,ok,ok,ok,WIRED,FLAG,,OK (I-HEADER only)
feed/document-expense-ingestion.service.ts,feed,.service,112,WIRED,1,1,YES,NO,accounting.expenses,0,1,0,NO,NO,1/12,"driver_id,unit_id,trailer_id,customer_id,vendor_id,settlement_id,invoice_id,journal_entry_id,item_id,bill_id,work_order_id","ROUND 326 queue item 9 (G-01) — DOCUMENT-EXPENSE INGESTION ENGINE. Reads ONE signed settlement document (the
checked-in AlwaysTrack truth JSON, never a re-parsed PDF, never a retyped figure) and creat",ok,ok,ok,ok,ok,ok,ok,WIRED,ok,,OK
feed/ensure-settlement-from-fed-bills.service.ts,feed,.service,358,ORPHAN,0,0,YES,NO,"driver_finance.driver_settlements,driver_finance.driver_bills",1,2,0,NO,NO,4/12,"unit_id,trailer_id,customer_id,vendor_id,invoice_id,item_id,bill_id,work_order_id","ROUND 152.1 — mint driver settlements (and, on close, company settlements) from fed data.
Why this exists: `feed-settlement-day.mts` books loads / invoices / driver bills from AlwaysTrack
control, but",ok,ok,ok,FLAG,FLAG,ok,ok,ORPHAN,ok,"UPDATE driver_finance.driver_bills: UPDATE driver_finance.driver_bills SET driver_id = $1::uuid, updated_at = now() WHERE id = $2::uuid AND voided_at IS NULL`, [doc.driverId, bill.id] ) || UPDATE driver_finance.driver_bills: UPDATE driver_finance.driver_bills SET settled_in_settlement_id = $1::uuid, updated_at = now() WHERE id = $2::uuid AND (settled_in_settlement_id IS NULL OR sett",DEFECT: D-ATOMIC: multi-table write without txn boundary; E-SCOPE: unscoped UPDATE/DELETE (2); H-ORPHAN
feed/feed-day-preflight.service.ts,feed,.service,356,WIRED,1,0,NO,NO,,0,0,0,NO,NO,2/12,"driver_id,unit_id,trailer_id,customer_id,vendor_id,invoice_id,journal_entry_id,item_id,bill_id,work_order_id","ROUND 131.3 (owner, via the Lead) — DAY-1 FEED GATE.  A feed day REFUSES to open unless all five hold, measured live, cents not dollars, USMCA only:   1. every load_number the day's document names is ",ok,ok,ok,ok,ok,ok,ok,WIRED,ok,,OK
feed/seed-settlement-document.service.ts,feed,.service,1242,WIRED,2,1,YES,NO,"accounting.invoices,accounting.invoice_lines,accounting.expenses,accounting.expense_lines,expense_attribution.expense_load_links,fuel.fuel_transactions,driver_finance.driver_settlements,mdata.loads,driver_finance.driver_bills",7,2,0,YES,NO,10/12,"bill_id,work_order_id","SEED ENGINE — one AlwaysTrack settlement document, idempotent by document number.  Input is a matched pair of truth-JSON entries from data/alwaystrack/settlements-truth-2026-09-13.json (`{ company, dr",ok,ok,ok,ok,FLAG,ok,ok,WIRED,ok,"UPDATE mdata.loads: UPDATE mdata.loads SET assigned_primary_driver_id = $1::uuid, updated_at = now() WHERE id = $2::uuid`, [driverId, loadId] ) || UPDATE driver_finance.driver_bills: UPDATE driver_finance.driver_bills SET settled_in_settlement_id = $1::uuid WHERE id = $2::uuid AND settled_in_settlement_id IS NULL`, [settlementId, billId] )",DEFECT: E-SCOPE: unscoped UPDATE/DELETE (2)
finance/amortization/amortization.service.ts,finance,.service,158,WIRED,1,1,YES,NO,"finance.loans,finance.loan_amortization_rows",2,0,0,YES,NO,0/12,"load_id,driver_id,unit_id,trailer_id,customer_id,vendor_id,settlement_id,invoice_id,journal_entry_id,item_id,bill_id,work_order_id","FH-3 Amortization engine — create loans + generate/store amortization schedules.
Reuses FH-2 loan-math for the schedule. Writes ONLY to finance.* (its own tables); performs
NO GL posting (no accountin",ok,ok,ok,FLAG,ok,FLAG,ok,WIRED,ok,,DEFECT: D-ATOMIC: multi-table write without txn boundary; F-RETRY: scheduled writer without ON CONFLICT/idempotency/WHERE NOT EXISTS
finance/calculator/calculator.service.ts,finance,.service,71,WIRED,1,1,NO,NO,,0,0,0,YES,NO,0/12,"load_id,driver_id,unit_id,trailer_id,customer_id,vendor_id,settlement_id,invoice_id,journal_entry_id,item_id,bill_id,work_order_id","FH-4 Finance Calculator — PURE modeling (no DB, no writes, never posts).
Reuses FH-2 loan-math. Computes per-scenario: monthly payment, total interest, payoff date, and a
short amortization preview; s",ok,ok,ok,ok,ok,ok,ok,WIRED,ok,,OK
finance/loan-wizard/preview.service.ts,finance,.service,154,WIRED,1,1,NO,NO,,0,0,0,YES,NO,0/12,"load_id,driver_id,unit_id,trailer_id,customer_id,vendor_id,settlement_id,invoice_id,journal_entry_id,item_id,bill_id,work_order_id","FH-2 Loan Wizard — preview assembly (PURE: no DB, no writes).
Takes wizard inputs and returns the full preview-first draft set that the feature would
eventually create: loan record, fixed asset(s) + d",ok,ok,ok,ok,ok,ok,ok,WIRED,ok,,OK
finance/scenarios/scenarios.service.ts,finance,.service,366,WIRED,1,1,YES,NO,"finance.forecast_scenarios,finance.forecast_lines",2,2,0,NO,NO,2/12,"load_id,driver_id,unit_id,trailer_id,settlement_id,invoice_id,journal_entry_id,item_id,bill_id,work_order_id","LV-FINANCE-PLANNING-PLACEHOLDER-ROUTES — finance forecast/scenario planning engine.
Writes ONLY to finance.forecast_scenarios / finance.forecast_lines (its own tables, migration
202612600000). NO GL p",ok,ok,ok,FLAG,FLAG,ok,ok,WIRED,ok,"UPDATE finance.forecast_scenarios: UPDATE finance.forecast_scenarios SET status = 'superseded', superseded_by_scenario_id = $2::uuid, superseded_at = now(), updated_at = now(), updated_by_user_id || UPDATE finance.forecast_scenarios: UPDATE finance.forecast_scenarios SET status = 'active', updated_at = now(), updated_by_user_id = $2::uuid WHERE id = $1::uuid RETURNING *`, [scenarioId, actorU",DEFECT: D-ATOMIC: multi-table write without txn boundary; E-SCOPE: unscoped UPDATE/DELETE (2)
fleet/roster-integrity.cron.ts,fleet,.cron,25,WIRED,1,0,NO,NO,,0,0,0,YES,NO,0/12,"load_id,driver_id,unit_id,trailer_id,customer_id,vendor_id,settlement_id,invoice_id,journal_entry_id,item_id,bill_id,work_order_id",— no header comment in the file —,ok,ok,ok,ok,ok,ok,ok,WIRED,FLAG,,OK (I-HEADER only)
fleet/roster-integrity.service.ts,fleet,.service,292,WIRED,2,0,YES,NO,fleet.roster_findings,1,1,0,YES,NO,2/12,"load_id,driver_id,trailer_id,customer_id,settlement_id,invoice_id,journal_entry_id,item_id,bill_id,work_order_id","ROUND 313 CC-1 #1 — E-17 FLEET ROSTER INTEGRITY.
Reconciles every active unit (mdata.units, operating entity = COALESCE(currently_leased_to_company_id,
owner_company_id)) against the systems that must",ok,ok,ok,ok,ok,ok,ok,WIRED,ok,,OK
fuel/fuel-card-assignments.service.ts,fuel,.service,155,WIRED,2,0,YES,NO,fuel.fuel_card_assignments,1,1,0,NO,YES,2/12,"load_id,trailer_id,customer_id,vendor_id,settlement_id,invoice_id,journal_entry_id,item_id,bill_id,work_order_id","E-22 registry addition — fuel card -> truck (+ driver) over effective dates (fuel.fuel_card_assignments,
migration 202615140600). ""So a card alone can resolve a unit.""
Only a card's LAST DIGITS are ev",ok,ok,ok,ok,ok,ok,ok,WIRED,ok,,OK
fuel/fuel-card-overage-contract.service.ts,fuel,.service,47,WIRED,2,1,NO,NO,,0,0,0,NO,NO,0/12,"load_id,driver_id,unit_id,trailer_id,customer_id,vendor_id,settlement_id,invoice_id,journal_entry_id,item_id,bill_id,work_order_id","FUEL-03 — contract authority gate for driver fuel-overage recovery.
Owner A3/A3c: a driver receivable is allowed ONLY when a signed driver contract exists
(signed_electronically or signed_on_paper wit",ok,ok,ok,ok,ok,ok,ok,WIRED,ok,,OK
fuel/fuel-card-overage-posting.service.ts,fuel,.service,119,WIRED,1,0,YES,NO,fuel.fuel_card_overage_events,0,1,0,NO,NO,2/12,"load_id,unit_id,trailer_id,customer_id,vendor_id,settlement_id,invoice_id,item_id,bill_id,work_order_id","FUEL-03 — book driver fuel-overage receivable via the existing JE writer (no new GL math).
Economics: company already expensed the full card swipe via postFuelExpenseFromEvent. The overage
portion is ",ok,ok,ok,ok,ok,ok,ok,WIRED,ok,,OK
fuel/fuel-card-overage.service.ts,fuel,.service,590,WIRED,3,1,YES,NO,"fuel.fuel_card_overage_events,fuel.fuel_transactions",1,2,0,NO,YES,3/12,"load_id,trailer_id,customer_id,vendor_id,settlement_id,invoice_id,item_id,bill_id,work_order_id","FUEL-03 — fuel-card overage engine (evaluate → flag → approve → receivable).
ROOT CAUSE: policies existed but nothing evaluated spend vs cap; over-cap events sat unprocessed.
OWNER A3/A3b/A3c: approve",ok,ok,ok,ok,ok,ok,ok,WIRED,ok,,OK
fuel/fuel-expense-document.service.ts,fuel,.service,607,WIRED,4,2,YES,NO,"accounting.expenses,accounting.expense_lines,expense_attribution.expense_load_links",3,0,0,NO,YES,7/12,"customer_id,settlement_id,invoice_id,bill_id,work_order_id","FUEL GETS ITS DOCUMENT — closing the only posting in this system with nothing behind it.
ROUND 290.1 CANONICAL RULE (2026-09-30) — WRITTEN DOWN SO NOBODY RE-LITIGATES IT:
A fuel purchase is ONE econom",ok,ok,ok,FLAG,ok,ok,ok,WIRED,ok,,DEFECT: D-ATOMIC: multi-table write without txn boundary
fuel/fuel-fraud-recovery.service.ts,fuel,.service,111,WIRED,2,0,YES,NO,"fuel.fuel_card_overage_events,fuel.fraud_alerts",1,1,0,NO,NO,2/12,"load_id,trailer_id,customer_id,vendor_id,settlement_id,invoice_id,journal_entry_id,item_id,bill_id,work_order_id","Fuel fraud -> recovery chain (CC-2, owner law 2026-10-01). A CONFIRMED fraud alert opens the recovery
of its purchase through the FUEL-03 overage engine — the same event table, the same approve route,",ok,ok,ok,FLAG,ok,ok,ok,WIRED,ok,,DEFECT: D-ATOMIC: multi-table write without txn boundary
fuel/fuel-geofence-recommendation.engine.ts,fuel,.engine,139,WIRED,1,0,NO,NO,,0,0,0,NO,NO,1/12,"driver_id,unit_id,trailer_id,customer_id,vendor_id,settlement_id,invoice_id,journal_entry_id,item_id,bill_id,work_order_id","B-25 — fuel geofence recommendation engine (Lead order, docs/bus/NOW-CC-2.md ROUND 294).
Owner, verbatim: ""if samsara fails, in purchases of fuel we should input manually and
recommendation from the e",ok,ok,ok,ok,ok,ok,ok,WIRED,ok,,OK
fuel/fuel-gps-verdict.service.ts,fuel,.service,170,WIRED,1,1,NO,NO,,0,0,0,NO,NO,1/12,"load_id,driver_id,trailer_id,customer_id,vendor_id,settlement_id,invoice_id,journal_entry_id,item_id,bill_id,work_order_id","ROUND 306 E-22 (fixed) — which truck was at the pump, decided by two independent signals.
WHAT WAS WRONG. safety/fuel-gps-match.service.ts matched fuel-merchant BANK LINES to ""the company
truck whose ",ok,ok,ok,ok,ok,ok,ok,WIRED,ok,,OK
fuel/fuel-integrity-verdicts.service.ts,fuel,.service,117,WIRED,1,0,NO,NO,,0,0,0,NO,NO,3/12,"trailer_id,customer_id,vendor_id,settlement_id,invoice_id,journal_entry_id,item_id,bill_id,work_order_id","ROUND 306 (Lead NEXT 3) — the Fuel page's per-transaction read model. No new engine: it reads
what E-19/E-21/E-22 already decide, and writes nothing.
  card rows   (fuel.fuel_transactions) — is it a r",ok,ok,ok,ok,ok,ok,ok,WIRED,ok,,OK
fuel/fuel-time-derivation.service.ts,fuel,.service,303,WIRED,6,0,YES,NO,fuel.fuel_transaction_derivations,1,0,0,NO,NO,2/12,"load_id,driver_id,trailer_id,customer_id,settlement_id,invoice_id,journal_entry_id,item_id,bill_id,work_order_id","ORDERS-2026-10-01 CC-2 rows 5-6 — derive a real pump time (and the IFTA state) for fuel rows whose
source carries only a DATE.
Why: 125 USMCA diesel rows are stamped 00:00 / 12:00 UTC because their st",ok,ok,ok,ok,ok,ok,ok,WIRED,ok,,OK
home/factoring-balance-invoice-linkage.service.ts,home,.service,848,WIRED,5,2,NO,NO,,0,0,0,NO,NO,0/12,"load_id,driver_id,unit_id,trailer_id,customer_id,vendor_id,settlement_id,invoice_id,journal_entry_id,item_id,bill_id,work_order_id","0280-05-factoring-balance-invoice-linkage — read-only Factoring Balance contract.
CPA VETO (2026-07-19, heads bb8b80f9f → ee7ba85ee → this revision):
  - Per-factor / per-advance JE + source-link arti",ok,ok,ok,ok,ok,ok,ok,WIRED,ok,,OK
home/revenue-gl-linkage.service.ts,home,.service,889,WIRED,1,2,NO,NO,,0,0,0,NO,YES,3/12,"driver_id,unit_id,trailer_id,customer_id,vendor_id,settlement_id,item_id,bill_id,work_order_id","0280-02-revenue-gl-linkage — read-only dual-basis Home revenue cross-check.
ROOT CAUSE: /home/today-revenue and /home/weekly-revenue summed accounting.invoices.total_cents
only (UTC CURRENT_DATE), wit",ok,ok,ok,ok,ok,ok,ok,WIRED,ok,,OK
home/scenario-certify.cron.ts,home,.cron,69,WIRED,1,0,NO,NO,,0,0,0,YES,NO,0/12,"load_id,driver_id,unit_id,trailer_id,customer_id,vendor_id,settlement_id,invoice_id,journal_entry_id,item_id,bill_id,work_order_id",@cron-tenant-agnostic: the certifier deliberately evaluates EVERY entity in one pass and must NOT set app.operating_company_id. Measured on prod: setting that GUC alongside the lucia bypass drops visi,ok,ok,ok,ok,ok,ok,ok,WIRED,ok,,OK
home/scenario-certify.service.ts,home,.service,144,WIRED,1,0,NO,NO,,0,0,0,YES,NO,0/12,"load_id,driver_id,unit_id,trailer_id,customer_id,vendor_id,settlement_id,invoice_id,journal_entry_id,item_id,bill_id,work_order_id","SCENARIO CERTIFIER — the single implementation (spec §4, GAP-D).
`audit.scenario_status` had zero rows and zero callers: the table and its SECURITY DEFINER writer
shipped and nothing ever wrote to the",ok,ok,ok,ok,ok,ok,ok,WIRED,ok,,OK
home/scenario-probe.service.ts,home,.service,43,WIRED,2,1,NO,NO,,0,0,0,NO,NO,0/12,"load_id,driver_id,unit_id,trailer_id,customer_id,vendor_id,settlement_id,invoice_id,journal_entry_id,item_id,bill_id,work_order_id",— no header comment in the file —,ok,ok,ok,ok,ok,ok,ok,WIRED,FLAG,,OK (I-HEADER only)
home/scenario-tracker.service.ts,home,.service,327,WIRED,1,0,NO,NO,,0,0,0,NO,NO,0/12,"load_id,driver_id,unit_id,trailer_id,customer_id,vendor_id,settlement_id,invoice_id,journal_entry_id,item_id,bill_id,work_order_id","HOMEPAGE LIVE SCENARIO TRACKER §5 + §7 — live probes and the response assembler.
THE ONE LAW: status is DERIVED at request time and never stored and read back. Every stage below
is a predicate evaluat",ok,ok,ok,ok,ok,ok,ok,WIRED,ok,,OK
identity/notification-prefs.service.ts,identity,.service,186,WIRED,2,1,NO,NO,,0,0,0,NO,NO,0/12,"load_id,driver_id,unit_id,trailer_id,customer_id,vendor_id,settlement_id,invoice_id,journal_entry_id,item_id,bill_id,work_order_id",— no header comment in the file —,ok,ok,ok,ok,ok,ok,ok,WIRED,FLAG,,OK (I-HEADER only)
identity/user-preferences.service.ts,identity,.service,69,WIRED,3,0,YES,NO,identity.user_preferences,1,0,0,NO,NO,0/12,"load_id,driver_id,unit_id,trailer_id,customer_id,vendor_id,settlement_id,invoice_id,journal_entry_id,item_id,bill_id,work_order_id",— no header comment in the file —,ok,ok,ok,ok,ok,ok,ok,WIRED,FLAG,,OK (I-HEADER only)
insurance/coi-pdf-renderer.service.ts,insurance,.service,338,TEST-ONLY,0,1,NO,NO,,0,0,0,YES,NO,0/12,"load_id,driver_id,unit_id,trailer_id,customer_id,vendor_id,settlement_id,invoice_id,journal_entry_id,item_id,bill_id,work_order_id",— no header comment in the file —,ok,ok,ok,ok,ok,ok,ok,TEST-ONLY,FLAG,,OK (TEST-ONLY)
insurance/coi.service.ts,insurance,.service,206,WIRED,1,0,YES,NO,insurance.coi_request,1,1,0,NO,NO,1/12,"load_id,driver_id,unit_id,trailer_id,vendor_id,settlement_id,invoice_id,journal_entry_id,item_id,bill_id,work_order_id",— no header comment in the file —,ok,ok,ok,ok,FLAG,ok,ok,WIRED,FLAG,"UPDATE insurance.coi_request: UPDATE insurance.coi_request SET ${assignments.join("", "")} WHERE tenant_id = $1::uuid AND id = $2::uuid RETURNING ${selectColumns()} `, values )",DEFECT: E-SCOPE: unscoped UPDATE/DELETE (1)
insurance/coverage-gap.service.ts,insurance,.service,167,WIRED,4,1,NO,NO,,0,0,0,NO,NO,0/12,"load_id,driver_id,unit_id,trailer_id,customer_id,vendor_id,settlement_id,invoice_id,journal_entry_id,item_id,bill_id,work_order_id",— no header comment in the file —,ok,ok,ok,ok,ok,ok,ok,WIRED,FLAG,,OK (I-HEADER only)
insurance/dispersal.service.ts,insurance,.service,277,WIRED,2,1,NO,NO,,0,0,0,YES,NO,0/12,"load_id,driver_id,unit_id,trailer_id,customer_id,vendor_id,settlement_id,invoice_id,journal_entry_id,item_id,bill_id,work_order_id",— no header comment in the file —,ok,ok,ok,ok,ok,ok,ok,WIRED,FLAG,,OK (I-HEADER only)
insurance/late-fee.service.ts,insurance,.service,135,WIRED,1,1,YES,NO,insurance.payment_schedule,0,1,0,YES,NO,0/12,"load_id,driver_id,unit_id,trailer_id,customer_id,vendor_id,settlement_id,invoice_id,journal_entry_id,item_id,bill_id,work_order_id",— no header comment in the file —,ok,ok,ok,ok,FLAG,FLAG,ok,WIRED,FLAG,"UPDATE insurance.payment_schedule: UPDATE insurance.payment_schedule ps SET status = 'late_fee_applied', late_fee_cents = GREATEST( 0, ROUND((candidate.amount_cents::numeric * candidate.late_fee_",DEFECT: E-SCOPE: unscoped UPDATE/DELETE (1); F-RETRY: scheduled writer without ON CONFLICT/idempotency/WHERE NOT EXISTS
insurance/payment-reminder.service.ts,insurance,.service,143,WIRED,2,1,YES,NO,insurance.payment_schedule,0,1,0,YES,NO,0/12,"load_id,driver_id,unit_id,trailer_id,customer_id,vendor_id,settlement_id,invoice_id,journal_entry_id,item_id,bill_id,work_order_id",— no header comment in the file —,ok,ok,ok,ok,FLAG,FLAG,ok,WIRED,FLAG,"UPDATE insurance.payment_schedule: UPDATE insurance.payment_schedule SET status = 'reminded', reminded_at = now() WHERE id = $1::uuid AND tenant_id = $2::uuid AND status = 'scheduled' RETURNING i",DEFECT: E-SCOPE: unscoped UPDATE/DELETE (1); F-RETRY: scheduled writer without ON CONFLICT/idempotency/WHERE NOT EXISTS
insurance/policy-bill-schedule.service.ts,insurance,.service,286,WIRED,1,1,YES,NO,insurance.payment_schedule,1,0,0,YES,NO,1/12,"load_id,driver_id,unit_id,trailer_id,customer_id,settlement_id,invoice_id,journal_entry_id,item_id,bill_id,work_order_id","Block 5 / GAP-86 — Insurance policy bill schedule writer (forward-fix).
Called after a new insurance.policy is created (inside the SAME transaction as
the policy insert, so a failure rolls the policy ",ok,ok,ok,ok,ok,ok,ok,WIRED,ok,,OK
insurance/policy-cancel.service.ts,insurance,.service,327,TEST-ONLY,0,1,YES,NO,"insurance.policy,insurance.payment_schedule",0,2,0,YES,NO,1/12,"load_id,driver_id,unit_id,trailer_id,customer_id,vendor_id,settlement_id,invoice_id,item_id,bill_id,work_order_id","Block F — Insurance policy cancellation + unearned-premium refund.
Cancelling a policy:
  1. Sets policy.status = 'cancelled' + records cancelled_on + cancel_reason.
  2. Stops FUTURE, NOT-YET-ISSUED ",ok,ok,ok,FLAG,FLAG,ok,ok,TEST-ONLY,ok,"UPDATE insurance.policy: UPDATE insurance.policy SET status = 'cancelled', cancelled_on = $3::date, cancel_reason = $4, updated_at = now() WHERE tenant_id = $1::uuid AND id = $2::uuid R || UPDATE insurance.payment_schedule: UPDATE insurance.payment_schedule SET bill_status = 'cancelled', updated_at = now() WHERE tenant_id = $1::uuid AND policy_id = $2::uuid AND bill_uuid IS NULL AN",DEFECT: D-ATOMIC: multi-table write without txn boundary; E-SCOPE: unscoped UPDATE/DELETE (2)
insurance/policy-create-atomic.service.ts,insurance,.service,419,WIRED,1,1,YES,NO,"banking.bank_transactions,accounting.bills,accounting.bill_unit_allocation,insurance.policy,insurance.policy_unit",5,2,0,YES,NO,2/12,"load_id,driver_id,unit_id,trailer_id,customer_id,settlement_id,invoice_id,journal_entry_id,item_id,work_order_id","G2-A: single atomic transaction wrapping existing dispersal math + bill persistence.
Writes insurance.policy (1) + insurance.policy_unit (N) + term_months scheduled bills in ONE
BEGIN/COMMIT via withC",ok,ok,ok,ok,ok,ok,ok,WIRED,ok,,OK
insurance/policy-unit-fleet.service.ts,insurance,.service,150,WIRED,1,2,NO,NO,,0,0,0,NO,NO,0/12,"load_id,driver_id,unit_id,trailer_id,customer_id,vendor_id,settlement_id,invoice_id,journal_entry_id,item_id,bill_id,work_order_id",— no header comment in the file —,ok,ok,ok,ok,ok,ok,ok,WIRED,FLAG,,OK (I-HEADER only)
insurance/refund-obligation.service.ts,insurance,.service,199,WIRED,1,1,YES,NO,insurance.refund_obligation,1,1,0,NO,NO,1/12,"load_id,driver_id,unit_id,trailer_id,customer_id,vendor_id,settlement_id,invoice_id,item_id,bill_id,work_order_id","Block F Decision C — durable insurance refund obligations.
When a policy is cancelled but the COA roles needed to post the unearned-
premium refund are not mapped, we persist a DURABLE obligation row ",ok,ok,ok,ok,FLAG,ok,ok,WIRED,ok,"UPDATE insurance.refund_obligation: UPDATE insurance.refund_obligation SET status = 'posted', journal_entry_id = $3::uuid, posted_at = now(), updated_at = now() WHERE tenant_id = $1::uuid AND id =",DEFECT: E-SCOPE: unscoped UPDATE/DELETE (1)
integrations/edi/setup.service.ts,integrations,.service,159,WIRED,2,1,YES,NO,integrations.edi_partners,1,0,0,NO,NO,0/12,"load_id,driver_id,unit_id,trailer_id,customer_id,vendor_id,settlement_id,invoice_id,journal_entry_id,item_id,bill_id,work_order_id",GAP-70 EDI Setup Service — partner registration and connectivity tests.,ok,ok,ok,ok,ok,ok,ok,WIRED,ok,,OK
integrations/fmcsa/fmcsa-customer-verify-chain.service.ts,integrations,.service,119,WIRED,1,4,YES,NO,outbox.events,1,0,0,NO,NO,1/12,"load_id,driver_id,unit_id,trailer_id,vendor_id,settlement_id,invoice_id,journal_entry_id,item_id,bill_id,work_order_id",— no header comment in the file —,ok,ok,ok,ok,ok,ok,ok,WIRED,FLAG,,OK (I-HEADER only)
integrations/fmcsa/safer.service.ts,integrations,.service,272,WIRED,2,1,YES,NO,"catalogs.fmcsa_lookups,mdata.customers",1,1,0,NO,NO,1/12,"load_id,driver_id,unit_id,trailer_id,vendor_id,settlement_id,invoice_id,journal_entry_id,item_id,bill_id,work_order_id",— no header comment in the file —,ok,ok,ok,FLAG,ok,ok,ok,WIRED,FLAG,,DEFECT: D-ATOMIC: multi-table write without txn boundary
integrations/fuel/fraud-detector/alerter.service.ts,integrations,.service,83,WIRED,1,1,NO,NO,,0,0,0,NO,NO,0/12,"load_id,driver_id,unit_id,trailer_id,customer_id,vendor_id,settlement_id,invoice_id,journal_entry_id,item_id,bill_id,work_order_id","GAP-61 / CAP-11 — Critical fuel fraud alert dispatch.
Notifies Owner + Operations roles and surfaces on Today's Attention via open alerts.",ok,ok,ok,ok,ok,ok,ok,WIRED,ok,,OK
integrations/fuel/fraud-detector/rules.service.ts,integrations,.service,438,WIRED,6,2,YES,NO,fuel.fraud_alerts,1,0,0,NO,NO,3/12,"trailer_id,customer_id,vendor_id,settlement_id,invoice_id,journal_entry_id,item_id,bill_id,work_order_id","GAP-61 / CAP-11 — Fuel card fraud detection rules.
Consumes GAP-59 telematics vehicle-driver pairing for unit context at txn time.",ok,ok,ok,ok,ok,ok,ok,WIRED,ok,,OK
integrations/plaid/daily-refresh.cron.ts,integrations,.cron,13,WIRED,1,0,NO,NO,,0,0,0,YES,NO,0/12,"load_id,driver_id,unit_id,trailer_id,customer_id,vendor_id,settlement_id,invoice_id,journal_entry_id,item_id,bill_id,work_order_id",— no header comment in the file —,ok,ok,ok,ok,ok,ok,ok,WIRED,FLAG,,OK (I-HEADER only)
integrations/plaid/plaid.service.ts,integrations,.service,1053,WIRED,6,3,YES,NO,"banking.bank_accounts,banking.bank_transactions",2,2,0,NO,NO,1/12,"load_id,driver_id,unit_id,trailer_id,customer_id,vendor_id,settlement_id,invoice_id,journal_entry_id,bill_id,work_order_id",— no header comment in the file —,ok,ok,ok,ok,FLAG,ok,ok,WIRED,FLAG,"UPDATE banking.bank_accounts: UPDATE banking.bank_accounts a SET current_balance_cents = posted.sum_cents, updated_at = now() FROM ( SELECT COALESCE(SUM(t.amount_cents), 0)::bigint AS sum_ce || UPDATE banking.bank_accounts: UPDATE banking.bank_accounts SET plaid_item_id = $2, plaid_access_token = $3, institution_name = $4, account_name = $5, account_type = $6, account_class = $7, a",DEFECT: E-SCOPE: unscoped UPDATE/DELETE (7)
integrations/qbo/forensic-audit.service.ts,integrations,.service,148,WIRED,4,1,YES,NO,qbo_archive.import_batch_audit_log,1,0,0,NO,NO,0/12,"load_id,driver_id,unit_id,trailer_id,customer_id,vendor_id,settlement_id,invoice_id,journal_entry_id,item_id,bill_id,work_order_id",— no header comment in the file —,ok,ok,ok,ok,ok,ok,ok,WIRED,FLAG,,OK (I-HEADER only)
integrations/qbo/forensic-import.service.ts,integrations,.service,1153,WIRED,3,0,YES,NO,"qbo_archive.import_batches,qbo_archive.forensic_anomalies,qbo_archive.entities_snapshot,qbo_archive.transactions_snapshot,qbo_archive.attachments_snapshot",5,1,0,YES,NO,0/12,"load_id,driver_id,unit_id,trailer_id,customer_id,vendor_id,settlement_id,invoice_id,journal_entry_id,item_id,bill_id,work_order_id",— no header comment in the file —,ok,ok,ok,ok,FLAG,ok,ok,WIRED,FLAG,"UPDATE qbo_archive.import_batches: UPDATE qbo_archive.import_batches SET entities_imported = $2, errors_count = $3, last_heartbeat_at = now(), updated_at = now() WHERE id = $1 `, [batchId, import || UPDATE qbo_archive.import_batches: UPDATE qbo_archive.import_batches SET errors_count = $2, last_heartbeat_at = now(), updated_at = now() WHERE id = $1 `, [batchId, errors] )",DEFECT: E-SCOPE: unscoped UPDATE/DELETE (14)
integrations/qbo/forensic-report.service.ts,integrations,.service,395,WIRED,1,1,NO,NO,,0,0,0,NO,NO,0/12,"load_id,driver_id,unit_id,trailer_id,customer_id,vendor_id,settlement_id,invoice_id,journal_entry_id,item_id,bill_id,work_order_id",— no header comment in the file —,ok,ok,ok,ok,ok,ok,ok,WIRED,FLAG,,OK (I-HEADER only)
integrations/qbo/mirror-integrity.service.ts,integrations,.service,54,WIRED,1,2,NO,NO,,0,0,0,NO,NO,0/12,"load_id,driver_id,unit_id,trailer_id,customer_id,vendor_id,settlement_id,invoice_id,journal_entry_id,item_id,bill_id,work_order_id",— no header comment in the file —,ok,ok,ok,ok,ok,ok,ok,WIRED,FLAG,,OK (I-HEADER only)
integrations/qbo/qbo-cdc.service.ts,integrations,.service,273,WIRED,2,0,YES,NO,integrations.qbo_inbound_events,1,0,0,NO,NO,0/12,"load_id,driver_id,unit_id,trailer_id,customer_id,vendor_id,settlement_id,invoice_id,journal_entry_id,item_id,bill_id,work_order_id",— no header comment in the file —,ok,ok,ok,ok,ok,ok,ok,WIRED,FLAG,,OK (I-HEADER only)
integrations/qbo/qbo-oauth.service.ts,integrations,.service,770,WIRED,9,0,YES,NO,integrations.qbo_connections,1,1,0,YES,NO,0/12,"load_id,driver_id,unit_id,trailer_id,customer_id,vendor_id,settlement_id,invoice_id,journal_entry_id,item_id,bill_id,work_order_id",— no header comment in the file —,ok,ok,ok,ok,FLAG,ok,ok,WIRED,FLAG,"UPDATE integrations.qbo_connections: UPDATE integrations.qbo_connections SET revoked_at = now(), updated_at = now() WHERE id = $1`, [connectionId])",DEFECT: E-SCOPE: unscoped UPDATE/DELETE (1)
integrations/qbo/qbo-reconcile-read.service.ts,integrations,.service,247,WIRED,1,0,NO,NO,,0,0,0,NO,NO,0/12,"load_id,driver_id,unit_id,trailer_id,customer_id,vendor_id,settlement_id,invoice_id,journal_entry_id,item_id,bill_id,work_order_id",FIN-23 — QBO reconcile / modify-capture READ-ONLY surfacing service.  SHARED READ MODULE (also imported by CASCADE-14). Every function in this file is strictly read-only: it issues SELECT statements o,ok,ok,ok,ok,ok,ok,ok,WIRED,ok,,OK
integrations/qbo/qbo-sync.service.ts,integrations,.service,919,WIRED,12,0,YES,NO,"integrations.qbo_sync_queue,banking.transfers,banking.bank_transactions",1,3,0,YES,NO,0/12,"load_id,driver_id,unit_id,trailer_id,customer_id,vendor_id,settlement_id,invoice_id,journal_entry_id,item_id,bill_id,work_order_id",— no header comment in the file —,ok,ok,ok,ok,FLAG,ok,ok,WIRED,FLAG,"UPDATE integrations.qbo_sync_queue: UPDATE integrations.qbo_sync_queue SET sync_status = $2, qbo_id = COALESCE($3, qbo_id), qbo_sync_token = COALESCE($4, qbo_sync_token), error_message = $5, error || UPDATE integrations.qbo_sync_queue: UPDATE integrations.qbo_sync_queue q SET sync_status = 'in_flight', attempt_count = q.attempt_count + 1, last_attempt_at = now(), updated_at = now() FROM candid",DEFECT: E-SCOPE: unscoped UPDATE/DELETE (2)
integrations/qbo/qbo-vendor-linkage.service.ts,integrations,.service,709,WIRED,1,0,YES,NO,"integrations.qbo_vendor_linkage_events,mdata.drivers,mdata.units",3,2,0,NO,NO,2/12,"load_id,trailer_id,customer_id,vendor_id,settlement_id,invoice_id,journal_entry_id,item_id,bill_id,work_order_id",— no header comment in the file —,ok,ok,ok,FLAG,FLAG,ok,ok,WIRED,FLAG,"UPDATE mdata.drivers: UPDATE mdata.drivers SET qbo_vendor_id = $2, qbo_vendor_linked_at = now(), qbo_vendor_linked_by_user_id = $3, updated_at = now() WHERE id = $1 `, [driverId, qbo || UPDATE mdata.units: UPDATE mdata.units SET qbo_class_id = $2, updated_at = now() WHERE id = $1`, [unitId, qboClassId])",DEFECT: D-ATOMIC: multi-table write without txn boundary; E-SCOPE: unscoped UPDATE/DELETE (2)
integrations/qbo/reconciliation-report.service.ts,integrations,.service,17,WIRED,1,0,YES,NO,qbo.reconciliation_alerts,1,0,0,NO,NO,0/12,"load_id,driver_id,unit_id,trailer_id,customer_id,vendor_id,settlement_id,invoice_id,journal_entry_id,item_id,bill_id,work_order_id",— no header comment in the file —,ok,ok,ok,ok,ok,ok,ok,WIRED,FLAG,,OK (I-HEADER only)
integrations/qbo/sync-inbound.worker.ts,integrations,.worker,211,WIRED,1,0,YES,NO,"qbo_archive.import_batches,qbo_archive.entities_snapshot,integrations.qbo_inbound_events",2,1,0,NO,NO,0/12,"load_id,driver_id,unit_id,trailer_id,customer_id,vendor_id,settlement_id,invoice_id,journal_entry_id,item_id,bill_id,work_order_id",— no header comment in the file —,ok,ok,ok,ok,FLAG,ok,ok,WIRED,FLAG,"UPDATE integrations.qbo_inbound_events: UPDATE integrations.qbo_inbound_events SET status = 'fetched', updated_at = now() WHERE id = $1 `, [row.id] ) || UPDATE integrations.qbo_inbound_events: UPDATE integrations.qbo_inbound_events SET status = 'error', error_message = 'missing_entity_pointer', updated_at = now() WHERE id = $1 `, [row.id] )",DEFECT: E-SCOPE: unscoped UPDATE/DELETE (5)
integrations/qbo/sync-outbound.worker.ts,integrations,.worker,7,WIRED,1,1,NO,NO,,0,0,0,YES,NO,0/12,"load_id,driver_id,unit_id,trailer_id,customer_id,vendor_id,settlement_id,invoice_id,journal_entry_id,item_id,bill_id,work_order_id",— no header comment in the file —,ok,ok,ok,ok,ok,ok,ok,WIRED,FLAG,,OK (I-HEADER only)
integrations/relay-payments/relay-deposit-classifier.service.ts,integrations,.service,162,WIRED,1,0,YES,NO,integrations.relay_deposits,1,0,0,NO,NO,0/12,"load_id,driver_id,unit_id,trailer_id,customer_id,vendor_id,settlement_id,invoice_id,journal_entry_id,item_id,bill_id,work_order_id","Relay DEPOSIT classifier — storage + classification ONLY (Part B). NO GL/booking (that is the
deferred financial follow-up, HOLD-FOR-JORGE). See docs/trackers/RELAY-DEPOSIT-FUNDING-RECON-2026-07-12.md",ok,ok,ok,ok,ok,ok,ok,WIRED,ok,,OK
integrations/relay-payments/relay-deposit-stage1-transfer.service.ts,integrations,.service,180,ORPHAN,0,0,YES,NO,banking.transfers,1,0,0,NO,YES,0/12,"load_id,driver_id,unit_id,trailer_id,customer_id,vendor_id,settlement_id,invoice_id,journal_entry_id,item_id,bill_id,work_order_id","CONN-3 STAGE 1 — materialise a Relay wallet funding as a TRANSFER, so the existing poster books it.
THE DESIGN CHOICE, AND WHY IT IS NOT A NEW POSTER
Stage 1 of CONN-3 is ""fund the wallet"": money leav",ok,ok,ok,ok,ok,ok,ok,ORPHAN,ok,,DEFECT: H-ORPHAN
integrations/relay-payments/relay-fuel-driver-rematch.service.ts,integrations,.service,126,WIRED,1,0,YES,NO,"integrations.relay_fuel_transactions,fuel.fuel_transactions",0,2,0,NO,NO,1/12,"load_id,unit_id,trailer_id,customer_id,vendor_id,settlement_id,invoice_id,journal_entry_id,item_id,bill_id,work_order_id","Backfill matched_driver_id on staging Relay fuel rows + driver_id on canonical
fuel.fuel_transactions when ingest left them NULL (drivers.integration_id empty).
Fills NULL only — never overwrites an e",ok,ok,ok,FLAG,FLAG,ok,ok,WIRED,ok,"UPDATE integrations.relay_fuel_transactions: UPDATE integrations.relay_fuel_transactions SET matched_driver_id = $1::uuid, updated_at = now() WHERE id = $2::uuid AND matched_driver_id IS NULL `, [driverId,",DEFECT: D-ATOMIC: multi-table write without txn boundary; E-SCOPE: unscoped UPDATE/DELETE (1)
integrations/relay-payments/relay-fuel-ingest.cron.ts,integrations,.cron,531,WIRED,3,1,YES,NO,integrations.integration_sync_log,1,1,0,YES,NO,0/12,"load_id,driver_id,unit_id,trailer_id,customer_id,vendor_id,settlement_id,invoice_id,journal_entry_id,item_id,bill_id,work_order_id","Relay Payments fuel-transaction daily ingest cron.
Behind RELAY_FUEL_INGEST_ENABLED (default OFF, per-entity-only override — see
apps/backend/src/lib/feature-flags/service.ts). For each active operati",ok,ok,ok,ok,FLAG,FLAG,ok,WIRED,ok,"UPDATE integrations.integration_sync_log: UPDATE integrations.integration_sync_log SET finished_at = now(), success = $2, rows_added = $3, error_message = $4, payload = $5::jsonb WHERE id = $1::uuid`, [",DEFECT: E-SCOPE: unscoped UPDATE/DELETE (1); F-RETRY: scheduled writer without ON CONFLICT/idempotency/WHERE NOT EXISTS
integrations/relay-payments/relay-fuel-ingest.service.ts,integrations,.service,331,WIRED,2,0,YES,NO,"integrations.relay_fuel_transactions,integrations.relay_fuel_transaction_lines",2,1,0,NO,YES,0/12,"load_id,driver_id,unit_id,trailer_id,customer_id,vendor_id,settlement_id,invoice_id,journal_entry_id,item_id,bill_id,work_order_id","Relay Payments fuel-transaction INGEST — staging + bank-feed visibility ONLY.
ROUND 43 FOLLOW-UP item 2 (Lead, 2026-09-22, LANE_CROSS —
docs/bus/LEAD-RULING-2026-09-22-CC3-ROUND-43-CUT-RELAY-INGEST-CR",ok,ok,ok,FLAG,FLAG,ok,ok,WIRED,ok,"UPDATE integrations.relay_fuel_transaction_lines: UPDATE integrations.relay_fuel_transaction_lines SET is_active = false, voided_at = COALESCE(voided_at, now()), updated_at = now() WHERE relay_fuel_transaction_",DEFECT: D-ATOMIC: multi-table write without txn boundary; E-SCOPE: unscoped UPDATE/DELETE (1)
integrations/relay-payments/relay-fuel-load-rematch.service.ts,integrations,.service,103,WIRED,2,0,YES,NO,fuel.fuel_transactions,0,1,0,NO,NO,3/12,"trailer_id,customer_id,vendor_id,settlement_id,invoice_id,journal_entry_id,item_id,bill_id,work_order_id","Backfill load_id on canonical fuel.fuel_transactions when ingest left them NULL
but driver_id and/or unit_id are present (G18 load window resolution via resolveLoadId).
Fills NULL only — never overwri",ok,ok,ok,ok,FLAG,ok,ok,WIRED,ok,"UPDATE fuel.fuel_transactions: UPDATE fuel.fuel_transactions SET load_id = $1::uuid, load_exemption_reason = NULL, updated_at = now() WHERE id = $2::uuid AND load_id IS NULL `, [loadId, row.i",DEFECT: E-SCOPE: unscoped UPDATE/DELETE (1)
integrations/relay-payments/relay-wallet-balance-control.service.ts,integrations,.service,148,WIRED,1,0,NO,NO,,0,0,0,YES,NO,0/12,"load_id,driver_id,unit_id,trailer_id,customer_id,vendor_id,settlement_id,invoice_id,journal_entry_id,item_id,bill_id,work_order_id","CONN-3 — the Relay wallet RECONCILING CONTROL.
WHY THE WALLET EXISTS AT ALL
CONN-3 models the prepaid Relay wallet as an ASSET so its balance can be reconciled against Relay's
own reported balance. Th",ok,ok,ok,ok,ok,ok,ok,WIRED,ok,,OK
integrations/relay-payments/relay-wallet-bank-feed.service.ts,integrations,.service,752,WIRED,3,1,YES,NO,banking.bank_transactions,1,1,0,YES,NO,3/12,"unit_id,trailer_id,customer_id,vendor_id,invoice_id,journal_entry_id,item_id,bill_id,work_order_id","C6-MONEY-JE-EXEMPT: ""NO GL"" per this file's own header, one line down. Real GL posts later, once,
at categorization via maybePostBankCategorizationToGl — verified 2026-09-02, GO-23 C6.
Relay Fuel Wall",ok,ok,ok,ok,FLAG,ok,ok,WIRED,ok,"UPDATE banking.bank_transactions: UPDATE banking.bank_transactions SET bank_account_id = $2::uuid, transaction_date = $3::date, posted_date = $3::date, amount_cents = $4, description = $5, merch || UPDATE banking.bank_transactions: UPDATE banking.bank_transactions SET bank_account_id = $2::uuid, transaction_date = $3::date, posted_date = $3::date, amount_cents = $4, description = $5, merch",DEFECT: E-SCOPE: unscoped UPDATE/DELETE (2)
integrations/samsara/active-driver-set/query.service.ts,integrations,.service,82,WIRED,2,1,NO,NO,,0,0,0,NO,NO,0/12,"load_id,driver_id,unit_id,trailer_id,customer_id,vendor_id,settlement_id,invoice_id,journal_entry_id,item_id,bill_id,work_order_id","GAP-25 — Active Driver Set Query Service
Returns the latest cached active-driver-set snapshot for an OCI.
Falls back to synchronous recompute when the cache is stale.",ok,ok,ok,ok,ok,ok,ok,WIRED,ok,,OK
integrations/samsara/active-driver-set/recompute.service.ts,integrations,.service,125,WIRED,3,1,YES,NO,integrations.active_driver_set_cache,1,0,1,NO,NO,2/12,"load_id,trailer_id,customer_id,vendor_id,settlement_id,invoice_id,journal_entry_id,item_id,bill_id,work_order_id","GAP-25 — Active Driver Set Recompute Service
Computes the active driver set for an operating carrier from the physical
fleet it currently leases: a live vehicle position plus an overlapping
vehicle-dr",ok,ok,ok,ok,ok,ok,ok,WIRED,ok,,OK
integrations/samsara/active-hos-driver-roster.service.ts,integrations,.service,54,WIRED,2,1,NO,NO,,0,0,0,NO,NO,2/12,"load_id,trailer_id,customer_id,vendor_id,settlement_id,invoice_id,journal_entry_id,item_id,bill_id,work_order_id",— no header comment in the file —,ok,ok,ok,ok,ok,ok,ok,WIRED,FLAG,,OK (I-HEADER only)
integrations/samsara/auto-status-switch/detector.service.ts,integrations,.service,658,WIRED,2,1,YES,NO,"dispatch.intransit_issues,integrations.auto_status_switch_events,integrations.auto_status_position_snapshots,mdata.loads",3,2,1,NO,NO,3/12,"trailer_id,customer_id,vendor_id,settlement_id,invoice_id,journal_entry_id,item_id,bill_id,work_order_id",GAP-56 / CAP-4 — Auto status switching when GPS movement diverges from driver-reported load status.,ok,ok,ok,FLAG,FLAG,ok,ok,WIRED,ok,"UPDATE integrations.auto_status_switch_events: UPDATE integrations.auto_status_switch_events SET driver_notified = $2 WHERE uuid = $1::uuid`, [eventRes.rows[0]?.uuid, driverNotified] )",DEFECT: D-ATOMIC: multi-table write without txn boundary; E-SCOPE: unscoped UPDATE/DELETE (1)
integrations/samsara/border-crossings/customs-time.service.ts,integrations,.service,102,WIRED,1,0,NO,NO,,0,0,0,NO,NO,1/12,"load_id,driver_id,trailer_id,customer_id,vendor_id,settlement_id,invoice_id,journal_entry_id,item_id,bill_id,work_order_id",GAP-26 — Customs clearance time analytics.,ok,ok,ok,ok,ok,ok,ok,WIRED,ok,,OK
integrations/samsara/border-crossings/detector.service.ts,integrations,.service,166,WIRED,1,1,YES,NO,dispatch.border_crossing_events,1,1,0,NO,YES,3/12,"trailer_id,customer_id,vendor_id,settlement_id,invoice_id,journal_entry_id,item_id,bill_id,work_order_id","ROUND 306 E-29 addition — border crossings are PROJECTED from the canonical fence events, not from a
second inside/outside engine. The old detector kept 5 hard-coded Laredo circles (one duplicated, wi",ok,ok,ok,ok,FLAG,ok,ok,WIRED,ok,UPDATE dispatch.border_crossing_events: UPDATE dispatch.border_crossing_events e SET unit_border_crossing_id = c.declared_id FROM cand c WHERE e.uuid = c.event_id AND c.n_for_event = 1 AND c.n_for_dec,DEFECT: E-SCOPE: unscoped UPDATE/DELETE (1)
integrations/samsara/cap-12-tire-tread/measurement.service.ts,integrations,.service,157,WIRED,3,2,YES,NO,maintenance.tire_tread_measurements,1,0,0,NO,NO,0/12,"load_id,driver_id,unit_id,trailer_id,customer_id,vendor_id,settlement_id,invoice_id,journal_entry_id,item_id,bill_id,work_order_id","CAP-12 Tire Tread Measurement Service — GAP-62
Centralizes tread depth readings from DVIR, PM, tire service, and Samsara sensors.",ok,ok,ok,ok,ok,ok,ok,WIRED,ok,,OK
integrations/samsara/cap-12-tire-tread/projection.service.ts,integrations,.service,340,WIRED,2,1,YES,NO,maintenance.tire_projections,1,0,0,NO,NO,0/12,"load_id,driver_id,unit_id,trailer_id,customer_id,vendor_id,settlement_id,invoice_id,journal_entry_id,item_id,bill_id,work_order_id","CAP-12 Tire Tread Projection Service — GAP-62
Linear regression on historical tread measurements to project replacement date.
DOT minimums: 4/32"" steer, 2/32"" drive/trailer (49 CFR §393.75).",ok,ok,ok,ok,ok,ok,ok,WIRED,ok,,OK
integrations/samsara/cap-14-cargo-sensors/incident.service.ts,integrations,.service,235,WIRED,3,0,YES,NO,"dispatch.cargo_sensor_incidents,safety.incidents",2,1,0,NO,NO,5/12,"vendor_id,settlement_id,invoice_id,journal_entry_id,item_id,bill_id,work_order_id",— no header comment in the file —,ok,ok,ok,FLAG,ok,ok,ok,WIRED,FLAG,,DEFECT: D-ATOMIC: multi-table write without txn boundary
integrations/samsara/cap-14-cargo-sensors/ingester.service.ts,integrations,.service,423,WIRED,2,1,YES,NO,dispatch.cargo_sensor_readings,1,0,0,YES,NO,0/12,"load_id,driver_id,unit_id,trailer_id,customer_id,vendor_id,settlement_id,invoice_id,journal_entry_id,item_id,bill_id,work_order_id","CAP-14 Cargo Sensors Ingester — GAP-64
Ingests reefer temperature/humidity readings and flags out-of-range rows.",ok,ok,ok,ok,ok,ok,ok,WIRED,ok,,OK
integrations/samsara/cap-14-cargo-sensors/threshold.service.ts,integrations,.service,326,WIRED,3,2,NO,NO,,0,0,0,NO,NO,0/12,"load_id,driver_id,unit_id,trailer_id,customer_id,vendor_id,settlement_id,invoice_id,journal_entry_id,item_id,bill_id,work_order_id",CAP-14 Cargo Sensor Threshold Service — GAP-64,ok,ok,ok,ok,ok,ok,ok,WIRED,ok,,OK
integrations/samsara/config-bootstrap.service.ts,integrations,.service,17,ORPHAN,0,0,YES,NO,integrations.samsara_config,1,0,0,NO,NO,0/12,"load_id,driver_id,unit_id,trailer_id,customer_id,vendor_id,settlement_id,invoice_id,journal_entry_id,item_id,bill_id,work_order_id",— no header comment in the file —,ok,ok,ok,ok,ok,ok,ok,ORPHAN,FLAG,,DEFECT: H-ORPHAN
integrations/samsara/documents/samsara-documents.service.ts,integrations,.service,98,WIRED,1,0,YES,NO,"docs.files,docs.file_links",2,0,0,NO,NO,1/12,"driver_id,unit_id,trailer_id,customer_id,vendor_id,settlement_id,invoice_id,journal_entry_id,item_id,bill_id,work_order_id","ROUND 313 E-32 — driver documents from the Samsara app (Proof of Delivery photos) into docs.files, linked to
the load, its stop, the truck and the driver (docs.file_links, both ways through the existi",ok,ok,ok,FLAG,ok,ok,ok,WIRED,ok,,DEFECT: D-ATOMIC: multi-table write without txn boundary
integrations/samsara/driver-import.service.ts,integrations,.service,34,WIRED,1,0,YES,NO,integrations.samsara_drivers,1,0,0,NO,NO,0/12,"load_id,driver_id,unit_id,trailer_id,customer_id,vendor_id,settlement_id,invoice_id,journal_entry_id,item_id,bill_id,work_order_id",— no header comment in the file —,ok,ok,ok,ok,ok,ok,ok,WIRED,FLAG,,OK (I-HEADER only)
integrations/samsara/driver-mapping/resolver.service.ts,integrations,.service,82,WIRED,1,1,NO,NO,,0,0,0,NO,NO,0/12,"load_id,driver_id,unit_id,trailer_id,customer_id,vendor_id,settlement_id,invoice_id,journal_entry_id,item_id,bill_id,work_order_id","E20 Part A (Lead spec, 2026-09-23) -- the Samsara profile-to-TMS-target resolver.  LAW, verbatim from the spec and repeated in every Round since: ""NEVER AUTO-MAP."" ""An unmatched driver stays unmatched",ok,ok,ok,ok,ok,ok,ok,WIRED,ok,,OK
integrations/samsara/engine-faults/fault-handler.service.ts,integrations,.service,285,WIRED,1,1,YES,NO,integrations.engine_fault_events,1,1,0,NO,NO,3/12,"load_id,trailer_id,customer_id,vendor_id,settlement_id,invoice_id,journal_entry_id,item_id,bill_id",— no header comment in the file —,ok,ok,ok,ok,FLAG,ok,ok,WIRED,FLAG,"UPDATE integrations.engine_fault_events: UPDATE integrations.engine_fault_events SET handled_at = now() WHERE uuid = $1::uuid `, [eventUuid] ) || UPDATE integrations.engine_fault_events: UPDATE integrations.engine_fault_events SET handled_at = now() WHERE uuid = $1::uuid `, [eventUuid] )",DEFECT: E-SCOPE: unscoped UPDATE/DELETE (3)
integrations/samsara/fault-code-processor.service.ts,integrations,.service,420,WIRED,2,0,YES,NO,"maintenance.samsara_fault_code_history,maintenance.work_orders",2,1,0,NO,NO,4/12,"load_id,trailer_id,customer_id,settlement_id,invoice_id,journal_entry_id,item_id,bill_id",— no header comment in the file —,ok,ok,ok,FLAG,FLAG,ok,ok,WIRED,FLAG,"UPDATE maintenance.samsara_fault_code_history: UPDATE maintenance.samsara_fault_code_history SET auto_wo_id = $1::uuid, auto_wo_created_at = now() WHERE id = $2::uuid `, [woId, history.id] )",DEFECT: D-ATOMIC: multi-table write without txn boundary; E-SCOPE: unscoped UPDATE/DELETE (1)
integrations/samsara/fault-poll.cron.ts,integrations,.cron,184,WIRED,1,0,NO,NO,,0,0,0,YES,NO,0/12,"load_id,driver_id,unit_id,trailer_id,customer_id,vendor_id,settlement_id,invoice_id,journal_entry_id,item_id,bill_id,work_order_id","ROUND 297.1 J-3 — Samsara fault code poller.
FINDING (measured live before writing this): the only fault path in this repo is
processVehicleFaultCodeWebhookEvent, reached from webhook-projectors/vehic",ok,ok,ok,ok,ok,ok,ok,WIRED,ok,,OK
integrations/samsara/fuel-purchase-push.cron.ts,integrations,.cron,117,WIRED,2,0,NO,NO,,0,0,0,YES,NO,0/12,"load_id,driver_id,unit_id,trailer_id,customer_id,vendor_id,settlement_id,invoice_id,journal_entry_id,item_id,bill_id,work_order_id","ROUND 304 T-48 — twice-daily Samsara fuel-purchase push (06:00 and 18:00 America/Chicago).
Writes to Samsara only when SAMSARA_FUEL_PURCHASE_PUSH_APPLY=true. Otherwise every tick is a dry
run: it comp",ok,ok,ok,ok,ok,ok,ok,WIRED,ok,,OK
integrations/samsara/fuel-purchase-push.service.ts,integrations,.service,295,WIRED,3,0,YES,NO,integrations.integration_sync_log,1,0,0,NO,NO,1/12,"load_id,driver_id,trailer_id,customer_id,vendor_id,settlement_id,invoice_id,journal_entry_id,item_id,bill_id,work_order_id","ROUND 304 T-48 — push our fuel purchases into Samsara (POST /fuel-purchase), twice daily.
HARD GATE (owner order): a row is pushed only when fuelPurchaseIneligibleReason(row,
{ requirePumpTime: true }",ok,ok,ok,ok,ok,ok,ok,WIRED,ok,,OK
integrations/samsara/geofences/address-import.service.ts,integrations,.service,250,WIRED,1,1,YES,NO,"integrations.samsara_addresses,mdata.locations,geo.geofences",3,1,0,NO,NO,0/12,"load_id,driver_id,unit_id,trailer_id,customer_id,vendor_id,settlement_id,invoice_id,journal_entry_id,item_id,bill_id,work_order_id",— no header comment in the file —,ok,ok,ok,ok,ok,ok,ok,WIRED,FLAG,,OK (I-HEADER only)
integrations/samsara/geofences/arrival-prompt.service.ts,integrations,.service,35,TEST-ONLY,0,1,NO,NO,,0,0,0,NO,NO,0/12,"load_id,driver_id,unit_id,trailer_id,customer_id,vendor_id,settlement_id,invoice_id,journal_entry_id,item_id,bill_id,work_order_id",GAP-54 — WF-051 arrival prompt geofence evaluation.,ok,ok,ok,ok,ok,ok,ok,TEST-ONLY,ok,,OK (TEST-ONLY)
integrations/samsara/geofences/fence-push.service.ts,integrations,.service,84,WIRED,1,1,YES,NO,"integrations.integration_sync_log,geo.geofences",1,1,0,NO,NO,0/12,"load_id,driver_id,unit_id,trailer_id,customer_id,vendor_id,settlement_id,invoice_id,journal_entry_id,item_id,bill_id,work_order_id","ROUND 306 E-07 addition — push OUR fences that have no Samsara counterpart to Samsara as addresses
(POST /addresses, externalIds ih35Site = our fence id), so Samsara's own geofence alerts, routes and
",ok,ok,ok,FLAG,FLAG,ok,ok,WIRED,ok,"UPDATE geo.geofences: UPDATE geo.geofences SET samsara_address_id = $2, updated_at = now() WHERE id = $1::uuid AND samsara_address_id IS NULL`, [f.id, address.id] )",DEFECT: D-ATOMIC: multi-table write without txn boundary; E-SCOPE: unscoped UPDATE/DELETE (1)
integrations/samsara/geofences/geofence-address-link.service.ts,integrations,.service,258,WIRED,1,0,YES,NO,"integrations.samsara_addresses,geo.geofences",1,1,0,NO,NO,0/12,"load_id,driver_id,unit_id,trailer_id,customer_id,vendor_id,settlement_id,invoice_id,journal_entry_id,item_id,bill_id,work_order_id","ROUND 304 T-46 — link OUR existing geo.geofences to Samsara's address list (the 09-05 plan's
X.9, never run). Owner: ""I told you we already have many geofences there.""
This is NOT address-import.servi",ok,ok,ok,ok,ok,ok,ok,WIRED,ok,,OK
integrations/samsara/geofences/geofence-odometer-capture.service.ts,integrations,.service,184,WIRED,2,1,YES,NO,telematics.geofence_odometer_captures,1,0,0,NO,NO,1/12,"load_id,driver_id,trailer_id,customer_id,vendor_id,settlement_id,invoice_id,journal_entry_id,item_id,bill_id,work_order_id",— no header comment in the file —,ok,ok,ok,ok,ok,ok,ok,WIRED,FLAG,,OK (I-HEADER only)
integrations/samsara/geofences/real-driven-miles.service.ts,integrations,.service,428,WIRED,5,1,YES,NO,telematics.load_odometer_segments,1,0,0,YES,NO,2/12,"driver_id,trailer_id,customer_id,vendor_id,settlement_id,invoice_id,journal_entry_id,item_id,bill_id,work_order_id",— no header comment in the file —,ok,ok,ok,ok,ok,ok,ok,WIRED,FLAG,,OK (I-HEADER only)
integrations/samsara/geofences/reconciliation.service.ts,integrations,.service,301,WIRED,2,1,YES,NO,safety.integrity_findings,1,1,0,NO,NO,2/12,"driver_id,trailer_id,customer_id,vendor_id,settlement_id,invoice_id,journal_entry_id,item_id,bill_id,work_order_id","GAP-27 — Daily geofence reconciliation service.
Detects 4 anomaly classes in geo.geofence_events for a given date.",ok,ok,ok,ok,FLAG,ok,ok,WIRED,ok,"UPDATE safety.integrity_findings: UPDATE safety.integrity_findings SET resolved = true, resolved_by_user_uuid = $2, resolved_at = now(), resolution_note = $3 WHERE uuid = $1`, [uuid, resolvedByU",DEFECT: E-SCOPE: unscoped UPDATE/DELETE (1)
integrations/samsara/geofences/state-machine/transitions.service.ts,integrations,.service,300,WIRED,2,0,NO,NO,,0,0,0,NO,NO,2/12,"driver_id,trailer_id,customer_id,vendor_id,settlement_id,invoice_id,journal_entry_id,item_id,bill_id,work_order_id",— no header comment in the file —,ok,ok,ok,ok,ok,ok,FLAG,WIRED,FLAG,,DEFECT: G-SILENT: empty catch
integrations/samsara/hos-driver-map-preview.service.ts,integrations,.service,227,WIRED,1,0,YES,NO,mdata.drivers,0,1,0,NO,NO,1/12,"load_id,unit_id,trailer_id,customer_id,vendor_id,settlement_id,invoice_id,journal_entry_id,item_id,bill_id,work_order_id","HOS-MAP (the verbatim-clocks unlock) — READ / PREVIEW ONLY. Writes NOTHING.  Root cause it serves: mdata.drivers.samsara_driver_id is empty for every driver, so the HOS-clocks pull's active-driver que",ok,ok,ok,ok,FLAG,ok,ok,WIRED,ok,"UPDATE mdata.drivers: UPDATE mdata.drivers SET samsara_driver_id` belongs to a SEPARATE, guarded mapping workflow // after ambiguous rows are resolved — NOT this preview. This file h",DEFECT: E-SCOPE: unscoped UPDATE/DELETE (1)
integrations/samsara/ingestion-tenants.service.ts,integrations,.service,40,WIRED,3,1,NO,NO,,0,0,0,NO,NO,0/12,"load_id,driver_id,unit_id,trailer_id,customer_id,vendor_id,settlement_id,invoice_id,journal_entry_id,item_id,bill_id,work_order_id",— no header comment in the file —,ok,ok,ok,ok,ok,ok,ok,WIRED,FLAG,,OK (I-HEADER only)
integrations/samsara/messaging/driver-message-delivery.service.ts,integrations,.service,112,WIRED,3,1,YES,NO,integrations.integration_sync_log,1,0,0,NO,NO,2/12,"unit_id,trailer_id,customer_id,vendor_id,settlement_id,invoice_id,journal_entry_id,item_id,bill_id,work_order_id","ROUND 306 E-30 — driver messaging through Samsara, built on the ONE chat system (chat.threads /
chat.messages; no second message store). An office TEXT message posted in a chat thread is also
delivere",ok,ok,ok,ok,ok,ok,ok,WIRED,ok,,OK
integrations/samsara/messaging/driver-message-inbound.service.ts,integrations,.service,99,WIRED,1,0,YES,NO,"chat.threads,chat.participants",2,0,0,NO,NO,3/12,"trailer_id,customer_id,vendor_id,settlement_id,invoice_id,journal_entry_id,item_id,bill_id,work_order_id","ROUND 313 E-30 — messaging BOTH ways. Outbound (office -> driver) is driver-message-delivery.service.ts. This is
the inbound half: a driver's reply in the Samsara app becomes a chat.messages row (send",ok,ok,ok,FLAG,ok,ok,ok,WIRED,ok,,DEFECT: D-ATOMIC: multi-table write without txn boundary
integrations/samsara/messaging/driver-prompts.cron.ts,integrations,.cron,44,WIRED,1,0,NO,NO,,0,0,0,YES,NO,0/12,"load_id,driver_id,unit_id,trailer_id,customer_id,vendor_id,settlement_id,invoice_id,journal_entry_id,item_id,bill_id,work_order_id","ROUND 306 E-30 addition — every 15 min (America/Chicago): templated prompts for fence entries of the last
30 minutes (idempotent per fence event), then each new prompt is delivered to Samsara after co",ok,ok,ok,ok,ok,ok,ok,WIRED,ok,,OK
integrations/samsara/messaging/driver-prompts.service.ts,integrations,.service,101,WIRED,1,0,NO,NO,,0,0,0,NO,NO,2/12,"driver_id,trailer_id,customer_id,vendor_id,settlement_id,invoice_id,journal_entry_id,item_id,bill_id,work_order_id","ROUND 306 E-30 addition — templated driver prompts, triggered by the canonical fence events.
 arrival   : a unit ENTERS its load's own stop fence (label load-<id>-stop-<n>)  -> ""Arrival recorded ...""
",ok,ok,ok,ok,ok,ok,ok,WIRED,ok,,OK
integrations/samsara/positions/live-position.service.ts,integrations,.service,119,WIRED,1,1,NO,NO,,0,0,0,NO,NO,0/12,"load_id,driver_id,unit_id,trailer_id,customer_id,vendor_id,settlement_id,invoice_id,journal_entry_id,item_id,bill_id,work_order_id",GAP-55 — CAP-1 live GPS positions for active loads.,ok,ok,ok,ok,ok,ok,ok,WIRED,ok,,OK
integrations/samsara/projection.service.ts,integrations,.service,95,TEST-ONLY,0,1,NO,NO,,0,0,0,NO,NO,0/12,"load_id,driver_id,unit_id,trailer_id,customer_id,vendor_id,settlement_id,invoice_id,journal_entry_id,item_id,bill_id,work_order_id",— no header comment in the file —,ok,ok,ok,ok,ok,ok,ok,TEST-ONLY,FLAG,,OK (TEST-ONLY)
integrations/samsara/routes-integration.service.ts,integrations,.service,332,WIRED,3,1,YES,NO,"integrations.integration_sync_log,integrations.samsara_route_stop_progress,mdata.loads,mdata.load_stops",2,2,0,YES,YES,3/12,"trailer_id,customer_id,vendor_id,settlement_id,invoice_id,journal_entry_id,item_id,bill_id,work_order_id",— no header comment in the file —,ok,ok,ok,FLAG,ok,ok,ok,WIRED,FLAG,,DEFECT: D-ATOMIC: multi-table write without txn boundary
integrations/samsara/routes-push.cron.ts,integrations,.cron,46,WIRED,1,0,NO,NO,,0,0,0,YES,NO,0/12,"load_id,driver_id,unit_id,trailer_id,customer_id,vendor_id,settlement_id,invoice_id,journal_entry_id,item_id,bill_id,work_order_id","ROUND 306 E-31 — push dispatched loads to Samsara as Routes, every 15 min (America/Chicago).
Off unless SAMSARA_ROUTES_PUSH_ENABLED=true. Each load is sent only when its body changed
(hash ledger in i",ok,ok,ok,ok,ok,ok,ok,WIRED,ok,,OK
integrations/samsara/samsara-driver-login.service.ts,integrations,.service,42,WIRED,2,1,YES,NO,mdata.drivers,0,1,0,NO,NO,1/12,"load_id,unit_id,trailer_id,customer_id,vendor_id,settlement_id,invoice_id,journal_entry_id,item_id,bill_id,work_order_id",— no header comment in the file —,ok,ok,ok,ok,ok,ok,ok,WIRED,FLAG,,OK (I-HEADER only)
integrations/samsara/samsara-hire-date.service.ts,integrations,.service,131,WIRED,2,1,YES,NO,mdata.drivers,0,1,0,NO,NO,1/12,"load_id,unit_id,trailer_id,customer_id,vendor_id,settlement_id,invoice_id,journal_entry_id,item_id,bill_id,work_order_id",Samsara-derived hire-date cross-validation (READ-ONLY / PREVIEW). Jorge's idea: a driver's first Samsara activity approximates hire date. GUARD verified the usable signal is ALREADY in our DB — integr,ok,ok,ok,ok,ok,ok,ok,WIRED,ok,,OK
integrations/samsara/samsara-hos-clocks-pull.service.ts,integrations,.service,114,WIRED,4,1,YES,NO,samsara.hos_snapshots,1,0,0,NO,NO,1/12,"load_id,driver_id,trailer_id,customer_id,vendor_id,settlement_id,invoice_id,journal_entry_id,item_id,bill_id,work_order_id","VERBATIM HOS CLOCKS (Path B, Blueprint §3.15.9.2 / §3.15.8.3). Pull Samsara's COMPUTED driving/shift/cycle/break remaining from GET /fleet/hos/clocks, store verbatim (ms→min) in samsara.hos_snapshots,",ok,ok,ok,ok,ok,ok,ok,WIRED,ok,,OK
integrations/samsara/samsara-hos-pull.service.ts,integrations,.service,177,WIRED,2,1,YES,NO,hos.duty_status_events,1,0,0,YES,NO,2/12,"load_id,trailer_id,customer_id,vendor_id,settlement_id,invoice_id,journal_entry_id,item_id,bill_id,work_order_id",GO-LIVE driver-activity Step 1: Samsara HOS/ELD pull.  Fills hos.duty_status_events (which the fleet board's HOS clocks + the 30-day inactivity flag read) by polling /fleet/hos/logs. SCOPED to the ten,ok,ok,ok,ok,ok,ok,ok,WIRED,ok,,OK
integrations/samsara/samsara-master-sync.service.ts,integrations,.service,348,WIRED,5,1,YES,NO,"integrations.integration_sync_log,mdata.drivers,mdata.units,mdata.equipment",1,3,0,NO,NO,1/12,"load_id,unit_id,trailer_id,customer_id,vendor_id,settlement_id,invoice_id,journal_entry_id,item_id,bill_id,work_order_id",— no header comment in the file —,ok,ok,ok,FLAG,FLAG,ok,ok,WIRED,FLAG,"UPDATE mdata.drivers: UPDATE mdata.drivers SET email = COALESCE(NULLIF(email, ''), $2), phone = CASE WHEN phone IS NULL OR phone = '' OR phone = '000-000-0000' THEN COALESCE($3, phon || UPDATE mdata.units: UPDATE mdata.units SET samsara_vehicle_id = COALESCE(samsara_vehicle_id, $2), vin = COALESCE(NULLIF(vin, ''), $3), make = COALESCE(NULLIF(make, ''), $4), model ",DEFECT: D-ATOMIC: multi-table write without txn boundary; E-SCOPE: unscoped UPDATE/DELETE (3)
integrations/samsara/samsara-positions.service.ts,integrations,.service,473,WIRED,8,2,YES,NO,"integrations.integration_sync_log,integrations.samsara_drivers,telematics.vehicle_driver_assignments",3,1,0,YES,NO,2/12,"load_id,trailer_id,customer_id,vendor_id,settlement_id,invoice_id,journal_entry_id,item_id,bill_id,work_order_id",— no header comment in the file —,ok,ok,ok,FLAG,ok,ok,ok,WIRED,FLAG,,DEFECT: D-ATOMIC: multi-table write without txn boundary
integrations/samsara/samsara-stats-probe.service.ts,integrations,.service,353,WIRED,1,1,NO,NO,,0,0,0,YES,YES,1/12,"load_id,unit_id,trailer_id,customer_id,vendor_id,settlement_id,invoice_id,journal_entry_id,item_id,bill_id,work_order_id","Samsara stats/driver diagnostic probe — external I/O lives HERE (service layer, circuit-breaker wrapped), never in the route (ds-admin-route-boundary). Read-only: GETs Samsara, returns a per-vehicle t",ok,ok,ok,ok,ok,ok,ok,WIRED,ok,,OK
integrations/samsara/samsara.service.ts,integrations,.service,202,WIRED,44,3,YES,NO,integrations.samsara_config,1,1,0,NO,NO,0/12,"load_id,driver_id,unit_id,trailer_id,customer_id,vendor_id,settlement_id,invoice_id,journal_entry_id,item_id,bill_id,work_order_id",— no header comment in the file —,ok,ok,ok,ok,ok,ok,FLAG,WIRED,FLAG,,DEFECT: G-SILENT: empty catch
integrations/samsara/vehicle-driver-pairing/pairing.service.ts,integrations,.service,738,WIRED,5,1,YES,NO,"telematics.vehicle_driver_assignments,telematics.vehicle_driver_pairing_overlap_flags,integrations.integration_sync_log",3,1,0,YES,NO,2/12,"load_id,trailer_id,customer_id,vendor_id,settlement_id,invoice_id,journal_entry_id,item_id,bill_id,work_order_id","GAP-59 / CAP-9 — Vehicle-driver pairing at time of event.
Wrapper around telematics.vehicle_driver_assignments (migration 0221).",ok,ok,ok,FLAG,ok,ok,ok,WIRED,ok,,DEFECT: D-ATOMIC: multi-table write without txn boundary
integrations/samsara/vehicle-import.service.ts,integrations,.service,41,WIRED,1,0,YES,NO,"integrations.samsara_vehicles,integrations.samsara_config",1,1,0,NO,NO,0/12,"load_id,driver_id,unit_id,trailer_id,customer_id,vendor_id,settlement_id,invoice_id,journal_entry_id,item_id,bill_id,work_order_id",— no header comment in the file —,ok,ok,ok,FLAG,ok,ok,ok,WIRED,FLAG,,DEFECT: D-ATOMIC: multi-table write without txn boundary
integrations/samsara/webhook-projection.service.ts,integrations,.service,422,WIRED,1,1,YES,NO,integrations.samsara_webhook_projection_state,1,1,0,YES,NO,0/12,"load_id,driver_id,unit_id,trailer_id,customer_id,vendor_id,settlement_id,invoice_id,journal_entry_id,item_id,bill_id,work_order_id",— no header comment in the file —,ok,ok,ok,ok,FLAG,ok,ok,WIRED,FLAG,"UPDATE integrations.samsara_webhook_projection_state: UPDATE integrations.samsara_webhook_projection_state SET projection_status = $2, projection_attempts = $3, projection_error_class = $4, projection_error = $5, l",DEFECT: E-SCOPE: unscoped UPDATE/DELETE (1)
integrity/anomaly-detector.service.ts,integrity,.service,208,WIRED,1,1,YES,NO,integrity.anomalies,1,0,0,YES,NO,3/12,"load_id,trailer_id,customer_id,vendor_id,settlement_id,invoice_id,journal_entry_id,item_id,work_order_id",— no header comment in the file —,ok,ok,ok,ok,ok,ok,ok,WIRED,FLAG,,OK (I-HEADER only)
integrity/driver-metrics.service.ts,integrity,.service,410,WIRED,1,1,NO,NO,,0,0,0,NO,NO,1/12,"load_id,unit_id,trailer_id,customer_id,vendor_id,settlement_id,invoice_id,journal_entry_id,item_id,bill_id,work_order_id",— no header comment in the file —,ok,ok,ok,ok,ok,ok,ok,WIRED,FLAG,,OK (I-HEADER only)
invoices/invoice-line-revenue-resolution.service.ts,invoices,.service,61,WIRED,4,1,NO,NO,,0,0,0,NO,NO,0/12,"load_id,driver_id,unit_id,trailer_id,customer_id,vendor_id,settlement_id,invoice_id,journal_entry_id,item_id,bill_id,work_order_id",— no header comment in the file —,ok,ok,ok,ok,ok,ok,ok,WIRED,FLAG,,OK (I-HEADER only)
leases/lease-bill-engine.service.ts,leases,.service,263,WIRED,5,1,YES,NO,catalogs.classes,1,0,0,YES,NO,3/12,"load_id,driver_id,trailer_id,customer_id,settlement_id,invoice_id,journal_entry_id,item_id,work_order_id","ROUND 316 — MONTHLY LEASE BILL ENGINE. Each month, every live lease produces real vendor bills through the
CANONICAL bill engine (accounting/bills.service.ts createBill -> bill GL poster: Dr lease exp",ok,ok,ok,ok,ok,ok,ok,WIRED,ok,,OK
leases/lease-bill.cron.ts,leases,.cron,26,WIRED,1,0,NO,NO,,0,0,0,YES,NO,0/12,"load_id,driver_id,unit_id,trailer_id,customer_id,vendor_id,settlement_id,invoice_id,journal_entry_id,item_id,bill_id,work_order_id",— no header comment in the file —,ok,ok,ok,ok,ok,ok,ok,WIRED,FLAG,,OK (I-HEADER only)
leases/lease-buyout.service.ts,leases,.service,246,WIRED,1,1,YES,NO,"accounting.fixed_assets,mdata.units,mdata.equipment,accounting.lease_asset_line,accounting.lease_contract",1,5,0,YES,NO,3/12,"load_id,driver_id,trailer_id,customer_id,settlement_id,invoice_id,journal_entry_id,item_id,work_order_id","ROUND 321 (CC-1) — lease-to-own BUYOUT close, ASC 842 lessee (migration 202615210100 + 202615210000).
Owner-only (the route reuses the lease engine's Owner gate). Two idempotent phases:
  A. the purch",ok,ok,ok,FLAG,FLAG,FLAG,ok,WIRED,ok,"UPDATE mdata.units: UPDATE mdata.units SET owner_company_id = $2::uuid, currently_leased_to_company_id = NULL, updated_at = now() WHERE id = $1::uuid`, [a.unit_id, opco]) || UPDATE accounting.fixed_assets: UPDATE accounting.fixed_assets SET asset_account_id = COALESCE(asset_account_id, $2::uuid) WHERE id = $1::uuid`, [r.fixed_asset_id, planned.assetAccounts[i]])",DEFECT: D-ATOMIC: multi-table write without txn boundary; E-SCOPE: unscoped UPDATE/DELETE (4); F-RETRY: scheduled writer without ON CONFLICT/idempotency/WHERE NOT EXISTS
leases/lease-engine.service.ts,leases,.service,362,WIRED,1,2,YES,NO,"accounting.lease_contract,accounting.lease_classification,accounting.lease_asset_line,legal.contract_instances,mdata.units,mdata.equipment",3,5,0,YES,YES,2/12,"load_id,driver_id,trailer_id,customer_id,vendor_id,settlement_id,invoice_id,journal_entry_id,item_id,work_order_id","ROUND 316 — LEASE ENGINE (contracts). Owner 2026-10-01: every unit / trailer is leased to USMCA; the owner
creates each lease contract himself, BACKDATED, once the engine is complete. Owner-only creat",ok,ok,ok,FLAG,ok,FLAG,ok,WIRED,ok,,DEFECT: D-ATOMIC: multi-table write without txn boundary; F-RETRY: scheduled writer without ON CONFLICT/idempotency/WHERE NOT EXISTS
leases/lessee-posting.service.ts,leases,.service,245,WIRED,4,1,YES,NO,"accounting.lease_lessee_schedule_period,accounting.lease_contract",1,2,0,YES,NO,2/12,"load_id,driver_id,trailer_id,customer_id,vendor_id,settlement_id,invoice_id,journal_entry_id,item_id,work_order_id","ROUND 321 (CC-1) — lease-to-own money side, ASC 842 LESSEE posting. Reuses createJournalEntryOnClient (no new GL
math beyond the schedule in lessee-schedule.ts) and the monthly lease bill engine.
  SI",ok,ok,ok,FLAG,FLAG,FLAG,ok,WIRED,ok,"UPDATE accounting.lease_lessee_schedule_period: UPDATE accounting.lease_lessee_schedule_period SET bill_id = COALESCE(bill_id, $2::uuid) WHERE id = $1::uuid`, [row.id, args.billId]) || UPDATE accounting.lease_lessee_schedule_period: UPDATE accounting.lease_lessee_schedule_period SET bill_id = $2::uuid, accretion_je_id = $3::uuid, posted_at = now() WHERE id = $1::uuid`, [row.id, args.billId,",DEFECT: D-ATOMIC: multi-table write without txn boundary; E-SCOPE: unscoped UPDATE/DELETE (2); F-RETRY: scheduled writer without ON CONFLICT/idempotency/WHERE NOT EXISTS
legal/attorney-review.service.ts,legal,.service,386,WIRED,1,0,YES,NO,"legal.contract_templates,legal.contract_attorney_review_tokens",0,2,0,NO,NO,0/12,"load_id,driver_id,unit_id,trailer_id,customer_id,vendor_id,settlement_id,invoice_id,journal_entry_id,item_id,bill_id,work_order_id",— no header comment in the file —,ok,ok,ok,ok,FLAG,ok,ok,WIRED,FLAG,"UPDATE legal.contract_attorney_review_tokens: UPDATE legal.contract_attorney_review_tokens SET consumed_at = now(), consumed_ip = CAST($2 AS inet), consumed_user_agent = $3 WHERE id = $1::uuid `, [tokenRow. || UPDATE legal.contract_attorney_review_tokens: UPDATE legal.contract_attorney_review_tokens SET consumed_at = now(), consumed_ip = CAST($2 AS inet), consumed_user_agent = $3 WHERE id = $1::uuid `, [tokenRow.",DEFECT: E-SCOPE: unscoped UPDATE/DELETE (3)
legal/contract-linkage.service.ts,legal,.service,314,WIRED,3,1,YES,NO,legal.contract_instances,0,1,0,NO,YES,5/12,"trailer_id,settlement_id,invoice_id,journal_entry_id,item_id,bill_id,work_order_id","ROUND 316 — LEGAL CONTRACT LINKAGE (§10-B). A contract instance carries REAL foreign keys to what it binds
(customer, vendor, driver, unit, trailer, load, lease contract, counterparty company — migrat",ok,ok,ok,ok,ok,ok,ok,WIRED,ok,,OK
legal/contract-type-templates.service.ts,legal,.service,86,WIRED,3,1,YES,NO,legal.contract_templates,1,1,0,NO,NO,0/12,"load_id,driver_id,unit_id,trailer_id,customer_id,vendor_id,settlement_id,invoice_id,journal_entry_id,item_id,bill_id,work_order_id","ROUND 316 — idempotent seed of a contract type's template (same pattern as ensureTruckLeaseTemplate), for the types in templates/contract-type-library.ts (trailer lease, transportation services agreem",ok,ok,ok,ok,ok,ok,ok,WIRED,ok,,OK
legal/contracts.service.ts,legal,.service,1053,WIRED,2,1,YES,NO,"legal.contract_audit_log,legal.contract_instances,legal.contract_signing_tokens,legal.signatures,documents.attachments",5,2,0,NO,NO,4/12,"unit_id,trailer_id,settlement_id,invoice_id,journal_entry_id,item_id,bill_id,work_order_id",— no header comment in the file —,ok,ok,ok,ok,ok,ok,FLAG,WIRED,FLAG,,DEFECT: G-SILENT: empty catch
legal/draft-preview.service.ts,legal,.service,93,WIRED,1,1,NO,NO,,0,0,0,NO,NO,0/12,"load_id,driver_id,unit_id,trailer_id,customer_id,vendor_id,settlement_id,invoice_id,journal_entry_id,item_id,bill_id,work_order_id","Legal draft preview — renders a WATERMARKED, NOT-FOR-EXECUTION HTML preview of a template with the creator's filled variables merged in. Preview/print only.  HARD INVARIANT: this module performs ZERO ",ok,ok,ok,ok,ok,ok,ok,WIRED,ok,,OK
legal/lease-to-own.service.ts,legal,.service,146,WIRED,1,1,YES,NO,legal.contract_templates,1,0,0,NO,NO,0/12,"load_id,driver_id,unit_id,trailer_id,customer_id,vendor_id,settlement_id,invoice_id,journal_entry_id,item_id,bill_id,work_order_id","LEGAL-CONTRACT-CREATOR-01 — lease-to-own backend service (pure-code, behind LEGAL_CONTRACTS_ENABLED).  Extends the EXISTING legal contract system (does NOT duplicate it):   - ensureLeaseToOwnTemplate(",ok,ok,ok,ok,ok,ok,ok,WIRED,ok,,OK
legal/legal-deadline-alerts.service.ts,legal,.service,235,WIRED,1,0,NO,NO,,0,0,0,NO,NO,0/12,"load_id,driver_id,unit_id,trailer_id,customer_id,vendor_id,settlement_id,invoice_id,journal_entry_id,item_id,bill_id,work_order_id","ROUND 326 item 4 — LEGAL DEADLINE + EXPIRY ENGINE.
Surfaces real dashboard alerts from:
  - legal.matter_deadlines (statute / hearing / filing / renewal — any open row)
  - legal.matters.statute_of_li",ok,ok,ok,ok,ok,ok,ok,WIRED,ok,,OK
legal/legal-linkage-backfill.service.ts,legal,.service,94,WIRED,1,0,YES,NO,"legal.contract_instances,legal.matters",0,2,0,NO,NO,0/12,"load_id,driver_id,unit_id,trailer_id,customer_id,vendor_id,settlement_id,invoice_id,journal_entry_id,item_id,bill_id,work_order_id","ROUND 326 item 2 — LEGAL BACKFILL from signed / stored source fields.
Never invents a subject mapping. Uses only:
  - signer_type + signer_entity_id (and existing typed FKs) via syncContractInstanceLi",ok,ok,ok,FLAG,ok,ok,ok,WIRED,ok,,DEFECT: D-ATOMIC: multi-table write without txn boundary
legal/legal-money.service.ts,legal,.service,473,WIRED,1,0,YES,NO,"legal.matter_events,legal.matters",1,1,0,NO,NO,7/12,"driver_id,trailer_id,settlement_id,item_id,work_order_id","ROUND 326 item 3 — LEGAL ECONOMIC WIRING.
Matter / contract money posts ONLY through the existing bill (AP / expense) and invoice (AR)
engines — never handwritten journal lines, never a new GL math pa",ok,ok,ok,FLAG,ok,ok,ok,WIRED,ok,,DEFECT: D-ATOMIC: multi-table write without txn boundary
legal/matters-reminder.cron.ts,legal,.cron,117,WIRED,2,0,NO,NO,,0,0,0,YES,NO,0/12,"load_id,driver_id,unit_id,trailer_id,customer_id,vendor_id,settlement_id,invoice_id,journal_entry_id,item_id,bill_id,work_order_id",— no header comment in the file —,ok,ok,ok,ok,ok,ok,ok,WIRED,FLAG,,OK (I-HEADER only)
legal/matters.service.ts,legal,.service,1180,WIRED,2,2,YES,NO,"legal.matter_events,legal.matters,legal.matter_documents,legal.matter_deadlines",4,2,0,NO,NO,4/12,"driver_id,trailer_id,settlement_id,invoice_id,journal_entry_id,item_id,bill_id,work_order_id",— no header comment in the file —,ok,ok,ok,FLAG,FLAG,ok,ok,WIRED,FLAG,"UPDATE legal.matter_deadlines: UPDATE legal.matter_deadlines SET reminder_sent_at = coalesce(reminder_sent_at, ARRAY[]::timestamptz[]) || ARRAY[now()]::timestamptz[] WHERE id = $1 `, [deadlin",DEFECT: D-ATOMIC: multi-table write without txn boundary; E-SCOPE: unscoped UPDATE/DELETE (1)
legal/pdf-renderer.service.ts,legal,.service,186,WIRED,2,1,NO,NO,,0,0,0,NO,NO,0/12,"load_id,driver_id,unit_id,trailer_id,customer_id,vendor_id,settlement_id,invoice_id,journal_entry_id,item_id,bill_id,work_order_id",— no header comment in the file —,ok,ok,ok,ok,ok,ok,ok,WIRED,FLAG,,OK (I-HEADER only)
legal/signed-finance-handoff.service.ts,legal,.service,258,WIRED,4,2,YES,NO,accounting.lease_contract,0,1,0,YES,YES,1/12,"load_id,unit_id,trailer_id,customer_id,vendor_id,settlement_id,invoice_id,journal_entry_id,item_id,bill_id,work_order_id",Legal Phase 5 — financial HANDOFF only (Option B; see docs/specs/LEGAL-FINANCE-OWNERSHIP-AND-FLIP-READINESS.md + docs/specs/IH35_UNIFIED_BLUEPRINT_ADDITIONS.md).  SEPARATION OF DUTIES (Jorge-locked 20,ok,ok,ok,ok,ok,FLAG,ok,WIRED,ok,,DEFECT: F-RETRY: scheduled writer without ON CONFLICT/idempotency/WHERE NOT EXISTS
legal/signed-links.service.ts,legal,.service,257,WIRED,3,1,YES,NO,"legal.contract_instance_links,safety.driver_documents,legal.matter_documents",3,0,0,YES,NO,1/12,"load_id,unit_id,trailer_id,customer_id,vendor_id,settlement_id,invoice_id,journal_entry_id,item_id,bill_id,work_order_id","Legal Phase 4 — operational connections on signature (NON-financial, ships ON).  When a contract instance is signed, write legal.contract_instance_links and reflect the executed document into the oper",ok,ok,ok,FLAG,ok,ok,ok,WIRED,ok,,DEFECT: D-ATOMIC: multi-table write without txn boundary
legal/template-library-provision.service.ts,legal,.service,176,WIRED,2,1,NO,NO,,0,0,0,NO,NO,0/12,"load_id,driver_id,unit_id,trailer_id,customer_id,vendor_id,settlement_id,invoice_id,journal_entry_id,item_id,bill_id,work_order_id","Legal Template Library — auto-provisioning (LEGAL-SEED-01).  The library (`legal.contract_templates`) is per-entity: TRANSP / TRK / USMCA are fully independent, every row scoped by operating_company_i",ok,ok,ok,ok,ok,ok,ok,WIRED,ok,,OK
legal/template-library.service.ts,legal,.service,97,WIRED,2,1,YES,NO,legal.contract_templates,1,0,0,NO,NO,0/12,"load_id,driver_id,unit_id,trailer_id,customer_id,vendor_id,settlement_id,invoice_id,journal_entry_id,item_id,bill_id,work_order_id","Legal Template Library — idempotent seed of the 8 owner-activated templates (4 lease versions + 3 NDA variants from the verbatim source docx, plus the hand-authored owner_operator_lease_agreement futu",ok,ok,ok,ok,ok,ok,ok,WIRED,ok,,OK
legal/templates.service.ts,legal,.service,884,WIRED,6,1,YES,NO,"legal.contract_audit_log,legal.contract_attorney_review_tokens,legal.contract_templates",3,2,0,NO,NO,0/12,"load_id,driver_id,unit_id,trailer_id,customer_id,vendor_id,settlement_id,invoice_id,journal_entry_id,item_id,bill_id,work_order_id",— no header comment in the file —,ok,ok,ok,FLAG,ok,ok,ok,WIRED,FLAG,,DEFECT: D-ATOMIC: multi-table write without txn boundary
legal/truck-lease.service.ts,legal,.service,84,WIRED,1,0,YES,NO,legal.contract_templates,1,0,0,NO,NO,0/12,"load_id,driver_id,unit_id,trailer_id,customer_id,vendor_id,settlement_id,invoice_id,journal_entry_id,item_id,bill_id,work_order_id",LEGAL-TRUCK-LEASE-01 — truck lease backend service. Mirrors the lease-to-own pattern: idempotent seed → active template on first call.,ok,ok,ok,ok,ok,ok,ok,WIRED,ok,,OK
maint/wo-ap-posting.service.ts,maint,.service,492,WIRED,1,1,YES,NO,"accounting.bill_unit_allocation,accounting.bills,accounting.bill_lines",1,3,0,NO,NO,4/12,"load_id,driver_id,trailer_id,customer_id,settlement_id,invoice_id,journal_entry_id,item_id",— no header comment in the file —,ok,ok,ok,ok,FLAG,ok,ok,WIRED,FLAG,"UPDATE accounting.bill_lines: UPDATE accounting.bill_lines SET ps_category_qbo_id = $2, ps_item_qbo_id = $3 WHERE bill_id = $1::uuid AND COALESCE(amount, 0) > 0 `, [billId, pse.ps_category_q || UPDATE accounting.bill_lines: UPDATE accounting.bill_lines SET ${accountColumn} = $2::uuid WHERE bill_id = $1::uuid AND COALESCE(amount, 0) > 0 `, [billId, pse.coa_account_id] )",DEFECT: E-SCOPE: unscoped UPDATE/DELETE (2)
maintenance/damage-event-attribution.service.ts,maintenance,.service,175,WIRED,2,0,NO,NO,,0,0,0,NO,NO,2/12,"load_id,trailer_id,customer_id,vendor_id,settlement_id,invoice_id,journal_entry_id,item_id,bill_id,work_order_id","ROUND 305 B-48 — every damage / accident / tire event, one row each, with the driver it belongs
to or the named reason it belongs to nobody.
B-29's scorecard aggregates only events it can attribute, s",ok,ok,ok,ok,ok,ok,ok,WIRED,ok,,OK
maintenance/driver-damage-scorecard.service.ts,maintenance,.service,252,WIRED,2,0,NO,NO,,0,0,0,NO,NO,2/12,"load_id,trailer_id,customer_id,vendor_id,settlement_id,invoice_id,journal_entry_id,item_id,bill_id,work_order_id","B-29 — damage / tire / accident per driver (Lead order, ROUND 297.3).
Owner, verbatim: ""if too many tires damaged, if a driver has too many accidents or if there are
any issues every time he has a tru",ok,ok,ok,ok,ok,ok,ok,WIRED,ok,,OK
maintenance/driver-integrity-profile.service.ts,maintenance,.service,286,WIRED,1,0,NO,NO,,0,0,0,NO,NO,4/12,"trailer_id,vendor_id,settlement_id,invoice_id,journal_entry_id,item_id,bill_id,work_order_id","ROUND 305 B-50/B-51 (+ B-43 item 3) — the driver integrity profile: one record per driver,
composed of NAMED components, each with its own status, its arithmetic and its evidence.
Components: fuel (B-",ok,ok,ok,ok,ok,ok,ok,WIRED,ok,,OK
maintenance/fuel-driver-scorecard.service.ts,maintenance,.service,372,WIRED,2,0,NO,NO,,0,0,0,NO,NO,4/12,"trailer_id,customer_id,settlement_id,invoice_id,journal_entry_id,item_id,bill_id,work_order_id","B-28 — fuel / MPG per driver (Lead order, ROUND 297.3).
Owner, verbatim: ""the engine is supposed to let us know based on mpg, etc if a driver is
consuming too much fuel, he might steal and sell."" Ever",ok,ok,ok,ok,ok,ok,ok,WIRED,ok,,OK
maintenance/fuel-integrity.service.ts,maintenance,.service,623,WIRED,2,0,NO,NO,,0,0,0,NO,NO,2/12,"load_id,trailer_id,customer_id,vendor_id,settlement_id,invoice_id,journal_entry_id,item_id,bill_id,work_order_id","ROUND 305 B-47 — the fuel component of the driver integrity score, built so it REFUSES to flag
a driver on a single signal.
Owner's standard, verbatim via the Lead: ""two independent signals agreeing i",ok,ok,ok,ok,ok,ok,ok,WIRED,ok,,OK
maintenance/integrity-findings-attribution.service.ts,maintenance,.service,214,WIRED,3,0,NO,NO,,0,0,0,YES,NO,3/12,"trailer_id,customer_id,vendor_id,settlement_id,invoice_id,journal_entry_id,item_id,bill_id,work_order_id","ROUND 305 B-49 — attribute the geofence integrity findings to drivers, and state the rest as a gap.
safety.integrity_findings is written by the geofence integrity cron (one row per anomaly, keyed
to u",ok,ok,ok,ok,ok,ok,ok,WIRED,ok,,OK
maintenance/pm-auto-engine.cron.ts,maintenance,.cron,36,WIRED,1,0,NO,NO,,0,0,0,YES,NO,0/12,"load_id,driver_id,unit_id,trailer_id,customer_id,vendor_id,settlement_id,invoice_id,journal_entry_id,item_id,bill_id,work_order_id",— no header comment in the file —,ok,ok,ok,ok,ok,ok,ok,WIRED,FLAG,,OK (I-HEADER only)
maintenance/pm-auto-engine.service.ts,maintenance,.service,694,WIRED,6,3,YES,NO,"maintenance.pm_auto_wo_log,maintenance.pm_schedule_runs,maintenance.pm_auto_engine_settings,maintenance.pm_schedules",3,2,0,YES,NO,2/12,"load_id,driver_id,trailer_id,customer_id,vendor_id,settlement_id,invoice_id,journal_entry_id,item_id,bill_id",— no header comment in the file —,ok,ok,ok,ok,FLAG,ok,ok,WIRED,FLAG,"UPDATE maintenance.pm_schedule_runs: UPDATE maintenance.pm_schedule_runs SET status = 'skipped', finished_at = now(), error_message = 'engine_paused' WHERE id = $1::uuid `, [runId] ) || UPDATE maintenance.pm_schedule_runs: UPDATE maintenance.pm_schedule_runs SET status = $5, finished_at = now(), schedules_evaluated = $2, work_orders_created = $3, alerts_created = $4, error_message",DEFECT: E-SCOPE: unscoped UPDATE/DELETE (3)
maintenance/pm-cost-per-mile.service.ts,maintenance,.service,260,WIRED,6,1,NO,NO,,0,0,0,NO,NO,4/12,"driver_id,trailer_id,customer_id,vendor_id,settlement_id,invoice_id,journal_entry_id,item_id","E-15 addition -- PM COST PER MILE (Owner Law 2026-10-01: money pause lifted; ORDER-2026-09-04 three-mile CPM).
Per unit and per period, plus the fleet:
  REAL DRIVEN miles  -- the odometer is cumulati",ok,ok,ok,ok,ok,ok,ok,WIRED,ok,,OK
maintenance/pm-due-engine.service.ts,maintenance,.service,249,WIRED,2,1,NO,NO,,0,0,0,YES,NO,1/12,"load_id,driver_id,trailer_id,customer_id,vendor_id,settlement_id,invoice_id,journal_entry_id,item_id,bill_id,work_order_id","ROUND 301 T-29 -- PM DUE ENGINE, off the odometer ledger.
Owner verbatim: ""WE BUILT THE MAINTENANCE CATALOG ALREADY, AVERAGING 12K MILES PER MONTH THE
PM EVERY 25K MILES ... I BELIEVE TO SAVE SPACE, W",ok,ok,ok,ok,ok,ok,ok,WIRED,ok,,OK
maintenance/pre-flight/dvir-routing.service.ts,maintenance,.service,198,WIRED,1,1,YES,NO,maintenance.work_orders,1,0,0,NO,NO,2/12,"load_id,driver_id,trailer_id,customer_id,vendor_id,settlement_id,invoice_id,journal_entry_id,item_id,bill_id",— no header comment in the file —,ok,ok,ok,ok,ok,ok,ok,WIRED,FLAG,,OK (I-HEADER only)
maintenance/pre-flight/dvir-severity.service.ts,maintenance,.service,214,WIRED,2,2,YES,NO,safety.dvir_defect_severity_tags,1,0,0,NO,NO,0/12,"load_id,driver_id,unit_id,trailer_id,customer_id,vendor_id,settlement_id,invoice_id,journal_entry_id,item_id,bill_id,work_order_id",— no header comment in the file —,ok,ok,ok,ok,ok,ok,ok,WIRED,FLAG,,OK (I-HEADER only)
maintenance/service-timeline.service.ts,maintenance,.service,551,WIRED,1,1,NO,NO,,0,0,0,YES,NO,2/12,"load_id,driver_id,trailer_id,customer_id,vendor_id,settlement_id,invoice_id,journal_entry_id,item_id,bill_id",B31: Unified service history timeline for vehicle (unit_id) and trailer (equipment_id).,ok,ok,ok,ok,ok,ok,ok,WIRED,ok,,OK
maintenance/severe-repair-estimate.service.ts,maintenance,.service,367,WIRED,2,0,YES,NO,"mdata.units,maintenance.severe_repair_estimates",0,2,0,NO,NO,3/12,"load_id,trailer_id,customer_id,vendor_id,settlement_id,invoice_id,journal_entry_id,item_id,bill_id",— no header comment in the file —,ok,ok,ok,FLAG,ok,ok,ok,WIRED,FLAG,,DEFECT: D-ATOMIC: multi-table write without txn boundary
maintenance/work-orders.service.ts,maintenance,.service,85,WIRED,2,1,NO,NO,,0,0,0,NO,NO,2/12,"load_id,trailer_id,customer_id,vendor_id,settlement_id,invoice_id,journal_entry_id,item_id,bill_id,work_order_id",— no header comment in the file —,ok,ok,ok,ok,ok,ok,ok,WIRED,FLAG,,OK (I-HEADER only)
master-data/customers/free-time-detention.service.ts,master-data,.service,188,WIRED,1,0,YES,NO,"master_data.customer_terms_history,mdata.customers",1,1,0,NO,NO,0/12,"load_id,driver_id,unit_id,trailer_id,customer_id,vendor_id,settlement_id,invoice_id,journal_entry_id,item_id,bill_id,work_order_id",— no header comment in the file —,ok,ok,ok,FLAG,ok,ok,ok,WIRED,FLAG,,DEFECT: D-ATOMIC: multi-table write without txn boundary
master-data/drivers/operations-depth/accident-history.service.ts,master-data,.service,82,WIRED,1,0,NO,NO,,0,0,0,NO,NO,4/12,"trailer_id,customer_id,settlement_id,invoice_id,journal_entry_id,item_id,bill_id,work_order_id",— no header comment in the file —,ok,ok,ok,ok,ok,ok,ok,WIRED,FLAG,,OK (I-HEADER only)
master-data/drivers/operations-depth/communications-log.service.ts,master-data,.service,63,WIRED,1,0,NO,NO,,0,0,0,NO,NO,1/12,"load_id,unit_id,trailer_id,customer_id,vendor_id,settlement_id,invoice_id,journal_entry_id,item_id,bill_id,work_order_id",— no header comment in the file —,ok,ok,ok,ok,ok,ok,ok,WIRED,FLAG,,OK (I-HEADER only)
master-data/drivers/operations-depth/debt-history.service.ts,master-data,.service,61,WIRED,1,0,NO,NO,,0,0,0,NO,NO,1/12,"load_id,unit_id,trailer_id,customer_id,vendor_id,settlement_id,invoice_id,journal_entry_id,item_id,bill_id,work_order_id",— no header comment in the file —,ok,ok,ok,ok,ok,ok,ok,WIRED,FLAG,,OK (I-HEADER only)
master-data/drivers/operations-depth/documents-vault.service.ts,master-data,.service,70,WIRED,1,0,NO,NO,,0,0,0,NO,NO,1/12,"load_id,unit_id,trailer_id,customer_id,vendor_id,settlement_id,invoice_id,journal_entry_id,item_id,bill_id,work_order_id",— no header comment in the file —,ok,ok,ok,ok,ok,ok,ok,WIRED,FLAG,,OK (I-HEADER only)
master-data/drivers/operations-depth/escrow-history.service.ts,master-data,.service,130,WIRED,1,0,NO,NO,,0,0,0,NO,NO,3/12,"load_id,unit_id,trailer_id,customer_id,vendor_id,invoice_id,item_id,bill_id,work_order_id",— no header comment in the file —,ok,ok,ok,ok,ok,ok,ok,WIRED,FLAG,,OK (I-HEADER only)
master-data/drivers/operations-depth/fuel-history.service.ts,master-data,.service,82,WIRED,1,0,NO,NO,,0,0,0,NO,NO,4/12,"trailer_id,customer_id,settlement_id,invoice_id,journal_entry_id,item_id,bill_id,work_order_id",— no header comment in the file —,ok,ok,ok,ok,ok,ok,ok,WIRED,FLAG,,OK (I-HEADER only)
master-data/drivers/operations-depth/maintenance-assignments.service.ts,master-data,.service,63,WIRED,1,0,NO,NO,,0,0,0,NO,NO,2/12,"load_id,trailer_id,customer_id,vendor_id,settlement_id,invoice_id,journal_entry_id,item_id,bill_id,work_order_id",— no header comment in the file —,ok,ok,ok,ok,ok,ok,ok,WIRED,FLAG,,OK (I-HEADER only)
master-data/drivers/operations-depth/payroll-history.service.ts,master-data,.service,58,WIRED,1,0,NO,NO,,0,0,0,NO,NO,1/12,"load_id,unit_id,trailer_id,customer_id,vendor_id,settlement_id,invoice_id,journal_entry_id,item_id,bill_id,work_order_id",— no header comment in the file —,ok,ok,ok,ok,ok,ok,ok,WIRED,FLAG,,OK (I-HEADER only)
master-data/drivers/operations-depth/permit-history.service.ts,master-data,.service,129,WIRED,1,0,NO,NO,,0,0,0,NO,NO,2/12,"load_id,trailer_id,customer_id,vendor_id,settlement_id,invoice_id,journal_entry_id,item_id,bill_id,work_order_id",— no header comment in the file —,ok,ok,ok,ok,ok,ok,ok,WIRED,FLAG,,OK (I-HEADER only)
master-data/drivers/operations-depth/pwa-engagement.service.ts,master-data,.service,70,WIRED,1,0,NO,NO,,0,0,0,NO,NO,1/12,"load_id,unit_id,trailer_id,customer_id,vendor_id,settlement_id,invoice_id,journal_entry_id,item_id,bill_id,work_order_id",— no header comment in the file —,ok,ok,ok,ok,ok,ok,ok,WIRED,FLAG,,OK (I-HEADER only)
master-data/drivers/operations-depth/safety-events.service.ts,master-data,.service,69,WIRED,1,0,NO,NO,,0,0,0,NO,NO,2/12,"load_id,trailer_id,customer_id,vendor_id,settlement_id,invoice_id,journal_entry_id,item_id,bill_id,work_order_id",— no header comment in the file —,ok,ok,ok,ok,ok,ok,ok,WIRED,FLAG,,OK (I-HEADER only)
master-data/drivers/operations-depth/settlement-history.service.ts,master-data,.service,66,WIRED,1,0,NO,NO,,0,0,0,NO,NO,1/12,"load_id,unit_id,trailer_id,customer_id,vendor_id,settlement_id,invoice_id,journal_entry_id,item_id,bill_id,work_order_id",— no header comment in the file —,ok,ok,ok,ok,ok,ok,ok,WIRED,FLAG,,OK (I-HEADER only)
mdata/canonical/canonical-entities.service.ts,mdata,.service,299,WIRED,3,0,YES,NO,,0,0,0,NO,YES,2/12,"load_id,driver_id,unit_id,trailer_id,settlement_id,invoice_id,journal_entry_id,item_id,bill_id,work_order_id","ROUND 326 items 1-2 — the canonical-entity engine for CUSTOMERS and VENDORS: one record per real party.
  key        upper(regexp_replace(name,'[^A-Za-z0-9]','','g')) within ONE operating company (ent",ok,ok,ok,ok,ok,ok,ok,WIRED,ok,,OK
mdata/canonical/customer-profile.service.ts,mdata,.service,220,WIRED,1,0,NO,NO,,0,0,0,YES,NO,3/12,"driver_id,unit_id,trailer_id,vendor_id,settlement_id,journal_entry_id,item_id,bill_id,work_order_id","ROUND 326 item 1 part B — the customer profile surface, one read. Eight blocks, each returning a value or a
NAMED reason it is empty (never a placeholder): AR aging · credit limit and exposure · open ",ok,ok,ok,ok,ok,ok,ok,WIRED,ok,,OK
mdata/canonical/driver-hub.service.ts,mdata,.service,125,WIRED,1,0,NO,NO,,0,0,0,NO,YES,4/12,"trailer_id,customer_id,settlement_id,invoice_id,journal_entry_id,item_id,bill_id,work_order_id","ROUND 326.5 — Driver Hub Home board (docs/design/boards/driver-customers-vendors/Main.dc.html): six tiles, status
chips, the driver list sorted by settlement due, and the selected driver's panel (five",ok,ok,ok,ok,ok,ok,ok,WIRED,ok,,OK
mdata/canonical/driver-overview.service.ts,mdata,.service,196,WIRED,1,0,NO,NO,,0,0,0,YES,NO,4/12,"trailer_id,customer_id,vendor_id,invoice_id,journal_entry_id,item_id,bill_id,work_order_id","ROUND 326.5 — DriverDetail board, Overview (docs/design/boards/driver-customers-vendors/DriverDetail.dc.html).
Seven tiles; settlements split into line haul / additional / deductions off settlement_li",ok,ok,ok,ok,ok,ok,ok,WIRED,ok,,OK
mdata/canonical/driver-profile.service.ts,mdata,.service,267,WIRED,1,0,NO,NO,,0,0,0,YES,YES,6/12,"trailer_id,customer_id,invoice_id,item_id,bill_id,work_order_id","ROUND 326 item 3 — the driver profile: one read that is the whole driver. Seventeen blocks, each a value or a
NAMED reason it is empty (never a placeholder): pay basis · settlements + their lines · ad",ok,ok,ok,ok,ok,ok,ok,WIRED,ok,,OK
mdata/canonical/party-board.service.ts,mdata,.service,159,WIRED,1,0,NO,NO,,0,0,0,NO,NO,3/12,"load_id,driver_id,unit_id,trailer_id,settlement_id,journal_entry_id,item_id,bill_id,work_order_id","ROUND 326.5 — the Customers and Vendors list boards (docs/design/boards/driver-customers-vendors/Customers.dc.html,
Vendors.dc.html). Every tile, chip count, row and footer figure is computed here fro",ok,ok,ok,ok,ok,ok,ok,WIRED,ok,,OK
mdata/canonical/variant-candidates.service.ts,mdata,.service,53,WIRED,1,0,NO,NO,,0,0,0,NO,NO,2/12,"load_id,driver_id,unit_id,trailer_id,settlement_id,invoice_id,journal_entry_id,item_id,bill_id,work_order_id","ROUND 297 — the one party namespace (customers + vendors + Faro debtors) for one company, with each record's own
document count, total and open balance, run through the variant generator. Read only: t",ok,ok,ok,ok,ok,ok,ok,WIRED,ok,,OK
mdata/canonical/vendor-profile.service.ts,mdata,.service,221,WIRED,1,0,NO,NO,,0,0,0,NO,NO,3/12,"driver_id,trailer_id,customer_id,settlement_id,invoice_id,journal_entry_id,item_id,bill_id,work_order_id","ROUND 326 item 2 — the vendor profile surface, one read. Nine blocks off the canonical tables, each a value or a
NAMED reason it is empty (never a placeholder): AP aging · open bills · 1099 status · i",ok,ok,ok,ok,ok,ok,ok,WIRED,ok,,OK
mdata/driver-active-30d.service.ts,mdata,.service,128,WIRED,1,0,YES,NO,mdata.drivers,0,1,0,NO,NO,1/12,"load_id,unit_id,trailer_id,customer_id,vendor_id,settlement_id,invoice_id,journal_entry_id,item_id,bill_id,work_order_id","Owner law 2026-08-08: Active drivers = operational activity in the last 30 days.
Everyone else stays Inactive (Terminated is never touched).
Activity signals (any one is enough):
 - assigned primary/s",ok,ok,ok,ok,ok,ok,ok,WIRED,ok,,OK
mdata/driver-aggregate.service.ts,mdata,.service,596,WIRED,2,0,NO,NO,,0,0,0,NO,NO,4/12,"trailer_id,customer_id,vendor_id,invoice_id,journal_entry_id,item_id,bill_id,work_order_id",— no header comment in the file —,ok,ok,ok,ok,ok,ok,ok,WIRED,FLAG,,OK (I-HEADER only)
mdata/driver-app-access.service.ts,mdata,.service,299,WIRED,1,0,YES,NO,"identity.users,org.user_company_access,mdata.drivers",2,2,0,NO,NO,1/12,"load_id,unit_id,trailer_id,customer_id,vendor_id,settlement_id,invoice_id,journal_entry_id,item_id,bill_id,work_order_id","DRIVER APP ACCESS — give an EXISTING driver a login.
THE DEFECT, MEASURED ON PROD 2026-08-03 (positive control mdata.vendors = 2,828):
  mdata.drivers                                   183 total, 88 a",ok,ok,ok,FLAG,FLAG,ok,ok,WIRED,ok,"UPDATE identity.users: UPDATE identity.users SET role = 'Driver', default_company_id = COALESCE(default_company_id, $2::uuid), phone = COALESCE($3, phone), email = COALESCE($4, email)",DEFECT: D-ATOMIC: multi-table write without txn boundary; E-SCOPE: unscoped UPDATE/DELETE (1)
mdata/driver-inactivity-preview.service.ts,mdata,.service,198,WIRED,1,0,NO,NO,,0,0,0,NO,NO,1/12,"load_id,unit_id,trailer_id,customer_id,vendor_id,settlement_id,invoice_id,journal_entry_id,item_id,bill_id,work_order_id",Driver inactivity preview — READ / PREVIEW ONLY. Writes NOTHING.  Owner 2026-08-08: Active roster = activity in last 30 days. The mass write lives in migration 202612451400 + mdata/driver-active-30d.s,ok,ok,ok,ok,ok,ok,ok,WIRED,ok,,OK
mdata/driver-profile-pdf-renderer.service.ts,mdata,.service,76,WIRED,1,0,NO,NO,,0,0,0,NO,NO,0/12,"load_id,driver_id,unit_id,trailer_id,customer_id,vendor_id,settlement_id,invoice_id,journal_entry_id,item_id,bill_id,work_order_id",— no header comment in the file —,ok,ok,ok,ok,ok,ok,ok,WIRED,FLAG,,OK (I-HEADER only)
mdata/driver-reference-fk.service.ts,mdata,.service,113,WIRED,1,0,NO,NO,,0,0,0,NO,NO,1/12,"load_id,unit_id,trailer_id,customer_id,vendor_id,settlement_id,invoice_id,journal_entry_id,item_id,bill_id,work_order_id",— no header comment in the file —,ok,ok,ok,ok,ok,ok,ok,WIRED,FLAG,,OK (I-HEADER only)
mdata/driver-roster-duplicate.service.ts,mdata,.service,106,WIRED,1,1,NO,NO,,0,0,0,NO,NO,1/12,"load_id,unit_id,trailer_id,customer_id,vendor_id,settlement_id,invoice_id,journal_entry_id,item_id,bill_id,work_order_id","ROSTER DUPLICATE DETECTION — catch a duplicate driver against the LIVE roster, at creation.
THE GAP, PROVEN ON PROD 2026-08-03 (positive control mdata.vendors = 2,828). TRANSP carries three
pairs of A",ok,ok,ok,ok,ok,ok,ok,WIRED,ok,,OK
mdata/driver-team.service.ts,mdata,.service,596,WIRED,4,0,YES,NO,"mdata.driver_teams,driver_finance.team_settlement_splits,mdata.loads",2,2,0,NO,NO,2/12,"unit_id,trailer_id,customer_id,vendor_id,settlement_id,invoice_id,journal_entry_id,item_id,bill_id,work_order_id",— no header comment in the file —,ok,ok,ok,FLAG,FLAG,ok,ok,WIRED,FLAG,"UPDATE mdata.driver_teams: UPDATE mdata.driver_teams SET is_active = false, effective_to = ($2::date - INTERVAL '1 day')::date, updated_at = now() WHERE id = $1 `, [input.team_id, newEffe || UPDATE mdata.loads: UPDATE mdata.loads SET team_id = $2, assigned_primary_driver_id = NULL WHERE id = $1 RETURNING id, team_id `, [input.load_id, input.team_id] )",DEFECT: D-ATOMIC: multi-table write without txn boundary; E-SCOPE: unscoped UPDATE/DELETE (2)
mdata/equipment-aggregate.service.ts,mdata,.service,342,WIRED,2,0,NO,NO,,0,0,0,YES,YES,4/12,"trailer_id,customer_id,settlement_id,invoice_id,journal_entry_id,item_id,bill_id,work_order_id",— no header comment in the file —,ok,ok,ok,ok,ok,ok,ok,WIRED,FLAG,,OK (I-HEADER only)
mdata/equipment-transfer.service.ts,mdata,.service,517,WIRED,1,0,YES,NO,"mdata.equipment_transfers,mdata.equipment_log,mdata.equipment",2,2,0,NO,NO,1/12,"load_id,unit_id,trailer_id,customer_id,vendor_id,settlement_id,invoice_id,journal_entry_id,item_id,bill_id,work_order_id",— no header comment in the file —,ok,ok,ok,FLAG,FLAG,ok,ok,WIRED,FLAG,"UPDATE mdata.equipment: UPDATE mdata.equipment SET assigned_driver_id = $2, updated_at = now() WHERE id = $1 AND (owner_company_id = $3::uuid OR currently_leased_to_company_id = $3::uu",DEFECT: D-ATOMIC: multi-table write without txn boundary; E-SCOPE: unscoped UPDATE/DELETE (1)
mdata/trailer-profile-pdf-renderer.service.ts,mdata,.service,48,WIRED,1,0,NO,NO,,0,0,0,NO,NO,0/12,"load_id,driver_id,unit_id,trailer_id,customer_id,vendor_id,settlement_id,invoice_id,journal_entry_id,item_id,bill_id,work_order_id",— no header comment in the file —,ok,ok,ok,ok,ok,ok,ok,WIRED,FLAG,,OK (I-HEADER only)
mdata/unit-aggregate.service.ts,mdata,.service,1058,WIRED,5,0,NO,NO,,0,0,0,YES,YES,5/12,"trailer_id,settlement_id,invoice_id,journal_entry_id,item_id,bill_id,work_order_id",— no header comment in the file —,ok,ok,ok,ok,ok,ok,ok,WIRED,FLAG,,OK (I-HEADER only)
mdata/unit-finance-linkage.service.ts,mdata,.service,209,WIRED,1,0,NO,NO,,0,0,0,YES,YES,1/12,"load_id,driver_id,trailer_id,customer_id,vendor_id,settlement_id,invoice_id,journal_entry_id,item_id,bill_id,work_order_id",— no header comment in the file —,ok,ok,ok,ok,ok,ok,ok,WIRED,FLAG,,OK (I-HEADER only)
mdata/unit-financial.service.ts,mdata,.service,442,WIRED,2,0,NO,NO,,0,0,0,NO,YES,2/12,"driver_id,trailer_id,customer_id,vendor_id,settlement_id,invoice_id,journal_entry_id,item_id,bill_id,work_order_id",— no header comment in the file —,ok,ok,ok,ok,ok,ok,ok,WIRED,FLAG,,OK (I-HEADER only)
mdata/units-unified-list.service.ts,mdata,.service,270,WIRED,1,1,NO,NO,,0,0,0,NO,NO,2/12,"load_id,driver_id,trailer_id,customer_id,vendor_id,settlement_id,invoice_id,journal_entry_id,item_id,bill_id",— no header comment in the file —,ok,ok,ok,ok,ok,ok,ok,WIRED,FLAG,,OK (I-HEADER only)
mdata/vehicle-profile-pdf-renderer.service.ts,mdata,.service,67,WIRED,1,0,NO,NO,,0,0,0,NO,NO,0/12,"load_id,driver_id,unit_id,trailer_id,customer_id,vendor_id,settlement_id,invoice_id,journal_entry_id,item_id,bill_id,work_order_id",— no header comment in the file —,ok,ok,ok,ok,ok,ok,ok,WIRED,FLAG,,OK (I-HEADER only)
mdata/vendor-customer-merge.service.ts,mdata,.service,221,WIRED,2,0,YES,NO,,0,0,0,NO,NO,2/12,"load_id,driver_id,unit_id,trailer_id,settlement_id,invoice_id,journal_entry_id,item_id,bill_id,work_order_id","ROUND 16.21 (owner 2026-09-06, verbatim): ""I NEED FOR YOU TO RECONCILE VENDORS AND CUSTOMERS,
SOME MIGHT BE DUPLICATES OR EVEN TRIPLICATED, ETC, AND MERGE AND CREATE ONE SINGLE VENDOR OF
THOSE THAT AR",ok,ok,ok,ok,ok,ok,ok,WIRED,ok,,OK
mdata/yard-location.service.ts,mdata,.service,31,WIRED,3,0,NO,NO,,0,0,0,NO,NO,0/12,"load_id,driver_id,unit_id,trailer_id,customer_id,vendor_id,settlement_id,invoice_id,journal_entry_id,item_id,bill_id,work_order_id",— no header comment in the file —,ok,ok,ok,ok,ok,ok,ok,WIRED,FLAG,,OK (I-HEADER only)
middleware/idempotency-cleanup.cron.ts,middleware,.cron,52,WIRED,2,0,YES,NO,public.idempotency_keys,0,0,1,YES,NO,0/12,"load_id,driver_id,unit_id,trailer_id,customer_id,vendor_id,settlement_id,invoice_id,journal_entry_id,item_id,bill_id,work_order_id",— no header comment in the file —,ok,ok,ok,ok,FLAG,ok,ok,WIRED,FLAG,DELETE public.idempotency_keys: DELETE FROM public.idempotency_keys WHERE ttl_at <= now()`),DEFECT: E-SCOPE: unscoped UPDATE/DELETE (1)
notifications/email.service.ts,notifications,.service,204,WIRED,27,1,NO,NO,,0,0,0,NO,NO,0/12,"load_id,driver_id,unit_id,trailer_id,customer_id,vendor_id,settlement_id,invoice_id,journal_entry_id,item_id,bill_id,work_order_id",— no header comment in the file —,ok,ok,ok,ok,ok,ok,FLAG,WIRED,FLAG,,DEFECT: G-SILENT: empty catch
notifications/notification.service.ts,notifications,.service,177,WIRED,26,4,YES,NO,notifications.user_notifications,1,0,0,NO,NO,1/12,"load_id,driver_id,unit_id,trailer_id,customer_id,vendor_id,settlement_id,invoice_id,journal_entry_id,item_id,bill_id",— no header comment in the file —,ok,ok,ok,ok,ok,ok,ok,WIRED,FLAG,,OK (I-HEADER only)
notifications/sms-bridge.service.ts,notifications,.service,18,WIRED,2,0,NO,NO,,0,0,0,NO,NO,0/12,"load_id,driver_id,unit_id,trailer_id,customer_id,vendor_id,settlement_id,invoice_id,journal_entry_id,item_id,bill_id,work_order_id",— no header comment in the file —,ok,ok,ok,ok,ok,ok,ok,WIRED,FLAG,,OK (I-HEADER only)
ocr/ocr.service.ts,ocr,.service,131,WIRED,2,0,YES,NO,,0,0,0,NO,NO,1/12,"load_id,driver_id,unit_id,trailer_id,vendor_id,settlement_id,invoice_id,journal_entry_id,item_id,bill_id,work_order_id",— no header comment in the file —,ok,ok,ok,ok,ok,ok,ok,WIRED,FLAG,,OK (I-HEADER only)
owner/todays-attention/aggregator.service.ts,owner,.service,616,WIRED,2,1,NO,NO,,0,0,0,NO,NO,1/12,"load_id,driver_id,unit_id,trailer_id,customer_id,vendor_id,settlement_id,invoice_id,journal_entry_id,bill_id,work_order_id","GAP-65 — Owner Today's Attention Aggregator
Computes a ranked list of the top N (default 5) highest-priority items
the Owner needs to address today. Sources are queried in parallel and each
contribute",ok,ok,ok,ok,ok,ok,ok,WIRED,ok,,OK
payroll/settlement-shadow.service.ts,payroll,.service,167,WIRED,1,1,NO,NO,,0,0,0,NO,NO,2/12,"load_id,unit_id,trailer_id,customer_id,vendor_id,invoice_id,journal_entry_id,item_id,bill_id,work_order_id","A3-3 (FEAT-SETTLEMENT-SHADOW-RUN): read-only / compute-only shadow comparison of the OLD blunt recovery vs the NEW capped-ledger recovery, per real settlement. NO writes — no settlement updates, no le",ok,ok,ok,ok,ok,ok,ok,WIRED,ok,,OK
program/module-completion-live.service.ts,program,.service,35,WIRED,1,0,NO,NO,,0,0,0,NO,NO,0/12,"load_id,driver_id,unit_id,trailer_id,customer_id,vendor_id,settlement_id,invoice_id,journal_entry_id,item_id,bill_id,work_order_id",— no header comment in the file —,ok,ok,ok,ok,ok,ok,ok,WIRED,FLAG,,OK (I-HEADER only)
program/module-matrix.service.ts,program,.service,2398,WIRED,3,0,NO,NO,,0,0,0,YES,YES,0/12,"load_id,driver_id,unit_id,trailer_id,customer_id,vendor_id,settlement_id,invoice_id,journal_entry_id,item_id,bill_id,work_order_id","MATRIX-LIVE-RAD — project Required / Audited / Done for /program/matrix.
Required: docs/specs/scoreboard/modules/<module>.required.json
Audited: leaf-scoped ledger / GUARD / wave-queue / module-comple",ok,ok,ok,ok,ok,ok,FLAG,WIRED,ok,,DEFECT: G-SILENT: empty catch
program/module-matrix.worker.ts,program,.worker,18,ORPHAN,0,0,NO,NO,,0,0,0,YES,NO,0/12,"load_id,driver_id,unit_id,trailer_id,customer_id,vendor_id,settlement_id,invoice_id,journal_entry_id,item_id,bill_id,work_order_id","PROD-MATRIX-REQUEST-PATH-FREEZE — leaf×column projection MUST NOT run on the HTTP thread.
The parent kicks this worker; the request path only serves cache / last-good / required-seed.",ok,ok,ok,ok,ok,ok,ok,ORPHAN,ok,,DEFECT: H-ORPHAN
program/program-board.service.ts,program,.service,524,WIRED,2,1,YES,NO,ops.program_board_notes,1,0,0,YES,NO,0/12,"load_id,driver_id,unit_id,trailer_id,customer_id,vendor_id,settlement_id,invoice_id,journal_entry_id,item_id,bill_id,work_order_id",Program Board service — read-side aggregation of ALL repo blocks (from the reconcile JSON that `npm run reconcile:blocks` regenerates) + the two curated owner tracks (Owner-Batch + Dispatch-Kit) + the,ok,ok,ok,ok,ok,FLAG,FLAG,WIRED,ok,,DEFECT: F-RETRY: scheduled writer without ON CONFLICT/idempotency/WHERE NOT EXISTS; G-SILENT: empty catch
program/program-tracker.service.ts,program,.service,500,WIRED,1,0,NO,NO,,0,0,0,YES,NO,0/12,"load_id,driver_id,unit_id,trailer_id,customer_id,vendor_id,settlement_id,invoice_id,journal_entry_id,item_id,bill_id,work_order_id","Program Tracker service — NON-FINANCIAL, READ-ONLY internal tooling. Computes the Build-Progress view at request time from the DEPLOYED repo artifacts (no DB writes, no accounting/catalogs/mdata):   •",ok,ok,ok,ok,ok,ok,FLAG,WIRED,ok,,DEFECT: G-SILENT: empty catch
qbo/bill-payment-mapper.service.ts,qbo,.service,39,TEST-ONLY,0,1,NO,NO,,0,0,0,NO,NO,0/12,"load_id,driver_id,unit_id,trailer_id,customer_id,vendor_id,settlement_id,invoice_id,journal_entry_id,item_id,bill_id,work_order_id",— no header comment in the file —,ok,ok,ok,ok,ok,ok,ok,TEST-ONLY,FLAG,,OK (TEST-ONLY)
qbo/master-data-sync.cron.ts,qbo,.cron,50,WIRED,1,0,NO,NO,,0,0,0,YES,NO,0/12,"load_id,driver_id,unit_id,trailer_id,customer_id,vendor_id,settlement_id,invoice_id,journal_entry_id,item_id,bill_id,work_order_id",— no header comment in the file —,ok,ok,ok,ok,ok,ok,ok,WIRED,FLAG,,OK (I-HEADER only)
qbo/master-data-sync.service.ts,qbo,.service,482,WIRED,2,0,YES,NO,"mdata.qbo_vendors,mdata.qbo_customers,mdata.qbo_items,mdata.qbo_accounts,mdata.qbo_sync_runs",5,1,0,YES,NO,0/12,"load_id,driver_id,unit_id,trailer_id,customer_id,vendor_id,settlement_id,invoice_id,journal_entry_id,item_id,bill_id,work_order_id",— no header comment in the file —,ok,ok,ok,ok,FLAG,ok,ok,WIRED,FLAG,"UPDATE mdata.qbo_sync_runs: UPDATE mdata.qbo_sync_runs SET finished_at = now(), rows_upserted = $2, cdc_cursor = COALESCE($3::timestamptz, cdc_cursor), last_heartbeat_at = now() WHERE id = || UPDATE mdata.qbo_sync_runs: UPDATE mdata.qbo_sync_runs SET finished_at = now(), error_message = $2, rows_upserted = $3, last_heartbeat_at = now() WHERE id = $1::uuid `, [runId, message.sli",DEFECT: E-SCOPE: unscoped UPDATE/DELETE (2)
qbo/push.service.ts,qbo,.service,527,WIRED,11,1,YES,NO,"outbox.events,mdata.qbo_vendors,mdata.qbo_customers,mdata.qbo_items,mdata.qbo_accounts,mdata.qbo_invoices",1,5,0,YES,NO,1/12,"load_id,driver_id,unit_id,trailer_id,customer_id,vendor_id,settlement_id,invoice_id,journal_entry_id,item_id,work_order_id",— no header comment in the file —,ok,ok,ok,FLAG,ok,FLAG,ok,WIRED,FLAG,,DEFECT: D-ATOMIC: multi-table write without txn boundary; F-RETRY: scheduled writer without ON CONFLICT/idempotency/WHERE NOT EXISTS
qbo/tms-account-push-chain.service.ts,qbo,.service,15,WIRED,1,0,YES,NO,outbox.events,1,0,0,NO,NO,0/12,"load_id,driver_id,unit_id,trailer_id,customer_id,vendor_id,settlement_id,invoice_id,journal_entry_id,item_id,bill_id,work_order_id",— no header comment in the file —,ok,ok,ok,ok,ok,ok,ok,WIRED,FLAG,,OK (I-HEADER only)
qbo/tms-bill-push-chain.service.ts,qbo,.service,15,WIRED,2,1,YES,NO,outbox.events,1,0,0,NO,NO,1/12,"load_id,driver_id,unit_id,trailer_id,customer_id,vendor_id,settlement_id,invoice_id,journal_entry_id,item_id,work_order_id",— no header comment in the file —,ok,ok,ok,ok,ok,ok,ok,WIRED,FLAG,,OK (I-HEADER only)
qbo/tms-customer-push-chain.service.ts,qbo,.service,15,WIRED,1,0,YES,NO,outbox.events,1,0,0,NO,NO,1/12,"load_id,driver_id,unit_id,trailer_id,vendor_id,settlement_id,invoice_id,journal_entry_id,item_id,bill_id,work_order_id",— no header comment in the file —,ok,ok,ok,ok,ok,ok,ok,WIRED,FLAG,,OK (I-HEADER only)
qbo/tms-invoice-push-chain.service.ts,qbo,.service,15,WIRED,4,0,YES,NO,outbox.events,1,0,0,NO,NO,1/12,"load_id,driver_id,unit_id,trailer_id,customer_id,vendor_id,settlement_id,journal_entry_id,item_id,bill_id,work_order_id",— no header comment in the file —,ok,ok,ok,ok,ok,ok,ok,WIRED,FLAG,,OK (I-HEADER only)
qbo/tms-item-push-chain.service.ts,qbo,.service,15,WIRED,1,0,YES,NO,outbox.events,1,0,0,NO,NO,1/12,"load_id,driver_id,unit_id,trailer_id,customer_id,vendor_id,settlement_id,invoice_id,journal_entry_id,bill_id,work_order_id",— no header comment in the file —,ok,ok,ok,ok,ok,ok,ok,WIRED,FLAG,,OK (I-HEADER only)
qbo/tms-vendor-push-chain.service.ts,qbo,.service,15,WIRED,1,0,YES,NO,outbox.events,1,0,0,NO,NO,1/12,"load_id,driver_id,unit_id,trailer_id,customer_id,settlement_id,invoice_id,journal_entry_id,item_id,bill_id,work_order_id",— no header comment in the file —,ok,ok,ok,ok,ok,ok,ok,WIRED,FLAG,,OK (I-HEADER only)
reconciler/reconciler.cron.ts,reconciler,.cron,80,WIRED,1,1,NO,NO,,0,0,0,YES,NO,0/12,"load_id,driver_id,unit_id,trailer_id,customer_id,vendor_id,settlement_id,invoice_id,journal_entry_id,item_id,bill_id,work_order_id","Reconciler cron (13d) — every 15 minutes, America/Chicago, USMCA only.
Runs every invariant and records the result in reconciler.exceptions / reconciler.runs
(migration 202614291200). It writes only t",ok,ok,ok,ok,ok,ok,ok,WIRED,ok,,OK
reconciliation/alert-routing.service.ts,reconciliation,.service,120,WIRED,1,1,NO,NO,,0,0,0,NO,NO,0/12,"load_id,driver_id,unit_id,trailer_id,customer_id,vendor_id,settlement_id,invoice_id,journal_entry_id,item_id,bill_id,work_order_id",— no header comment in the file —,ok,ok,ok,ok,ok,ok,ok,WIRED,FLAG,,OK (I-HEADER only)
reconciliation/ledger-integrity-detectors.service.ts,reconciliation,.service,1235,WIRED,1,1,YES,NO,_system.reconciliation_findings,1,1,0,YES,YES,0/12,"load_id,driver_id,unit_id,trailer_id,customer_id,vendor_id,settlement_id,invoice_id,journal_entry_id,item_id,bill_id,work_order_id",— no header comment in the file —,ok,ok,ok,ok,FLAG,FLAG,ok,WIRED,FLAG,"UPDATE _system.reconciliation_findings: UPDATE _system.reconciliation_findings SET status = 'resolved', resolved_at = now(), resolved_by_user_id = NULL, resolution_notes = 'auto-resolved: ledger-integ || UPDATE _system.reconciliation_findings: UPDATE _system.reconciliation_findings SET severity = $2, last_seen_at = now(), local_value = $3::jsonb, threshold_snapshot = $4::jsonb, updated_at = now() WHER",DEFECT: E-SCOPE: unscoped UPDATE/DELETE (2); F-RETRY: scheduled writer without ON CONFLICT/idempotency/WHERE NOT EXISTS
reconciliation/reconciliation-worker.service.ts,reconciliation,.service,937,WIRED,1,3,YES,NO,"_system.reconciliation_findings,_system.reconciliation_state",2,1,0,YES,NO,1/12,"load_id,unit_id,trailer_id,customer_id,vendor_id,settlement_id,invoice_id,journal_entry_id,item_id,bill_id,work_order_id",— no header comment in the file —,ok,ok,ok,ok,FLAG,ok,ok,WIRED,FLAG,"UPDATE _system.reconciliation_findings: UPDATE _system.reconciliation_findings SET severity = $2, last_seen_at = now(), local_value = $3::jsonb, remote_value = $4::jsonb, drift_metric_abs = $5, drift_",DEFECT: E-SCOPE: unscoped UPDATE/DELETE (1)
reports/deadhead-refresh.job.ts,reports,.job,49,WIRED,1,0,NO,NO,,0,0,0,YES,NO,0/12,"load_id,driver_id,unit_id,trailer_id,customer_id,vendor_id,settlement_id,invoice_id,journal_entry_id,item_id,bill_id,work_order_id",— no header comment in the file —,ok,ok,ok,ok,ok,ok,ok,WIRED,FLAG,,OK (I-HEADER only)
reports/deadhead.service.ts,reports,.service,647,WIRED,2,1,YES,NO,reports.deadhead_cache,1,0,0,YES,YES,2/12,"driver_id,trailer_id,customer_id,vendor_id,settlement_id,invoice_id,journal_entry_id,item_id,bill_id,work_order_id",— no header comment in the file —,ok,ok,ok,ok,ok,ok,ok,WIRED,FLAG,,OK (I-HEADER only)
reports/form-425c/exhibits/exhibits-builder.service.ts,reports,.service,73,WIRED,1,1,NO,NO,,0,0,0,NO,NO,0/12,"load_id,driver_id,unit_id,trailer_id,customer_id,vendor_id,settlement_id,invoice_id,journal_entry_id,item_id,bill_id,work_order_id",— no header comment in the file —,ok,ok,ok,ok,ok,ok,ok,WIRED,FLAG,,OK (I-HEADER only)
reports/ifta/fuel-aggregator.service.ts,reports,.service,25,WIRED,1,1,NO,NO,,0,0,0,NO,NO,0/12,"load_id,driver_id,unit_id,trailer_id,customer_id,vendor_id,settlement_id,invoice_id,journal_entry_id,item_id,bill_id,work_order_id",— no header comment in the file —,ok,ok,ok,ok,ok,ok,ok,WIRED,FLAG,,OK (I-HEADER only)
reports/ifta/mileage-aggregator.service.ts,reports,.service,29,WIRED,2,1,NO,NO,,0,0,0,NO,NO,0/12,"load_id,driver_id,unit_id,trailer_id,customer_id,vendor_id,settlement_id,invoice_id,journal_entry_id,item_id,bill_id,work_order_id",— no header comment in the file —,ok,ok,ok,ok,ok,ok,ok,WIRED,FLAG,,OK (I-HEADER only)
reports/ifta/quarterly-preparer.service.ts,reports,.service,294,WIRED,1,1,YES,NO,"reports.ifta_filings,audit.audit_events",2,1,0,NO,NO,0/12,"load_id,driver_id,unit_id,trailer_id,customer_id,vendor_id,settlement_id,invoice_id,journal_entry_id,item_id,bill_id,work_order_id",— no header comment in the file —,ok,ok,ok,FLAG,ok,ok,FLAG,WIRED,FLAG,,DEFECT: D-ATOMIC: multi-table write without txn boundary; G-SILENT: empty catch
reports/lane-profitability-refresh.job.ts,reports,.job,49,WIRED,1,0,NO,NO,,0,0,0,YES,NO,0/12,"load_id,driver_id,unit_id,trailer_id,customer_id,vendor_id,settlement_id,invoice_id,journal_entry_id,item_id,bill_id,work_order_id",— no header comment in the file —,ok,ok,ok,ok,ok,ok,ok,WIRED,FLAG,,OK (I-HEADER only)
reports/lane-profitability.service.ts,reports,.service,606,WIRED,2,1,YES,NO,reports.lane_profitability_cache,1,0,1,NO,NO,1/12,"driver_id,unit_id,trailer_id,customer_id,vendor_id,settlement_id,invoice_id,journal_entry_id,item_id,bill_id,work_order_id",— no header comment in the file —,ok,ok,ok,ok,ok,ok,ok,WIRED,FLAG,,OK (I-HEADER only)
reports/loads-report.service.ts,reports,.service,327,WIRED,1,0,NO,NO,,0,0,0,NO,NO,7/12,"vendor_id,journal_entry_id,item_id,bill_id,work_order_id",— no header comment in the file —,ok,ok,ok,ok,ok,ok,ok,WIRED,FLAG,,OK (I-HEADER only)
reports/per-truck-cpm/cpm-calculator.service.ts,reports,.service,172,WIRED,1,2,NO,NO,,0,0,0,NO,NO,2/12,"driver_id,trailer_id,customer_id,vendor_id,settlement_id,invoice_id,journal_entry_id,item_id,bill_id,work_order_id",FLEET-VISIBILITY-F4583-SAMPLE-DATA-GAP (continued): same shared exclusion already required on the Fleet roster/KPI (mdata/fleet-visibility.ts) — a fixture unit's fixture loads must not surface as real,ok,ok,ok,ok,ok,ok,ok,WIRED,ok,,OK
reports/scheduled/runner.service.ts,reports,.service,379,WIRED,1,1,NO,NO,,0,0,0,YES,NO,0/12,"load_id,driver_id,unit_id,trailer_id,customer_id,vendor_id,settlement_id,invoice_id,journal_entry_id,item_id,bill_id,work_order_id",— no header comment in the file —,ok,ok,ok,ok,ok,ok,ok,WIRED,FLAG,,OK (I-HEADER only)
reports/scheduled/subscription.service.ts,reports,.service,347,WIRED,2,1,YES,NO,"reports.scheduled_subscriptions,reports.scheduled_delivery_log",2,1,0,YES,NO,0/12,"load_id,driver_id,unit_id,trailer_id,customer_id,vendor_id,settlement_id,invoice_id,journal_entry_id,item_id,bill_id,work_order_id",— no header comment in the file —,ok,ok,ok,ok,ok,FLAG,ok,WIRED,FLAG,,DEFECT: F-RETRY: scheduled writer without ON CONFLICT/idempotency/WHERE NOT EXISTS
reports/three-mile-cpm.service.ts,reports,.service,247,WIRED,1,1,NO,NO,,0,0,0,NO,NO,3/12,"trailer_id,customer_id,vendor_id,settlement_id,invoice_id,journal_entry_id,item_id,bill_id,work_order_id","ORDER-2026-09-04 part B -- THREE-MILE COST PER MILE: per load, unit, driver, lane and fleet, each CPM divided
by a NAMED mileage basis:
  practical   = mdata.loads.miles_practical (billed to the custo",ok,ok,ok,ok,ok,ok,ok,WIRED,ok,,OK
safety-officer/role-views/safety-home.service.ts,safety-officer,.service,451,WIRED,1,1,NO,NO,,0,0,0,YES,YES,2/12,"load_id,trailer_id,customer_id,vendor_id,settlement_id,invoice_id,journal_entry_id,item_id,bill_id,work_order_id","GAP-68 — Safety Officer Home Data Aggregator
Aggregates safety KPIs and ranked alerts for the Safety Officer role home view.
Each source uses graceful degradation when underlying tables are absent.",ok,ok,ok,ok,ok,ok,ok,WIRED,ok,,OK
safety/accident-liabilities.service.ts,safety,.service,344,WIRED,1,1,YES,NO,"safety.accident_liabilities,driver_finance.driver_settlement_deductions",2,2,0,NO,YES,8/12,"settlement_id,invoice_id,item_id,bill_id","GO-20 slice C (docs/lockdown/GO-20-EIGHT-FEATURES.txt) — safety.accident_liabilities.  ""Filing an accident creates a liability in status open with a null owner_decision, assessed from safety.accident_",ok,ok,ok,FLAG,FLAG,ok,ok,WIRED,ok,"UPDATE safety.accident_liabilities: UPDATE safety.accident_liabilities SET owner_decision = $1, owner_decision_at = now(), owner_decision_by_user_id = $2::uuid, owner_decision_note = $3, driver_ch || UPDATE safety.accident_liabilities: UPDATE safety.accident_liabilities SET voided_at = now(), voided_by_user_id = $1::uuid, void_reason = $2, status = 'closed', updated_at = now() WHERE id = $3::u",DEFECT: D-ATOMIC: multi-table write without txn boundary; E-SCOPE: unscoped UPDATE/DELETE (2)
safety/anomaly/detector.service.ts,safety,.service,133,WIRED,1,2,NO,NO,,0,0,0,YES,NO,2/12,"load_id,trailer_id,customer_id,vendor_id,settlement_id,invoice_id,journal_entry_id,item_id,bill_id,work_order_id",— no header comment in the file —,ok,ok,ok,ok,ok,ok,ok,WIRED,FLAG,,OK (I-HEADER only)
safety/anomaly/notification.service.ts,safety,.service,29,WIRED,1,2,NO,NO,,0,0,0,NO,NO,0/12,"load_id,driver_id,unit_id,trailer_id,customer_id,vendor_id,settlement_id,invoice_id,journal_entry_id,item_id,bill_id,work_order_id",— no header comment in the file —,ok,ok,ok,ok,ok,ok,ok,WIRED,FLAG,,OK (I-HEADER only)
safety/anomaly/rule-engine.service.ts,safety,.service,92,WIRED,2,1,YES,NO,"safety.anomaly_alerts,safety.anomaly_alert_rules",1,1,0,NO,NO,0/12,"load_id,driver_id,unit_id,trailer_id,customer_id,vendor_id,settlement_id,invoice_id,journal_entry_id,item_id,bill_id,work_order_id",— no header comment in the file —,ok,ok,ok,FLAG,FLAG,ok,ok,WIRED,FLAG,"UPDATE safety.anomaly_alert_rules: UPDATE safety.anomaly_alert_rules SET last_evaluated_at = now() WHERE uuid = $1::uuid`, [rule.uuid])",DEFECT: D-ATOMIC: multi-table write without txn boundary; E-SCOPE: unscoped UPDATE/DELETE (1)
safety/company-violations.service.ts,safety,.service,144,WIRED,1,0,YES,NO,safety.company_violations,0,1,0,NO,NO,0/12,"load_id,driver_id,unit_id,trailer_id,customer_id,vendor_id,settlement_id,invoice_id,journal_entry_id,item_id,bill_id,work_order_id",— no header comment in the file —,ok,ok,ok,ok,ok,ok,ok,WIRED,FLAG,,OK (I-HEADER only)
safety/damage-continuity/continuity.service.ts,safety,.service,346,WIRED,4,1,YES,NO,"safety.damage_continuity_chains,safety.incidents",1,2,0,NO,NO,0/12,"load_id,driver_id,unit_id,trailer_id,customer_id,vendor_id,settlement_id,invoice_id,journal_entry_id,item_id,bill_id,work_order_id","GAP-38 / G15 / WF-027 — Damage continuity chain service.  ""Damage reports"" live in safety.incidents (incident_type='damage_report'). A continuity chain links the initial damage event to every related ",ok,ok,ok,FLAG,ok,ok,ok,WIRED,ok,,DEFECT: D-ATOMIC: multi-table write without txn boundary
safety/damage-continuity/insurance-link.service.ts,safety,.service,234,WIRED,2,1,YES,NO,"insurance.claim,safety.incidents,safety.damage_continuity_chains",1,2,0,NO,NO,3/12,"trailer_id,customer_id,vendor_id,settlement_id,invoice_id,journal_entry_id,item_id,bill_id,work_order_id","GAP-38 / G15 / WF-027 — Insurance auto-claim linkage.  WF-027: when a damage report's estimated cost exceeds a threshold, a draft insurance claim is auto-created and linked back to the damage event so",ok,ok,ok,FLAG,ok,ok,ok,WIRED,ok,,DEFECT: D-ATOMIC: multi-table write without txn boundary
safety/damage-reports/photo-evidence.service.ts,safety,.service,174,WIRED,1,0,YES,NO,"documents.damage_photo_evidence,safety.incidents",1,2,0,NO,NO,0/12,"load_id,driver_id,unit_id,trailer_id,customer_id,vendor_id,settlement_id,invoice_id,journal_entry_id,item_id,bill_id,work_order_id",— no header comment in the file —,ok,ok,ok,FLAG,ok,ok,ok,WIRED,FLAG,,DEFECT: D-ATOMIC: multi-table write without txn boundary
safety/driver-scheduler.service.ts,safety,.service,1332,WIRED,1,3,YES,NO,"safety.driver_leave_audit_log,outbox.events,catalogs.driver_leave_balances,safety.driver_leave_requests,safety.driver_leave_days,safety.temp_unit_assignments,catalogs.leave_policies",6,4,0,YES,NO,2/12,"load_id,trailer_id,customer_id,vendor_id,settlement_id,invoice_id,journal_entry_id,item_id,bill_id,work_order_id",— no header comment in the file —,ok,ok,ok,FLAG,ok,ok,ok,WIRED,FLAG,,DEFECT: D-ATOMIC: multi-table write without txn boundary
safety/driver-scoring.service.ts,safety,.service,18,WIRED,3,1,NO,NO,,0,0,0,NO,NO,0/12,"load_id,driver_id,unit_id,trailer_id,customer_id,vendor_id,settlement_id,invoice_id,journal_entry_id,item_id,bill_id,work_order_id",— no header comment in the file —,ok,ok,ok,ok,ok,ok,ok,WIRED,FLAG,,OK (I-HEADER only)
safety/driver-scoring/scoring.service.ts,safety,.service,439,WIRED,2,1,YES,NO,safety.driver_safety_scores,1,0,0,NO,YES,2/12,"load_id,trailer_id,customer_id,vendor_id,settlement_id,invoice_id,journal_entry_id,item_id,bill_id,work_order_id",— no header comment in the file —,ok,ok,ok,ok,ok,ok,ok,WIRED,FLAG,,OK (I-HEADER only)
safety/drug-alcohol/program.service.ts,safety,.service,349,WIRED,2,1,YES,NO,"safety.da_program_enrollments,safety.da_test_records",2,2,0,YES,NO,1/12,"load_id,unit_id,trailer_id,customer_id,vendor_id,settlement_id,invoice_id,journal_entry_id,item_id,bill_id,work_order_id","Drug & Alcohol Program Management Service — GAP-81
FMCSA 49 CFR Part 382: consortium enrollment, test scheduling, result recording.
Operates on safety.da_* tables (additive; compliance.drug_alcohol_* ",ok,ok,ok,FLAG,ok,ok,ok,WIRED,ok,,DEFECT: D-ATOMIC: multi-table write without txn boundary
safety/drug-alcohol/random-pool.service.ts,safety,.service,269,WIRED,2,1,YES,NO,"safety.da_program_enrollments,safety.da_random_pool_draws",2,0,0,YES,NO,0/12,"load_id,driver_id,unit_id,trailer_id,customer_id,vendor_id,settlement_id,invoice_id,journal_entry_id,item_id,bill_id,work_order_id","Random Pool Service — GAP-81 / FMCSA Part 382 §382.305
Quarterly draw: 12.5 % drug / 2.5 % alcohol minimum selection rates.
  49 CFR 382.305 sets ANNUAL random minimums of 50 % controlled substances a",ok,ok,ok,FLAG,ok,ok,ok,WIRED,ok,,DEFECT: D-ATOMIC: multi-table write without txn boundary
safety/dvir-submit.service.ts,safety,.service,339,WIRED,2,1,YES,NO,"safety.dvir_submissions,maintenance.work_orders,safety.dvir_defects",3,1,0,NO,NO,4/12,"customer_id,vendor_id,settlement_id,invoice_id,journal_entry_id,item_id,bill_id,work_order_id",— no header comment in the file —,ok,ok,ok,FLAG,FLAG,ok,ok,WIRED,FLAG,"UPDATE safety.dvir_submissions: UPDATE safety.dvir_submissions SET follow_up_wo_id = $2 WHERE id = $1 `, [submissionId, followUpWoId] )",DEFECT: D-ATOMIC: multi-table write without txn boundary; E-SCOPE: unscoped UPDATE/DELETE (1)
safety/eld-audit-trail/eld-audit-pdf-renderer.service.ts,safety,.service,104,WIRED,1,1,NO,NO,,0,0,0,NO,NO,0/12,"load_id,driver_id,unit_id,trailer_id,customer_id,vendor_id,settlement_id,invoice_id,journal_entry_id,item_id,bill_id,work_order_id",— no header comment in the file —,ok,ok,ok,ok,ok,ok,ok,WIRED,FLAG,,OK (I-HEADER only)
safety/eld-audit-trail/viewer.service.ts,safety,.service,221,WIRED,2,1,NO,NO,,0,0,0,NO,NO,1/12,"load_id,unit_id,trailer_id,customer_id,vendor_id,settlement_id,invoice_id,journal_entry_id,item_id,bill_id,work_order_id",— no header comment in the file —,ok,ok,ok,ok,ok,ok,ok,WIRED,FLAG,,OK (I-HEADER only)
safety/events/notification.service.ts,safety,.service,66,WIRED,1,1,NO,NO,,0,0,0,NO,NO,0/12,"load_id,driver_id,unit_id,trailer_id,customer_id,vendor_id,settlement_id,invoice_id,journal_entry_id,item_id,bill_id,work_order_id",— no header comment in the file —,ok,ok,ok,ok,ok,ok,ok,WIRED,FLAG,,OK (I-HEADER only)
safety/expiry-tracking/alerter.service.ts,safety,.service,65,WIRED,1,0,NO,NO,,0,0,0,NO,NO,0/12,"load_id,driver_id,unit_id,trailer_id,customer_id,vendor_id,settlement_id,invoice_id,journal_entry_id,item_id,bill_id,work_order_id",— no header comment in the file —,ok,ok,ok,ok,ok,ok,ok,WIRED,FLAG,,OK (I-HEADER only)
safety/expiry-tracking/cert-monitor.service.ts,safety,.service,167,WIRED,6,1,NO,NO,,0,0,0,NO,NO,1/12,"load_id,unit_id,trailer_id,customer_id,vendor_id,settlement_id,invoice_id,journal_entry_id,item_id,bill_id,work_order_id",— no header comment in the file —,ok,ok,ok,ok,ok,ok,ok,WIRED,FLAG,,OK (I-HEADER only)
safety/fuel-gps-match.service.ts,safety,.service,91,WIRED,1,1,YES,NO,safety.fuel_gps_matches,1,0,0,NO,NO,0/12,"load_id,driver_id,unit_id,trailer_id,customer_id,vendor_id,settlement_id,invoice_id,journal_entry_id,item_id,bill_id,work_order_id",— no header comment in the file —,ok,ok,ok,ok,ok,ok,ok,WIRED,FLAG,,OK (I-HEADER only)
safety/geofence-breach-detector.service.ts,safety,.service,41,WIRED,1,1,NO,NO,,0,0,0,NO,NO,0/12,"load_id,driver_id,unit_id,trailer_id,customer_id,vendor_id,settlement_id,invoice_id,journal_entry_id,item_id,bill_id,work_order_id",— no header comment in the file —,ok,ok,ok,ok,ok,ok,ok,WIRED,FLAG,,OK (I-HEADER only)
safety/harsh-events-ingestion.service.ts,safety,.service,128,WIRED,2,2,YES,NO,safety.harsh_events,1,0,0,NO,NO,2/12,"load_id,trailer_id,customer_id,vendor_id,settlement_id,invoice_id,journal_entry_id,item_id,bill_id,work_order_id",— no header comment in the file —,ok,ok,ok,ok,ok,ok,ok,WIRED,FLAG,,OK (I-HEADER only)
safety/harsh-events-poll.cron.ts,safety,.cron,278,WIRED,1,0,NO,NO,,0,0,0,YES,NO,1/12,"load_id,driver_id,trailer_id,customer_id,vendor_id,settlement_id,invoice_id,journal_entry_id,item_id,bill_id,work_order_id","ROUND 301 T-30 — harsh-driving-event and dashcam-clip POLL FALLBACK.
FINDING (T-28, this session): integrations.samsara_webhook_events has 0 rows ever, AND 0
rejected-signature audit rows ever, despit",ok,ok,ok,ok,ok,ok,ok,WIRED,ok,,OK
safety/incidents/full-report.service.ts,safety,.service,196,WIRED,1,0,YES,NO,safety.incidents,1,0,0,NO,NO,4/12,"customer_id,vendor_id,settlement_id,invoice_id,journal_entry_id,item_id,bill_id,work_order_id",— no header comment in the file —,ok,ok,ok,ok,ok,ok,ok,WIRED,FLAG,,OK (I-HEADER only)
safety/integrity-alert-engine.cron.ts,safety,.cron,49,WIRED,1,0,NO,NO,,0,0,0,YES,NO,0/12,"load_id,driver_id,unit_id,trailer_id,customer_id,vendor_id,settlement_id,invoice_id,journal_entry_id,item_id,bill_id,work_order_id",— no header comment in the file —,ok,ok,ok,ok,ok,ok,ok,WIRED,FLAG,,OK (I-HEADER only)
safety/integrity-alert-engine.service.ts,safety,.service,453,WIRED,2,1,YES,NO,"safety.integrity_alert_events,safety.integrity_alerts",2,1,0,NO,NO,5/12,"load_id,trailer_id,customer_id,settlement_id,invoice_id,item_id,work_order_id",— no header comment in the file —,ok,ok,ok,FLAG,FLAG,ok,ok,WIRED,FLAG,"UPDATE safety.integrity_alert_events: UPDATE safety.integrity_alert_events SET integrity_alert_id = $2, updated_at = now() WHERE id = $1 `, [eventRow.id, alertId] )",DEFECT: D-ATOMIC: multi-table write without txn boundary; E-SCOPE: unscoped UPDATE/DELETE (1)
safety/photo-comparison/diff-engine.service.ts,safety,.service,183,WIRED,1,1,YES,NO,safety.incidents,1,0,0,NO,NO,3/12,"trailer_id,customer_id,vendor_id,settlement_id,invoice_id,journal_entry_id,item_id,bill_id,work_order_id",— no header comment in the file —,ok,ok,ok,ok,ok,ok,ok,WIRED,FLAG,,OK (I-HEADER only)
safety/photo-comparison/session.service.ts,safety,.service,634,WIRED,2,3,YES,NO,"safety.incidents,documents.damage_photo_evidence,safety.photo_comparison_sessions",3,1,0,NO,NO,3/12,"trailer_id,customer_id,vendor_id,settlement_id,invoice_id,journal_entry_id,item_id,bill_id,work_order_id",— no header comment in the file —,ok,ok,ok,FLAG,ok,ok,ok,WIRED,FLAG,,DEFECT: D-ATOMIC: multi-table write without txn boundary
safety/reminders.cron.ts,safety,.cron,175,WIRED,3,0,YES,NO,safety.compliance_reminders,1,1,0,YES,NO,1/12,"load_id,unit_id,trailer_id,customer_id,vendor_id,settlement_id,invoice_id,journal_entry_id,item_id,bill_id,work_order_id",— no header comment in the file —,ok,ok,ok,ok,ok,ok,ok,WIRED,FLAG,,OK (I-HEADER only)
safety/safety.service.ts,safety,.service,75,WIRED,1,0,NO,NO,,0,0,0,NO,NO,0/12,"load_id,driver_id,unit_id,trailer_id,customer_id,vendor_id,settlement_id,invoice_id,journal_entry_id,item_id,bill_id,work_order_id",— no header comment in the file —,ok,ok,ok,ok,ok,ok,ok,WIRED,FLAG,,OK (I-HEADER only)
safety/samsara-dvir-ingest.service.ts,safety,.service,185,WIRED,1,0,YES,NO,safety.dvir_submissions,1,0,0,NO,NO,4/12,"customer_id,vendor_id,settlement_id,invoice_id,journal_entry_id,item_id,bill_id,work_order_id","ROUND 304 T-51 — read Samsara DVIRs into safety.dvir_submissions (the table the driver app writes
and the WF-050 dispatch gate reads).
Mapping (every field measured live; nothing guessed):
  type     ",ok,ok,ok,ok,ok,ok,ok,WIRED,ok,,OK
safety/samsara-dvir-poll.cron.ts,safety,.cron,115,WIRED,1,0,NO,NO,,0,0,0,YES,NO,0/12,"load_id,driver_id,unit_id,trailer_id,customer_id,vendor_id,settlement_id,invoice_id,journal_entry_id,item_id,bill_id,work_order_id","ROUND 304 T-51 / ORDERS 2026-10-01 row 6 — Samsara DVIR import as a scheduled engine.
Every 15 min (America/Chicago) over the last 1 day, plus 03:40 daily over the last 7 days so a DVIR
Samsara later ",ok,ok,ok,ok,ok,ok,ok,WIRED,ok,,OK
search/universal/indexer.service.ts,search,.service,154,WIRED,1,1,YES,NO,search.universal_index,1,0,1,NO,NO,2/12,"load_id,unit_id,trailer_id,vendor_id,settlement_id,invoice_id,journal_entry_id,item_id,bill_id,work_order_id",— no header comment in the file —,ok,ok,ok,ok,ok,ok,ok,WIRED,FLAG,,OK (I-HEADER only)
search/universal/query.service.ts,search,.service,61,WIRED,1,1,NO,NO,,0,0,0,NO,NO,0/12,"load_id,driver_id,unit_id,trailer_id,customer_id,vendor_id,settlement_id,invoice_id,journal_entry_id,item_id,bill_id,work_order_id",— no header comment in the file —,ok,ok,ok,ok,ok,ok,ok,WIRED,FLAG,,OK (I-HEADER only)
services/push-notification.service.ts,services,.service,219,WIRED,7,0,YES,NO,driver_pwa.push_subscriptions,0,0,1,NO,NO,3/12,"unit_id,trailer_id,customer_id,vendor_id,invoice_id,journal_entry_id,item_id,bill_id,work_order_id",— no header comment in the file —,ok,ok,ok,ok,FLAG,ok,ok,WIRED,FLAG,"DELETE driver_pwa.push_subscriptions: DELETE FROM driver_pwa.push_subscriptions WHERE endpoint = $1`, [sub.endpoint])",DEFECT: E-SCOPE: unscoped UPDATE/DELETE (1)
settlements/approval.service.ts,settlements,.service,580,WIRED,1,1,YES,NO,"driver_finance.escrow_balances,driver_finance.escrow_ledger,driver_finance.settlement_lines,driver_finance.driver_settlements",2,2,0,NO,NO,3/12,"unit_id,trailer_id,customer_id,vendor_id,invoice_id,journal_entry_id,item_id,bill_id,work_order_id","Settlement Approval Service (D1) — P2.4a canonical repoint
Manages the approval workflow:
- Needs review → Approved → Finalized
- Per-line approve/reject with audit trail
- Escrow running balance upda",ok,ok,ok,FLAG,ok,ok,ok,WIRED,ok,,DEFECT: D-ATOMIC: multi-table write without txn boundary
settlements/trip-link.engine.ts,settlements,.engine,274,WIRED,1,0,YES,NO,driver_finance.trip_link_queue,1,1,0,NO,NO,2/12,"driver_id,trailer_id,customer_id,vendor_id,settlement_id,invoice_id,journal_entry_id,item_id,bill_id,work_order_id","Trip-Link Engine (D1)

Automatically links expenses to trips (loads) based on truck + date matching.
When a truck was dispatched on a load whose date window contains the expense date,
the expense auto",ok,ok,ok,ok,ok,ok,ok,WIRED,ok,,OK
shipper-portal/load-milestone.service.ts,shipper-portal,.service,284,WIRED,1,0,YES,NO,shipper_portal.load_milestones,1,1,0,NO,NO,2/12,"driver_id,unit_id,trailer_id,vendor_id,settlement_id,invoice_id,journal_entry_id,item_id,bill_id,work_order_id",— no header comment in the file —,ok,ok,ok,ok,ok,ok,ok,WIRED,FLAG,,OK (I-HEADER only)
system/transaction-health.service.ts,system,.service,543,WIRED,1,1,NO,NO,,0,0,0,NO,YES,6/12,"unit_id,trailer_id,settlement_id,invoice_id,item_id,work_order_id","SYS-F-TRANSACTION-HEALTH-REGISTER (TXH-01, GO-0010) — READ-ONLY.
""Findings are per account/company; documents are per document; no join, so a wrong balance
cannot be traced to a bill from any screen.""",ok,ok,ok,ok,ok,ok,ok,WIRED,ok,,OK
tasks/task-alarm.job.ts,tasks,.job,119,WIRED,1,0,YES,NO,tasks.task,0,1,0,YES,NO,0/12,"load_id,driver_id,unit_id,trailer_id,customer_id,vendor_id,settlement_id,invoice_id,journal_entry_id,item_id,bill_id,work_order_id","TASKS-PLANNER-V2-CONNECTIVITY — task alarm reminders. Reuses the existing notification center (notifications.user_notifications via createNotification). Scans tasks whose alarm_at has arrived, are sti",ok,ok,ok,ok,ok,FLAG,ok,WIRED,ok,,DEFECT: F-RETRY: scheduled writer without ON CONFLICT/idempotency/WHERE NOT EXISTS
tax-documents/box1-aggregation.service.ts,tax-documents,.service,159,WIRED,1,1,NO,NO,,0,0,0,NO,NO,2/12,"load_id,unit_id,trailer_id,customer_id,vendor_id,invoice_id,journal_entry_id,item_id,bill_id,work_order_id",BLOCK-17/24 — annual Box-1 (nonemployee compensation) aggregation.  Source of truth: docs/specs/1099-and-tax-doc-BLOCK-17-DESIGN.md §4.3. This is a READ-ONLY aggregation off driver_finance.settlement_,ok,ok,ok,ok,ok,ok,ok,WIRED,ok,,OK
telematics/auto-geofence.service.ts,telematics,.service,263,WIRED,2,3,YES,NO,geo.geofences,1,0,0,NO,NO,2/12,"driver_id,unit_id,trailer_id,vendor_id,settlement_id,invoice_id,journal_entry_id,item_id,bill_id,work_order_id",— no header comment in the file —,ok,ok,ok,ok,ok,ok,ok,WIRED,FLAG,,OK (I-HEADER only)
telematics/auto-status.service.ts,telematics,.service,152,WIRED,1,2,YES,NO,dispatch.auto_status_suggestions,1,0,0,NO,NO,3/12,"trailer_id,customer_id,vendor_id,settlement_id,invoice_id,journal_entry_id,item_id,bill_id,work_order_id",— no header comment in the file —,ok,ok,ok,ok,ok,ok,ok,WIRED,FLAG,,OK (I-HEADER only)
telematics/dashcam-auto-link.service.ts,telematics,.service,84,WIRED,1,2,NO,NO,,0,0,0,NO,NO,1/12,"load_id,driver_id,trailer_id,customer_id,vendor_id,settlement_id,invoice_id,journal_entry_id,item_id,bill_id,work_order_id",— no header comment in the file —,ok,ok,ok,ok,ok,ok,ok,WIRED,FLAG,,OK (I-HEADER only)
telematics/dashcam.service.ts,telematics,.service,115,WIRED,2,0,YES,NO,telematics.dashcam_clips,1,0,0,NO,NO,1/12,"load_id,driver_id,trailer_id,customer_id,vendor_id,settlement_id,invoice_id,journal_entry_id,item_id,bill_id,work_order_id",— no header comment in the file —,ok,ok,ok,ok,ok,ok,ok,WIRED,FLAG,,OK (I-HEADER only)
telematics/dispatch-live-eta.service.ts,telematics,.service,194,WIRED,1,1,NO,NO,,0,0,0,YES,NO,2/12,"unit_id,trailer_id,customer_id,vendor_id,settlement_id,invoice_id,journal_entry_id,item_id,bill_id,work_order_id",— no header comment in the file —,ok,ok,ok,ok,ok,ok,ok,WIRED,FLAG,,OK (I-HEADER only)
telematics/dot-dwell-detector.service.ts,telematics,.service,110,WIRED,1,3,YES,NO,compliance.dot_inspection_events,1,0,0,NO,NO,2/12,"load_id,trailer_id,customer_id,vendor_id,settlement_id,invoice_id,journal_entry_id,item_id,bill_id,work_order_id",— no header comment in the file —,ok,ok,ok,ok,ok,ok,ok,WIRED,FLAG,,OK (I-HEADER only)
telematics/driven-miles-legs.service.ts,telematics,.service,232,WIRED,1,0,NO,NO,,0,0,0,NO,NO,2/12,"load_id,trailer_id,customer_id,vendor_id,settlement_id,invoice_id,journal_entry_id,item_id,bill_id,work_order_id","ROUND 304 T-47 — REAL DRIVEN MILES PER LEG, off the geofence crossings we already capture.
A leg = the unit EXITS a stop (fuel stop, customer site, yard, ...) and next ENTERS a stop.
miles = odometer ",ok,ok,ok,ok,ok,ok,ok,WIRED,ok,,OK
telematics/driver-day-summary.service.ts,telematics,.service,93,ORPHAN,0,0,NO,NO,,0,0,0,NO,NO,1/12,"load_id,unit_id,trailer_id,customer_id,vendor_id,settlement_id,invoice_id,journal_entry_id,item_id,bill_id,work_order_id",— no header comment in the file —,ok,ok,ok,ok,ok,ok,ok,ORPHAN,FLAG,,DEFECT: H-ORPHAN
telematics/dtc-auto-work-order.service.ts,telematics,.service,63,WIRED,1,3,NO,NO,,0,0,0,NO,NO,2/12,"load_id,trailer_id,customer_id,vendor_id,settlement_id,invoice_id,journal_entry_id,item_id,bill_id,work_order_id",— no header comment in the file —,ok,ok,ok,ok,ok,ok,ok,WIRED,FLAG,,OK (I-HEADER only)
telematics/dtc-classifier.service.ts,telematics,.service,14,WIRED,1,1,NO,NO,,0,0,0,NO,NO,0/12,"load_id,driver_id,unit_id,trailer_id,customer_id,vendor_id,settlement_id,invoice_id,journal_entry_id,item_id,bill_id,work_order_id",— no header comment in the file —,ok,ok,ok,ok,ok,ok,ok,WIRED,FLAG,,OK (I-HEADER only)
telematics/fleet-location-hos.service.ts,telematics,.service,260,WIRED,1,1,NO,NO,,0,0,0,NO,NO,2/12,"load_id,trailer_id,customer_id,vendor_id,settlement_id,invoice_id,journal_entry_id,item_id,bill_id,work_order_id",— no header comment in the file —,ok,ok,ok,ok,ok,ok,ok,WIRED,FLAG,,OK (I-HEADER only)
telematics/fuel-efficiency-signal.service.ts,telematics,.service,154,WIRED,4,0,NO,NO,,0,0,0,NO,NO,2/12,"load_id,trailer_id,customer_id,vendor_id,settlement_id,invoice_id,journal_entry_id,item_id,bill_id,work_order_id","ROUND 304 T-50 — Samsara Fuel & Energy efficiency (read) as the integrity engine's SECOND,
independent fuel signal.
Signal 1 (ours): gallons PURCHASED for the unit in the window — fuel rows that pass ",ok,ok,ok,ok,ok,ok,ok,WIRED,ok,,OK
telematics/fuel-stop-planner.service.ts,telematics,.service,192,WIRED,1,4,NO,NO,,0,0,0,YES,NO,2/12,"unit_id,trailer_id,customer_id,vendor_id,settlement_id,invoice_id,journal_entry_id,item_id,bill_id,work_order_id",— no header comment in the file —,ok,ok,ok,ok,ok,ok,ok,WIRED,FLAG,,OK (I-HEADER only)
telematics/geofence-detector.service.ts,telematics,.service,270,WIRED,5,4,YES,NO,"geo.geofence_events,mdata.load_stops",1,1,0,NO,NO,3/12,"trailer_id,customer_id,vendor_id,settlement_id,invoice_id,journal_entry_id,item_id,bill_id,work_order_id",— no header comment in the file —,ok,ok,ok,FLAG,ok,ok,ok,WIRED,FLAG,,DEFECT: D-ATOMIC: multi-table write without txn boundary
telematics/geofence-events-backfill.service.ts,telematics,.service,90,WIRED,1,0,NO,NO,,0,0,0,NO,NO,1/12,"load_id,driver_id,trailer_id,customer_id,vendor_id,settlement_id,invoice_id,journal_entry_id,item_id,bill_id,work_order_id",— no header comment in the file —,ok,ok,ok,ok,ok,ok,ok,WIRED,FLAG,,OK (I-HEADER only)
telematics/heatmap.service.ts,telematics,.service,30,ORPHAN,0,0,NO,NO,,0,0,0,NO,NO,0/12,"load_id,driver_id,unit_id,trailer_id,customer_id,vendor_id,settlement_id,invoice_id,journal_entry_id,item_id,bill_id,work_order_id",— no header comment in the file —,ok,ok,ok,ok,ok,ok,ok,ORPHAN,FLAG,,DEFECT: H-ORPHAN
telematics/hos-clocks.service.ts,telematics,.service,307,WIRED,11,6,NO,NO,,0,0,0,NO,NO,1/12,"load_id,unit_id,trailer_id,customer_id,vendor_id,settlement_id,invoice_id,journal_entry_id,item_id,bill_id,work_order_id",— no header comment in the file —,ok,ok,ok,ok,ok,ok,ok,WIRED,FLAG,,OK (I-HEADER only)
telematics/hos-tracker.service.ts,telematics,.service,264,WIRED,1,5,NO,NO,,0,0,0,NO,NO,2/12,"load_id,trailer_id,customer_id,vendor_id,settlement_id,invoice_id,journal_entry_id,item_id,bill_id,work_order_id","HOS Tracker (Compliance ""HOS Tracker"" tab) — per-driver daily duty-status timeline + clocks, read from the already-ingested hos.duty_status_events (filled by the Samsara HOS pull). HONEST: a driver-da",ok,ok,ok,ok,ok,ok,ok,WIRED,ok,,OK
telematics/ifta-filing.service.ts,telematics,.service,99,WIRED,1,0,NO,NO,,0,0,0,YES,NO,1/12,"load_id,driver_id,trailer_id,customer_id,vendor_id,settlement_id,invoice_id,journal_entry_id,item_id,bill_id,work_order_id","ROUND 306 E-23 addition — IFTA filing export (IFTA-100 schedule shape) from the IFTA engine.
  fleet MPG            = total miles of THIS company's linked units in ALL jurisdictions (IFTA and non-IFTA",ok,ok,ok,ok,ok,ok,ok,WIRED,ok,,OK
telematics/ifta-miles.service.ts,telematics,.service,177,WIRED,3,0,NO,NO,,0,0,0,NO,NO,1/12,"load_id,driver_id,trailer_id,customer_id,vendor_id,settlement_id,invoice_id,journal_entry_id,item_id,bill_id,work_order_id","ROUND 304 T-49 — IFTA miles by jurisdiction (read), from Samsara's IFTA vehicle report, linked to
our units, side by side with the tax-paid gallons our own fuel rows can support.
- Samsara's caveat: t",ok,ok,ok,ok,ok,ok,ok,WIRED,ok,,OK
telematics/load-progress.service.ts,telematics,.service,154,WIRED,2,3,NO,NO,,0,0,0,YES,NO,1/12,"driver_id,unit_id,trailer_id,customer_id,vendor_id,settlement_id,invoice_id,journal_entry_id,item_id,bill_id,work_order_id",— no header comment in the file —,ok,ok,ok,ok,ok,ok,ok,WIRED,FLAG,,OK (I-HEADER only)
telematics/load-real-driven-miles.cron.ts,telematics,.cron,35,WIRED,1,0,NO,NO,,0,0,0,YES,NO,0/12,"load_id,driver_id,unit_id,trailer_id,customer_id,vendor_id,settlement_id,invoice_id,journal_entry_id,item_id,bill_id,work_order_id",— no header comment in the file —,ok,ok,ok,ok,ok,ok,ok,WIRED,FLAG,,OK (I-HEADER only)
telematics/load-real-driven-miles.service.ts,telematics,.service,363,WIRED,3,1,YES,NO,"mdata.load_stops,mdata.loads",0,2,0,YES,NO,2/12,"driver_id,trailer_id,customer_id,vendor_id,settlement_id,invoice_id,journal_entry_id,item_id,bill_id,work_order_id",— no header comment in the file —,ok,ok,ok,ok,FLAG,FLAG,ok,WIRED,FLAG,"UPDATE mdata.load_stops: UPDATE mdata.load_stops SET leg_miles_driven_actual = $2, leg_miles_driven_actual_source = $3, leg_miles_driven_actual_reason = $4 WHERE id = $1::uuid`, [leg.st",DEFECT: E-SCOPE: unscoped UPDATE/DELETE (1); F-RETRY: scheduled writer without ON CONFLICT/idempotency/WHERE NOT EXISTS
telematics/load-stop-geofence-sync.service.ts,telematics,.service,331,WIRED,1,0,YES,NO,"audit.audit_events,geo.geofences,mdata.load_stops",1,2,0,YES,NO,2/12,"driver_id,trailer_id,customer_id,vendor_id,settlement_id,invoice_id,journal_entry_id,item_id,bill_id,work_order_id","E-25 (Lead, 2026-10-01) — load-stop geofence sync + retro arrival stamping.
ONE engine, three passes, each reusing the existing writer (never a second copy of its rules):
  1. syncLoadStopGeofences   ",ok,ok,ok,FLAG,FLAG,FLAG,ok,WIRED,ok,"UPDATE mdata.load_stops: UPDATE mdata.load_stops SET actual_arrival_at = $2::timestamptz, actual_arrival_source = 'eld_geofence', actual_departure_at = COALESCE(actual_departure_at, $3:",DEFECT: D-ATOMIC: multi-table write without txn boundary; E-SCOPE: unscoped UPDATE/DELETE (1); F-RETRY: scheduled writer without ON CONFLICT/idempotency/WHERE NOT EXISTS
telematics/maintenance-predictor.service.ts,telematics,.service,169,WIRED,2,3,YES,NO,maintenance.pm_alerts,1,0,0,YES,NO,1/12,"load_id,driver_id,trailer_id,customer_id,vendor_id,settlement_id,invoice_id,journal_entry_id,item_id,bill_id,work_order_id",— no header comment in the file —,ok,ok,ok,ok,ok,ok,ok,WIRED,FLAG,,OK (I-HEADER only)
telematics/odometer-manual-upsert.service.ts,telematics,.service,32,WIRED,2,0,YES,NO,telematics.odometer_readings,1,0,0,NO,NO,1/12,"load_id,driver_id,trailer_id,customer_id,vendor_id,settlement_id,invoice_id,journal_entry_id,item_id,bill_id,work_order_id","CC-3 queue 2c (2026-10-02) — the ONE manual writer of telematics.odometer_readings. Both the manual-odometer route and
the maintenance service-history backfill call this, so a second manual reading fo",ok,ok,ok,ok,ok,ok,ok,WIRED,ok,,OK
telematics/odometer-snapshot.cron.ts,telematics,.cron,142,WIRED,1,0,YES,NO,telematics.odometer_readings,1,0,0,YES,NO,1/12,"load_id,driver_id,trailer_id,customer_id,vendor_id,settlement_id,invoice_id,journal_entry_id,item_id,bill_id,work_order_id","ROUND 297.1 J-1 — daily odometer snapshot, one row per unit, written from
telematics.vehicle_latest_position -- NOT a new Samsara call. The odometer already arrives with
every position poll (see samsa",ok,ok,ok,ok,ok,ok,ok,WIRED,ok,,OK
telematics/preservation.service.ts,telematics,.service,127,WIRED,1,0,YES,NO,"preserve.geofences,preserve.samsara_addresses,preserve.vehicle_positions,preserve.geofence_events,preserve.unit_stop_events,preserve.odometer_readings,preserve.load_odometer_segments,preserve.route_stop_progress,preserve.dvir_submissions,preserve.hos_snapshots",10,0,0,YES,NO,4/12,"customer_id,vendor_id,settlement_id,invoice_id,journal_entry_id,item_id,bill_id,work_order_id","CC-3 queue item 11 — the telematics + geocode PRESERVATION engine. Copies every observed fact into the append-only
`preserve` schema (migration 202615220900), keyed by natural keys only (unit number, ",ok,ok,ok,FLAG,ok,ok,ok,WIRED,ok,,DEFECT: D-ATOMIC: multi-table write without txn boundary
telematics/samsara-fuel-reports.service.ts,telematics,.service,93,WIRED,1,0,YES,NO,integrations.samsara_fuel_reports,1,0,0,NO,NO,2/12,"load_id,trailer_id,customer_id,vendor_id,settlement_id,invoice_id,journal_entry_id,item_id,bill_id,work_order_id","ROUND 313 E-23 — keep Samsara's Fuel & Energy report, one row per vehicle / driver per day
(integrations.samsara_fuel_reports, migration 202615181100). Days are UTC days -- Samsara's own buckets.
Vehi",ok,ok,ok,ok,ok,ok,ok,WIRED,ok,,OK
telematics/stop-geocode-fallback.service.ts,telematics,.service,179,WIRED,3,0,YES,NO,mdata.load_stops,0,1,0,NO,NO,1/12,"driver_id,unit_id,trailer_id,customer_id,vendor_id,settlement_id,invoice_id,journal_entry_id,item_id,bill_id,work_order_id","D5 (STANDING-DIRECTIVES-2026-09-05.md, ""D5 Book Load auto-geofence FE trigger"", owner ruling 2026-09-05 21:35Z-ish — build as a separate service/util, own worktree, do not touch BookLoadModalV4.tsx wh",ok,ok,ok,ok,FLAG,ok,ok,WIRED,ok,"UPDATE mdata.load_stops: UPDATE mdata.load_stops SET latitude = $3, longitude = $4, updated_at = now() WHERE id = $1::uuid AND load_id = $2::uuid AND latitude IS NULL AND longitude IS N",DEFECT: E-SCOPE: unscoped UPDATE/DELETE (1)
telematics/stop-odometer-capture.service.ts,telematics,.service,249,WIRED,6,0,NO,NO,,0,0,0,NO,NO,1/12,"load_id,driver_id,trailer_id,customer_id,vendor_id,settlement_id,invoice_id,journal_entry_id,item_id,bill_id,work_order_id","ROUND 304 (owner order, 2026-10-01) — STOP ODOMETER CAPTURE.
Owner, verbatim: ""measure the second a truck stops for more than two, three minutes ... register
the mileage it has ... record the miles or",ok,ok,ok,ok,ok,ok,ok,WIRED,ok,,OK
telematics/stops-geocode-backfill.service.ts,telematics,.service,167,WIRED,5,0,YES,NO,"mdata.locations,geo.geofences,mdata.load_stops",2,1,0,NO,NO,1/12,"driver_id,unit_id,trailer_id,customer_id,vendor_id,settlement_id,invoice_id,journal_entry_id,item_id,bill_id,work_order_id",— no header comment in the file —,ok,ok,ok,FLAG,FLAG,ok,ok,WIRED,FLAG,"UPDATE mdata.load_stops: UPDATE mdata.load_stops SET geocode_attempted_at=now(), geocode_failure_reason=$2, updated_at=now() WHERE id=$1::uuid`, [stop.stop_id, reason]) || UPDATE mdata.load_stops: UPDATE mdata.load_stops SET geocode_attempted_at=now(), geocode_failure_reason=$2, updated_at=now() WHERE id=$1::uuid`, [stop.stop_id, reason])",DEFECT: D-ATOMIC: multi-table write without txn boundary; E-SCOPE: unscoped UPDATE/DELETE (4)
telematics/telematics-linkage.service.ts,telematics,.service,137,WIRED,1,0,NO,NO,,0,0,0,NO,YES,4/12,"customer_id,vendor_id,settlement_id,invoice_id,journal_entry_id,item_id,bill_id,work_order_id","Linkage law, REVERSE direction, for every CC-3 engine output: from a LOAD, and from a UNIT, back to
everything the telematics / Samsara engines recorded about it. Read-only, entity-scoped.
LOAD  -> st",ok,ok,ok,ok,ok,ok,ok,WIRED,ok,,OK
telematics/unit-stops.service.ts,telematics,.service,136,WIRED,2,0,NO,NO,,0,0,0,YES,YES,2/12,"load_id,trailer_id,customer_id,vendor_id,settlement_id,invoice_id,journal_entry_id,item_id,bill_id,work_order_id","ROUND 306 E-04 — the consumer that joins E-03 (every stop >= 3 min, anywhere) to E-04 (fence
crossings with their odometer). Read-only, computed on read like E-03 itself (its table is the
Lead's pendi",ok,ok,ok,ok,ok,ok,ok,WIRED,ok,,OK
telematics/vehicle-driver-lookup.service.ts,telematics,.service,312,WIRED,5,3,YES,NO,telematics.vehicle_driver_assignments,1,1,0,NO,NO,2/12,"load_id,trailer_id,customer_id,vendor_id,settlement_id,invoice_id,journal_entry_id,item_id,bill_id,work_order_id",— no header comment in the file —,ok,ok,ok,ok,ok,ok,ok,WIRED,FLAG,,OK (I-HEADER only)
telematics/vehicle-locations.service.ts,telematics,.service,105,WIRED,3,4,YES,NO,telematics.vehicle_locations,1,0,0,NO,NO,1/12,"load_id,driver_id,trailer_id,customer_id,vendor_id,settlement_id,invoice_id,journal_entry_id,item_id,bill_id,work_order_id",— no header comment in the file —,ok,ok,ok,ok,ok,ok,ok,WIRED,FLAG,,OK (I-HEADER only)
work-orders/validation.service.ts,work-orders,.service,98,WIRED,1,1,NO,NO,,0,0,0,NO,NO,3/12,"load_id,trailer_id,customer_id,settlement_id,invoice_id,journal_entry_id,item_id,bill_id,work_order_id",— no header comment in the file —,ok,ok,ok,ok,ok,ok,ok,WIRED,FLAG,,OK (I-HEADER only)
work-orders/wo-number.service.ts,work-orders,.service,35,WIRED,2,1,YES,NO,maintenance.work_order_seq_per_month,1,0,0,NO,NO,0/12,"load_id,driver_id,unit_id,trailer_id,customer_id,vendor_id,settlement_id,invoice_id,journal_entry_id,item_id,bill_id,work_order_id",— no header comment in the file —,ok,ok,ok,ok,ok,ok,ok,WIRED,FLAG,,OK (I-HEADER only)
work-orders/wo-pdf-renderer.service.ts,work-orders,.service,168,WIRED,1,1,NO,NO,,0,0,0,NO,NO,0/12,"load_id,driver_id,unit_id,trailer_id,customer_id,vendor_id,settlement_id,invoice_id,journal_entry_id,item_id,bill_id,work_order_id",— no header comment in the file —,ok,ok,ok,ok,ok,ok,ok,WIRED,FLAG,,OK (I-HEADER only)