path	R1_reach	R2_money	R3_spine	R4_atomic	R5_scope	R6_rls_bypass	R7_reversible	R8_idempotent	R9_header	verdict	note
accounting/account-balances.service.ts	WIRED	n	na	na (writes nothing)	na	n	NOT-A-WRITER	na	NONE	OK	
accounting/account-register.service.ts	WIRED	n	na	CALLER account-register.routes.ts:83 (withCompanyScope)	RLS	n	NOT-A-DOCUMENT: memo/location/cleared-flag edits on existing docs, re-editable via SELF:saveAccountRegisterInline/toggleAccountRegisterCleared	na	PARTIAL	DEFECT (header: lines 1-5 claim 'Read-only: no posting, no mutation' but file writes at :648 and :805-:852)	header stale since B-1c inline save / toggle cleared
accounting/allocations.service.ts	WIRED	n	na	na (writes nothing)	na	n	NOT-A-WRITER	na	NONE	OK	
accounting/amortization-posting/amortization-posting.service.ts	WIRED	y	y	WRAPPED withCurrentUser :388/:562/:817	RLS	n	SELF:reversePrepaidAmortization/reverseDepreciation (:937/:944 via reverseSchedule); prepaid purchase JE via accounting/void-document.service.ts (prepaid_purchase)	y (cron/depreciation-autopost.cron.ts; row.posted flag + ON CONFLICT idempotency_key :200/:642)	FULL	OK	
accounting/ap-aging.service.ts	WIRED	n	na	na (writes nothing)	na	n	NOT-A-WRITER	na	NONE	OK	
accounting/ap-import/qbo-ap-import-preview.service.ts	TEST-ONLY	n	na	WRAPPED withLuciaBypass :155 (helpers take client)	OK (id-scoped): :125 UPDATE ap_import_batches WHERE id = batch inserted in same txn	y	NOT-A-DOCUMENT: preview staging tables only; never writes bills/vendors (execute is a throwing stub)	na	PARTIAL	CLEARED (bypass+unscoped flag: unscoped UPDATE is by fresh batch id)	TEST-ONLY reach
accounting/ar-aging.service.ts	WIRED	n	na	na (writes nothing)	na	n	NOT-A-WRITER	na	NONE	OK	
accounting/auto-invoice-on-bol.service.ts	WIRED	n	na	na (single table); caller docs/maybe-fire-auto-invoice-after-bol.ts:63 scoped client	RLS	n	docs/files.routes.ts:965 DELETE link (soft-deletes docs.file_links); invoice itself via accounting/bulk-void.service.ts#voidInvoiceInBulk	na	PARTIAL	OK	
accounting/balance-sheet.service.ts	WIRED	n	na	na (writes nothing)	na	n	NOT-A-WRITER	na	NONE	OK	
accounting/bank-deposits.service.ts	WIRED	n	na	WRAPPED withCurrentUser :54	RLS	n	SELF:voidBankDeposit (:429)	na	PARTIAL	OK	
accounting/bank-recon/bank-match-fuel-post.service.ts	WIRED	n	na	na (writes nothing)	na	n	NOT-A-WRITER	na	PARTIAL	OK	
accounting/bank-recon/match.service.ts	WIRED	y	y	WRAPPED withLuciaBypass :1233/:1608	OK (0 unscoped; every UPDATE carries id + operating_company_id)	y	accounting/bank-recon/recon-worklist.service.ts#unmatchBankTransaction (:283; reverses categorization JE, clears payment/bill_payment back-pointers)	na	NONE	DEFECT (header)	
accounting/bank-recon/recon-worklist.service.ts	WIRED	n	na	WRAPPED withLuciaBypass :288	OK (0 unscoped)	y	SELF:unmatchBankTransaction	na	PARTIAL	OK	
accounting/bill-gl-draft.service.ts	WIRED	n	na	na (writes nothing)	na	n	NOT-A-WRITER	na	PARTIAL	OK	
accounting/bill-gl.service.ts	WIRED	n	na	na (writes nothing)	na	n	NOT-A-WRITER	na	PARTIAL	OK	
accounting/bill-payment-gl.service.ts	WIRED	n	na	na (writes nothing)	na	n	NOT-A-WRITER	na	PARTIAL	OK	
accounting/bills.service.ts	WIRED	n	na	WRAPPED	OK (0 unscoped)	y	SELF:voidBill/voidBillInClientTx/voidBillPaymentInClientTx (:3532/:3860/:3688)	NOT-SCHEDULED (recurring.worker.ts:19 imports only read helpers resolveMdataVendorIdBestEffort/resolveVendorIsSampleDataBestEffort)	NONE	DEFECT (header)	scheduled-not-idempotent flag CLEARED
accounting/bills/recurring/generator.service.ts	WIRED	n	na	WRAPPED withLuciaBypass :49, BUT createBill :107 commits on its own connection	OK (id-scoped): :132 UPDATE templates WHERE uuid = row locked FOR UPDATE, CAS on next_generation_date	y	bill via accounting/bills.service.ts#voidBill; template advance + generation_log NOT-A-DOCUMENT	really scheduled (jobs/recurring-bill-generator-worker.ts:38, env-gated OFF); idempotent via FOR UPDATE + next_generation_date check/CAS	NONE	DEFECT (atomic: generator.service.ts:107 createBill commits outside the template-lock txn; a failure at :132-:150 rolls back the template advance but keeps the bill, so the next run duplicates it; createBillInClientTx exists at bills.service.ts:3091) + header	
accounting/bills/recurring/template.service.ts	WIRED	n	na	na (single table; each writer self-wraps withCurrentUser)	OK: :133/:164 UPDATE WHERE uuid run under withCurrentUser (RLS); bypass only on read resolveTemplateOperatingCompanyId :151	y	SELF:deactivateTemplate (:160); template is config	na	NONE	DEFECT (header)	bypass+unscoped flag CLEARED
accounting/break-even.service.ts	WIRED	n	na	na (writes nothing)	na	n	NOT-A-WRITER	na	FULL	OK	
accounting/broker-advances.service.ts	WIRED	n	na	CALLER broker-advances.routes.ts:45 (withCompanyScope)	RLS	n	NONE: accounting.broker_advances has voided_at but no writer anywhere sets it; receipt/disbursement JEs have no linked undo	na	PARTIAL	DEFECT (R7: no void/reverse engine for a broker advance, broker-advances.service.ts:161/:252/:453)	money record (A/R partial payment + driver bill payment)
accounting/bulk-void.service.ts	WIRED	n	na	CALLER accounting/invoices-bulk.routes.ts:174 (bulk factory atomicFailStop txn)	RLS	n	accounting/reinstate-document.service.ts#reinstateDocumentThenVoidReversal (undo of a void)	na	FULL	OK	
accounting/cascade-void-engine.service.ts	WIRED	n	na	na (writes nothing)	na	n	NOT-A-WRITER	na	FULL	OK	
accounting/cash-basis/period-close-snapshot.service.ts	WIRED	n	na	na	RLS	n	NOT-A-DOCUMENT: frozen cash-basis report snapshot at close (ON CONFLICT DO NOTHING :300)	na	NONE	DEFECT (header)	
accounting/cash-basis/read-policy.service.ts	WIRED	n	na	na (writes nothing)	na	n	NOT-A-WRITER	na	NONE	OK	
accounting/cash-basis/snapshot.service.ts	WIRED	n	na	na (writes nothing)	na	n	NOT-A-WRITER	na	NONE	OK	
accounting/cash-flow.service.ts	WIRED	n	na	na (writes nothing)	na	n	NOT-A-WRITER	na	NONE	OK	
accounting/checks/check-account-rules.service.ts	WIRED	n	na	na (writes nothing)	na	y	NOT-A-WRITER	na	PARTIAL	OK	
accounting/checks/check-create.service.ts	WIRED	n	na	WRAPPED withLuciaBypass :166	OK (id-scoped): :332 UPDATE expenses WHERE id = expense inserted in same txn; :251 carries company	y	accounting/checks/check-void.service.ts#voidCheck	na	PARTIAL	CLEARED (bypass+unscoped: id-scoped)	
accounting/checks/check-payee.service.ts	WIRED	n	na	na (writes nothing)	na	y	NOT-A-WRITER	na	PARTIAL	OK	
accounting/checks/check-print-batch.service.ts	WIRED	n	na	WRAPPED withLuciaBypass :36/:137	OK (id-scoped): check ids pre-validated against operating_company_id (expenses FOR UPDATE), batch validated by id+company FOR UPDATE; item/registry ids derive from that batch	y	SELF:confirmPrintBatch reprint path spoils + requeues (:179-:191); check doc via check-void.service.ts#voidCheck	na	PARTIAL	CLEARED (bypass+unscoped: all 8 id-scoped after company-validated lock)	
accounting/checks/check-stock.service.ts	WIRED	n	na	na	RLS	n	NOT-A-DOCUMENT: check stock settings	na	PARTIAL	OK	
accounting/checks/check-void.service.ts	WIRED	n	na	WRAPPED	OK (0 unscoped)	y	SELF:unvoidCheck	na	FULL	OK	
accounting/coa-asymmetry-report.service.ts	WIRED	n	na	na (writes nothing)	na	y	NOT-A-WRITER	na	PARTIAL	OK	
accounting/coa-roles/resolver.service.ts	WIRED	n	na	na (writes nothing)	na	n	NOT-A-WRITER	na	NONE	OK	
accounting/collections.service.ts	WIRED	n	na	WRAPPED (sync withLuciaBypass :298; others withCurrentUser)	OK (id-scoped): :179 id from same-company select; :487 under withCurrentUser (RLS); :520 has company	y	NOT-A-DOCUMENT: A/R collection worklist + contact log	y (cron/collections-sync.cron.ts; ON CONFLICT (operating_company_id, invoice_id) :228)	NONE	DEFECT (header)	bypass+unscoped flag CLEARED
accounting/company-settlement-close-manual.service.ts	WIRED	n	na	na (single table); caller company-settlement-open-close.routes.ts:97 withCompanyScope	RLS	n	driver-finance/settlement-continuation.service.ts#reopenSettlementForContinuationInClientTx (:47 sets status open)	na	PARTIAL	OK	
accounting/company-settlement-close.service.ts	WIRED	n	na	CALLER dispatch/driver-pwa/tour-close.service.ts:271 (inside tour-close txn)	RLS	n	driver-finance/settlement-continuation.service.ts#reopenSettlementForContinuationInClientTx	na	PARTIAL	OK	
accounting/company-settlement-document.service.ts	WIRED	n	na	na (writes nothing)	na	n	NOT-A-WRITER	na	NONE	OK	
accounting/company-settlement-open.service.ts	WIRED	n	na	na (writes nothing)	na	n	NOT-A-WRITER	na	PARTIAL	OK	
accounting/company-settlement-report.service.ts	WIRED	n	na	na (writes nothing)	na	n	NOT-A-WRITER	na	PARTIAL	OK	
accounting/comparison-report.service.ts	WIRED	n	na	na (writes nothing)	na	n	NOT-A-WRITER	na	NONE	OK	
accounting/consolidated-statements.service.ts	WIRED	n	na	na (writes nothing)	na	n	NOT-A-WRITER	na	NONE	OK	
accounting/cost-center-class-variance.service.ts	WIRED	n	na	na (writes nothing)	na	n	NOT-A-WRITER	na	PARTIAL	OK	
accounting/counterparty-statements.service.ts	WIRED	n	na	na (writes nothing)	na	n	NOT-A-WRITER	na	NONE	OK	
accounting/customer-activity.service.ts	WIRED	n	na	na (writes nothing)	na	n	NOT-A-WRITER	na	NONE	OK	
accounting/date-ranges.service.ts	WIRED	n	na	na (writes nothing)	na	n	NOT-A-WRITER	na	NONE	OK	
accounting/driver-subaccount-backfill.service.ts	WIRED	n	na	na (writes nothing)	na	n	NOT-A-WRITER	na	PARTIAL	OK	
accounting/driver-subaccount-provision.service.ts	WIRED	n	na	CALLER mdata/drivers.routes.ts:1020 (withCurrentUser)	RLS	n	NOT-A-DOCUMENT: CoA sub-account + link master data (ON CONFLICT upserts)	na	PARTIAL	OK	
accounting/driver-vendor-link.service.ts	WIRED	n	na	na	RLS	n	NOT-A-DOCUMENT: vendor master data	na	PARTIAL	OK	
accounting/expense-category-map/resolver.service.ts	WIRED	n	na	na (writes nothing)	na	y	NOT-A-WRITER	na	NONE	OK	
accounting/expense-duplicate.service.ts	WIRED	n	na	na (writes nothing)	na	n	NOT-A-WRITER	na	PARTIAL	OK	
accounting/expense-parse-backfill.service.ts	ORPHAN+script-only	n	na	CALLER scripts/ops/backfill-reg-parse-data.ts:93 (inside BEGIN :61)	RLS	n	NOT-A-DOCUMENT: derived parse fields on existing expenses (company-scoped, FOR UPDATE, audited)	na	PARTIAL	CLEARED (orphan flag: script-only ops backfill by design, enforced by scripts/verify-reg-parse-data-backfill.mjs)	
accounting/factor-reconciliation/recon.service.ts	WIRED	n	na	WRAPPED withLuciaBypass :82	OK (insert-only)	y	NOT-A-DOCUMENT: factor reconciliation run/items report	na	NONE	DEFECT (header)	
accounting/factoring-fees-posting/poster.service.ts	WIRED	n	na	na (writes nothing)	na	y	NOT-A-WRITER	na	NONE	OK	
accounting/factoring-posting/default-interest.service.ts	WIRED	n	na	na (writes nothing)	na	y	NOT-A-WRITER	na	PARTIAL	OK	
accounting/factoring-posting/poster.service.ts	WIRED	n	na	WRAPPED	OK (0 unscoped)	y	SELF:reverseFactoringAdvanceEvent/reverseFactoringAdvanceEventInClientTx	na	PARTIAL	OK	
accounting/factoring-posting/reserve-tracker.service.ts	WIRED	n	na	na (writes nothing)	na	y	NOT-A-WRITER	na	PARTIAL	OK	
accounting/fin20-aging.service.ts	WIRED	n	na	na (writes nothing)	na	n	NOT-A-WRITER	na	PARTIAL	OK	
accounting/finance-hub-amortization-posting/loan-payment-posting.service.ts	WIRED	n	na	WRAPPED	RLS	n	SELF:reverseLoanPayments	na	FULL	OK	
accounting/finance-hub.service.ts	WIRED	n	na	na (writes nothing)	na	n	NOT-A-WRITER	na	PARTIAL	OK	
accounting/fuel-posting/maybe-post-from-fuel-transaction.service.ts	WIRED	n	na	na (single table; flag write in own withLuciaBypass :238 after poster commit)	OK (0 unscoped; :245 id + company)	y	NOT-A-DOCUMENT: posted_to_gl marker on relay ingest mirror; fuel JE undone via accounting/void.service.ts (fuel_event)	idempotent: UPDATE guarded posted_to_gl = false :247 + poster posting_batches key on fuel_event_id	PARTIAL	CLEARED (scheduled-not-idempotent: guard + batch key)	
accounting/fuel-posting/poster.service.ts	WIRED	y	y	CALLER postFuelExpenseFromEvent :561 (withLuciaBypass, same file)	OK (0 unscoped)	y	accounting/void.service.ts (fuel_event source type, :64) via void-document	na	NONE	DEFECT (header)	
accounting/fuel-posting/reflush-unposted-fuel-gl.service.ts	WIRED	n	na	na (writes nothing)	na	y	NOT-A-WRITER	na	PARTIAL	OK	
accounting/insurance-claim-recovery-posting/poster.service.ts	WIRED	n	na	SPLIT: createJournalEntry :214 (own txn) then link INSERT :233 in a separate withLuciaBypass :227	OK (insert-only, company in values)	y	NONE: no writer deactivates insurance_claim_recovery_postings; voiding the JE leaves the link row 'posted' and the latch still counts it	na	PARTIAL	DEFECT (atomic + R7: JE :214 and link :233 in separate txns while the idempotency latch :134 sums link rows, so a failure between them double-posts on retry; no reverser)	
accounting/invoice-date-recompute.service.ts	ORPHAN+script-only	n	na	na	RLS	n	NOT-A-DOCUMENT: date correction on existing invoice, audited with old values	na	PARTIAL	CLEARED (orphan flag: ops backfill scripts/ops/backfill-invoice-dates-from-delivery.ts; :94 company-scoped)	
accounting/invoice-disputes.service.ts	WIRED	n	na	na (single table; self-wraps withCompanyScope)	RLS	n	SELF:cancelInvoiceDispute (:390) / resolveInvoiceDispute	na	PARTIAL	OK	
accounting/invoice-gl.service.ts	WIRED	n	na	na (writes nothing)	na	n	NOT-A-WRITER	na	PARTIAL	OK	
accounting/invoice-send.service.ts	WIRED	n	na	na	RLS	n	accounting/bulk-void.service.ts#voidInvoiceInBulk (a sent invoice is voided, not unsent)	na	PARTIAL	OK	
accounting/invoices.service.ts	WIRED	n	na	na	RLS	n	accounting/bulk-void.service.ts#voidInvoiceInBulk / void.service postVoidReversal	na	PARTIAL	OK	
accounting/journal-entries.service.ts	WIRED	y	y	CALLER-or-self: createJournalEntry :385 uses caller client else withCurrentUser	RLS	n	SELF:voidJournalEntry/reverseJournalEntryNoFlip (:588/:481)	na	NONE	DEFECT (header)	
accounting/journal-entry-qbo-push.service.ts	WIRED	n	na	WRAPPED (pool BEGIN :24/:76/:142; withLuciaBypass :210)	OK (0 unscoped)	y	NOT-A-DOCUMENT: QBO sync alerts / outbox / sync-status mirror	na	NONE	DEFECT (header)	
accounting/lease-asc842/lease-posting.service.ts	WIRED	y	y	WRAPPED withCurrentUser	RLS	n	NONE: no reverser for lease_rental / lease_disposal JEs (literals appear only in this file); nothing un-posts lease_schedule_period or restores fixed_assets 'disposed' / lease_contract 'ended'	na	PARTIAL	RULED (Lead ROUND 301: QBO keeps lease / fixed-asset documents non-voidable — ended, terminated or disposed through their own engines; reviewer flag kept in note)	reviewer: DEFECT (R7: lease-posting.service.ts:408/:694/:715/:720 have no undo)
accounting/lease-asc842/lease.service.ts	WIRED	n	na	WRAPPED withCurrentUser	RLS	n	NONE for lease_contract (voided_at column, no writer sets it; only end via leases/lease-engine.service.ts#closeLease); schedule regen soft-voids SELF:generateScheduleForLease :194	na	PARTIAL	RULED (Lead ROUND 301: QBO keeps lease / fixed-asset documents non-voidable — ended, terminated or disposed through their own engines; reviewer flag kept in note)	reviewer: DEFECT (R7: mis-entered lease contract cannot be voided, lease.service.ts:77)
accounting/load-lookup.service.ts	WIRED	n	na	na (writes nothing)	na	n	NOT-A-WRITER	na	NONE	OK	
accounting/maintenance-posting/poster.service.ts	WIRED	n	na	WRAPPED processMaintenanceWorkOrderClose withLuciaBypass :388 (helpers take client)	OK (id-scoped): :377 UPDATE bills WHERE id = bill created in same txn	y	accounting/bills.service.ts#voidBill	na	NONE	DEFECT (header)	bypass+unscoped flag CLEARED
accounting/maintenance-shop.service.ts	WIRED	n	na	na (writes nothing)	na	n	NOT-A-WRITER	na	NONE	OK	
accounting/month-close.service.ts	WIRED	n	na	na (single table; lockMonthClose withCompanyScope + BEGIN :375)	RLS	n	accounting/p7-wave2.routes.ts:335 POST /periods/:id/reopen (inline route, Owner + flag gated)	na	NONE	DEFECT (header)	
accounting/opening-balance-import/opening-balance-import.service.ts	WIRED	n	na	na (writes nothing)	na	n	NOT-A-WRITER	na	PARTIAL	OK	
accounting/opening-balance-import/qbo-ob-2026-03-31-live-pull.service.ts	WIRED	n	na	na (writes nothing)	na	n	NOT-A-WRITER	na	PARTIAL	OK	
accounting/opening-balance-register/opening-balance-register.service.ts	WIRED	n	na	CALLER routes under withCompanyScope (service note :1272)	RLS	n	SELF:upsertObRegisterLine/commitObRegister (live re-adjustable worksheet by owner ruling)	na	PARTIAL	OK	
accounting/owned-asset-disposal.service.ts	WIRED	n	na	WRAPPED withCurrentUser :96	RLS	n	NONE: nothing reverses fixed_asset_disposals, fixed_assets status 'disposed', or the disposal JE (source 'fixed_asset' not handled by void paths)	na	PARTIAL	RULED (Lead ROUND 301: QBO keeps lease / fixed-asset documents non-voidable — ended, terminated or disposed through their own engines; reviewer flag kept in note)	reviewer: DEFECT (R7: owned-asset-disposal.service.ts:250/:262 have no undo)
accounting/owned-unit-fixed-asset-register.service.ts	WIRED	n	na	na	RLS	n	NONE: accounting.fixed_assets.voided_at is read but never set by any writer; a mis-registered unit keeps auto-depreciating	na	PARTIAL	RULED (Lead ROUND 301: QBO keeps lease / fixed-asset documents non-voidable — ended, terminated or disposed through their own engines; reviewer flag kept in note)	reviewer: DEFECT (R7: no void for fixed asset rows, owned-unit-fixed-asset-register.service.ts:191/:399)
accounting/parts-inventory-posting/poster.service.ts	WIRED	n	na	SPLIT: postSourceTransaction :239 / createJournalEntry :257 in own txns, then link INSERT :296/:310 in separate withLuciaBypass :289	OK (insert-only)	y	NONE: parts_purchase_postings never deactivated by any writer	na	PARTIAL	DEFECT (atomic + R7: JE and link row in separate txns while the latch :153 reads link rows; partial failure double-posts; no reverser)	
accounting/payments/apply.service.ts	WIRED	n	na	CALLER payment-applications.routes.ts:62 (withCompanyScope)	RLS	n	accounting/payment-applications.routes.ts:153 DELETE unapply (sets unapplied_at); credit memos via void.service	na	NONE	DEFECT (header)	
accounting/payments/bank-invoice-backlink.service.ts	WIRED	n	na	na	RLS	n	NOT-A-DOCUMENT: back-pointer, cleared by recon-worklist.service.ts#unmatchBankTransaction	na	FULL	OK	
accounting/period-close-retained-earnings.service.ts	WIRED	y	y	CALLER month-close.service.ts:375 (BEGIN inside withCompanyScope)	RLS	n	accounting/journal-entries.service.ts#reverseJournalEntryNoFlip (documented undo of the closing JE; re-close uses reversal-count-scoped key)	na	NONE	DEFECT (header)	
accounting/posted-while-tour-open-report.service.ts	WIRED	n	na	na (writes nothing)	na	n	NOT-A-WRITER	na	FULL	OK	
accounting/posting-engine.service.ts	WIRED	y	y	WRAPPED	RLS	n	SELF:reversePostedSourceTransaction/reversePostedSourceTransactionInClientTx	y (posting_batches source key returns already_posted; ON CONFLICT idempotency_key)	NONE	DEFECT (header)	
accounting/profit-loss.service.ts	WIRED	n	na	na (writes nothing)	na	n	NOT-A-WRITER	na	NONE	OK	
accounting/proforma-convert.service.ts	WIRED	n	na	na	RLS	n	accounting/bulk-void.service.ts#voidInvoiceInBulk	na	PARTIAL	OK	
accounting/proof-trail.service.ts	WIRED	n	na	na (writes nothing)	na	n	NOT-A-WRITER	na	NONE	OK	
accounting/property-tax-posting/poster.service.ts	TEST-ONLY	n	na	SPLIT: createJournalEntry :164/:269 (own txn) then accrual INSERT :182 / UPDATE :287 in separate withLuciaBypass	OK (company in WHERE)	y	NONE: no reverser for property_tax_accruals or the payment marking	na	PARTIAL	DEFECT (atomic + R7: same JE-then-link split; ON CONFLICT on accrual does not stop a second JE on retry; latent, TEST-ONLY reach)	
accounting/pse-mirror.service.ts	WIRED	n	na	WRAPPED withCompanyScope :4	RLS	n	NOT-A-DOCUMENT: QBO CoA / P&S category / item mirror (ON CONFLICT upserts)	na	NONE	DEFECT (header)	
accounting/reclassify/reclassify.service.ts	WIRED	n	na	WRAPPED	RLS	n	SELF:undoReclassifyBatch	na	FULL	OK	
accounting/recon/recon-cron.service.ts	WIRED	n	na	na (writes nothing)	na	y	NOT-A-WRITER	na	PARTIAL	OK	
accounting/recon/recon-engine.service.ts	WIRED	n	na	CALLER recon-cron.service.ts:264 (withLuciaBypass :242)	RLS	n	NOT-A-DOCUMENT: recon runs/exceptions (read-only engine, never auto-fixes)	na	PARTIAL	OK	
accounting/recurring.worker.ts	WIRED	y	y	WRAPPED processRecurringTemplatesTick withLuciaBypass + BEGIN :551	OK (0 unscoped)	y	generated docs via bulk-void.service.ts#voidInvoiceInBulk / bills.service.ts#voidBill / journal-entries.service.ts#voidJournalEntry / void.service (expense)	y (FOR UPDATE SKIP LOCKED + next_run_at advance in same txn)	NONE	DEFECT (header)	
accounting/reinstate-document.service.ts	WIRED	n	na	CALLER accounting/expenses.routes.ts:1823 / invoices.routes.ts:1339 (withCompanyScope)	RLS	n	undo = re-void via accounting/void.service.ts / bulk-void.service.ts	na	FULL	OK	
accounting/related-party-loan-posting/interest-accrual.service.ts	WIRED	n	na	na (writes nothing)	na	n	NOT-A-WRITER	na	PARTIAL	OK	
accounting/related-party-loan-posting/poster.service.ts	WIRED	n	na	na (writes nothing)	na	n	NOT-A-WRITER	na	PARTIAL	OK	
accounting/related-party-loan-posting/schedule.service.ts	WIRED	n	na	na (writes nothing)	na	n	NOT-A-WRITER	na	PARTIAL	OK	
accounting/revenue-leakage.service.ts	WIRED	n	na	na (writes nothing)	na	n	NOT-A-WRITER	na	PARTIAL	OK	
accounting/revrec-delivery-posting/poster.service.ts	WIRED	n	na	WRAPPED (withLuciaBypass :483 and latch-write txn ~:640)	OK (id-scoped): :649/:659 UPDATE postings WHERE journal_entry_uuid = JE inserted in same txn; :674 has company	y	SELF:settleRevrecOnCancel (:763); invoice void reverses Event 2 via bulk-void.service.ts	na	FULL	CLEARED (bypass+unscoped: id-scoped)	
accounting/role-home/accounting-home.service.ts	WIRED	n	na	na (writes nothing)	na	n	NOT-A-WRITER	na	NONE	OK	
accounting/role-home/pending-approvals-gl.service.ts	WIRED	n	na	na (writes nothing)	na	n	NOT-A-WRITER	na	FULL	OK	
accounting/safety-fine-posting/poster.service.ts	WIRED	n	na	SPLIT: createJournalEntry :263 (own txn) then link INSERT :282 in separate withLuciaBypass :278	OK (insert-only)	y	NONE: civil_fine_postings never deactivated; fine void does not touch it	na	PARTIAL	DEFECT (atomic + R7: JE :263 and link :282 in separate txns while latch :214 reads link rows; no reverser)	
accounting/settlement-posting/bucket-ledger.service.ts	WIRED	n	na	CALLER settlement-posting.service.ts:426 (withCurrentUser)	RLS	n	SELF:reverseDeductionFromBucket	na	PARTIAL	OK	
accounting/settlement-posting/recover-from-driver.service.ts	WIRED	n	na	WRAPPED withCurrentUser :46	RLS	n	driver-finance/settlement-deduction-void.service.ts (voids the deduction, :163)	na	PARTIAL	OK	
accounting/settlement-posting/settlement-bill-payment-posting.service.ts	WIRED	n	na	self-scoped via scoped() phases from :310 with gl_runs claim	RLS	n	SELF:reverseSettlementBillPayment/reverseSettlementBillPaymentInClientTx (:907/:918)	na	NONE	DEFECT (header)	
accounting/settlement-posting/settlement-posting.service.ts	WIRED	y	y	WRAPPED	RLS	n	SELF:reverseSettlementGlPosting	na	PARTIAL	OK	
accounting/statement-export-pdf.service.ts	WIRED	n	na	na (writes nothing)	na	n	NOT-A-WRITER	na	NONE	OK	
accounting/statement-export-xlsx.service.ts	WIRED	n	na	na (writes nothing)	na	n	NOT-A-WRITER	na	NONE	OK	
accounting/statement-export.service.ts	WIRED	n	na	na (writes nothing)	na	n	NOT-A-WRITER	na	NONE	OK	
accounting/subledger-gl-control-rec.service.ts	WIRED	n	na	na (writes nothing)	na	n	NOT-A-WRITER	na	PARTIAL	OK	
accounting/tour-close-posting.service.ts	WIRED	n	na	WRAPPED per step withCompanyScope; postSourceTransaction in own txn by design (header :7-:12)	RLS	n	accounting/bills.service.ts#voidBill / void.service (expense)	scheduled (cron/retry-held-expense-postings.cron.ts); idempotent: candidates posting_status = 'unposted' :215 + posting-engine source key returns already_posted	PARTIAL	CLEARED (scheduled-not-idempotent: engine-level idempotency)	
accounting/tour-open-gate.service.ts	WIRED	n	na	na (writes nothing)	na	n	NOT-A-WRITER	na	PARTIAL	OK	
accounting/trial-balance.service.ts	WIRED	n	na	na (writes nothing)	na	n	NOT-A-WRITER	na	NONE	OK	
accounting/void-document-stamp.service.ts	WIRED	n	na	na (writes nothing)	na	n	NOT-A-WRITER	na	FULL	OK	
accounting/void-document.service.ts	WIRED	n	na	na (writes nothing)	na	n	NOT-A-WRITER	na	FULL	OK	
accounting/void-tree.service.ts	WIRED	n	na	na (writes nothing)	na	n	NOT-A-WRITER	na	NONE	OK	
accounting/void.service.ts	WIRED	y	y	CALLER invoices.routes.ts:1155 / void-document.service.ts:165 (withCompanyScope)	RLS	n	accounting/reinstate-document.service.ts#reinstateDocumentThenVoidReversal	na	NONE	DEFECT (header)	
accounting/warranty-posting/poster.service.ts	WIRED	n	na	SPLIT: createJournalEntry :149 (own txn) then link INSERT :168 in separate withLuciaBypass :162	OK (insert-only)	y	NONE: warranty_reimburse_postings never deactivated	na	PARTIAL	DEFECT (atomic + R7: JE :149 and link :168 in separate txns while latch :106 reads link rows; no reverser)	
admin/admin-jobs.service.ts	WIRED	n	na	WRAPPED withLuciaBypass per statement group	OK (id-scoped: claim/status by job id; import_batches by payload batch id :420; identity.users deactivation intentionally global :370 by email-pattern ids)	y	NOT-A-DOCUMENT: job queue + admin ops (vendor/user deactivations are reactivatable flags)	IDEMPOTENT: enqueue dedups on (operation,idempotency_key) active; claim FOR UPDATE SKIP LOCKED; ops guarded by deactivated_at IS NULL	NONE	DEFECT (header)	bypass+unscoped CLEARED; import_batches update trusts payload batch_id (admin-only enqueue)
admin/health-deep.service.ts	WIRED	n	na	na (writes nothing)	na	y	NOT-A-WRITER	na	NONE	OK	
admin/launch-readiness.service.ts	WIRED	n	na	na (writes nothing)	na	y	NOT-A-WRITER	na	NONE	OK	
audit/audit-chain-verify.cron.service.ts	WIRED	n	na	na (writes nothing)	na	y	NOT-A-WRITER	na	PARTIAL	OK	
audit/audit-chain-verify.service.ts	WIRED	n	na	na (single table)	RLS (caller audit/audit-chain-verify.cron.service.ts:71 withLuciaBypass)	n	NOT-A-DOCUMENT: hash-chain verification log	append-only (structurally missed: scheduled via audit-chain-verify.cron.service.ts; each run appends a distinct observation row, intended)	NONE	DEFECT (header)	
audit/audit.service.ts	WIRED	n	na	na (writes nothing)	na	n	NOT-A-WRITER	na	NONE	OK	
audit/driver-events.service.ts	WIRED	n	na	na (writes nothing)	na	n	NOT-A-WRITER	na	NONE	OK	
banking/bank-driver-advance.service.ts	WIRED	n	na	NOT ATOMIC (tsv na): create advance withCompanyScope :227, disburse+JE own txn :251, stamp linked_bank_txn_id :263 are separate transactions	RLS	n	cash-advances/cash-advance-create.ts#reverseDriverAdvanceInClientTx (UPDATE driver_advances :705)	na	PARTIAL	DEFECT (R4 bank-driver-advance.service.ts:227/251/263: dedupe key linked_bank_txn_id (checked :117-126) is written last in its own txn; a disburse failure leaves an unlinked advance+liability+schedule and a retry creates a second; a failure after the JE posts lets a retry double-book)	
banking/bank-driver-expense-deduction.service.ts	WIRED	n	na	na (single withCompanyScope :112)	RLS	n	PARTIAL: driver-finance/settlement-deduction-void.service.ts#voidSettlementDeduction voids the deduction but nothing reverses the chargeBucket increment (:204; bucket-ledger.service.ts has no charge-reversal fn); BANK-UNDO-01 undo-categorization (banking/categorization.routes.ts:1523) NULLs categorization_deduction_id and leaves the deduction pending; hint voidSplit does not touch these records	na	FULL	DEFECT (R7 bank-driver-expense-deduction.service.ts:204 bucket charge unreversible; undo leaves deduction live)	
banking/bank-feed-gl-posting.service.ts	WIRED	n	na	na	RLS	n	banking/categorization.routes.ts POST /undo-categorization (reverseJournalEntryNoFlip + clears matched_journal_entry_id) and accounting/void.service.ts bank reset; hint voidSplit is wrong	na	FULL	OK	
banking/bank-ledger-repoint-remediation.service.ts	WIRED	n	na	na (writes nothing)	na	n	NOT-A-WRITER	na	FULL	OK	
banking/bank-orphan-backfill.service.ts	WIRED	n	na	na (writes nothing)	na	n	NOT-A-WRITER	na	PARTIAL	OK	
banking/bank-tieout.cron.ts	WIRED	n	na	na (writes nothing)	na	n	NOT-A-WRITER	na	NONE	OK	
banking/bank-tieout.service.ts	WIRED	n	na	na	OK (bypass cron, upsert only)	y	NOT-A-DOCUMENT: computed tie-out snapshot	idempotent ON CONFLICT (bank_account_id,tieout_date)	FULL	OK	
banking/bank-transaction-splits.service.ts	WIRED	n	na	WRAPPED	RLS	n	SELF:voidSplit (splits); bills/bill_payments -> accounting/bills.service.ts#voidBill/voidBillPaymentInClientTx; advances -> cash-advance-create.ts#reverseDriverAdvanceInClientTx	na	FULL	OK	
banking/banking-kpi.service.ts	WIRED	n	na	na (writes nothing)	na	n	NOT-A-WRITER	na	PARTIAL	OK	
banking/banking-rules.engine.ts	WIRED	n	na	CALLER integrations/plaid/plaid.service.ts:762 (inside withLuciaBypass :667); reconciliation.routes.ts:1660; p7-wave2.routes.ts:541 withCompanyScope	RLS structurally; de facto bypass from plaid: :134/:195 WHERE id of just-inserted txn, :210 rule id from company-filtered select -> OK (id-scoped)	n	NOT-A-DOCUMENT: suggestion fields only (suggested_vendor_id/account)	na	NONE	DEFECT (header)	
banking/drift-alerts.service.ts	WIRED	n	na	na	RLS	n	NOT-A-DOCUMENT: alert (SELF:resolveDriftAlert)	idempotent: open-alert natural-key check per (company,account,kind) then UPDATE else INSERT (:45-80)	PARTIAL	CLEARED	
banking/integrity/account-company-audit.service.ts	WIRED	n	na	na	RLS (caller account-company-audit.routes.ts:62 withCompanyScope, Owner-only)	n	SELF:applyCompanyReassignment (reassign back)	na	PARTIAL	OK	
banking/recon-adjustments.service.ts	WIRED	n	na	CALLER banking/reconciliation.routes.ts:1369 inside withCompanyScope (:1346)	RLS	n	governance/void-cancel-executors.ts#executeExpense	na	PARTIAL	OK	
banking/recon.service.ts	WIRED	n	na	na (writes nothing)	na	n	NOT-A-WRITER	na	NONE	OK	
banking/transfers.service.ts	WIRED	n	na	WRAPPED	RLS (intercompany legs under withLuciaBypass :944, insert-only)	y	SELF:revokeTransfer - per leg only	na	NONE	DEFECT (header; R7 revokeTransfer :521 has no intercompany_transfer_group handling, so revoking one leg of createIntercompanyTransfer :938 leaves the counterparty leg live/posted)	
bills/bill-line-account-resolution.service.ts	WIRED	n	na	na (writes nothing)	na	n	NOT-A-WRITER	na	NONE	OK	
border-crossing/cbp-wait-times-refresh.job.ts	WIRED	n	na	na (writes nothing)	na	y	NOT-A-WRITER	na	NONE	OK	
border-crossing/cbp-wait-times.service.ts	WIRED	n	na	na (insert loop in own withLuciaBypass)	OK (insert-only reference cache, not company data)	y	NOT-A-DOCUMENT: external API cache	SCHEDULED via cbp-wait-times-refresh.job.ts; appends a new snapshot (randomUUID) each run, no dedup - benign TTL cache	NONE	DEFECT (header)	Cache table grows per run; not a business write
border-crossing/emanifest-pdf-renderer.service.ts	WIRED	n	na	na (writes nothing)	na	n	NOT-A-WRITER	na	NONE	OK	
cash-advances/driver-hub-requests.service.ts	WIRED	n	na	CALLER cash-advances/driver-hub-requests.routes.ts:38 withCurrentUser	RLS	n	driver-finance/settlement-deduction-void.service.ts#voidSettlementDeduction (voids the resulting deduction; request row stays 'approved'); deny = SELF:denyHubCashAdvanceRequest	na	NONE	DEFECT (header)	
cash-flow/cash-flow.service.ts	WIRED	n	na	CALLER cash-flow.routes.ts:153 (withCurrentUser :151)	RLS	n	SELF:archiveAdjustment (:1930); row adjustments are projection overrides (NOT-A-DOCUMENT)	NOT-SCHEDULED (crons import only getDailyPrediction / getRollingLedgerRows readers)	PARTIAL	CLEARED (scheduled-not-idempotent: writers not on a timer)	header line 4 says 'reads only' though :1791/:1900/:1937 write
catalogs/account-merge.service.ts	WIRED	n	na	CALLER catalogs/accounts.routes.ts:654 inside withCurrentUser (:648)	RLS	n	NONE by design: merge is permanent (QBO parity); merge record stores counts not row ids so no unmerge is possible; source archived not deleted	na	NONE	DEFECT (header)	
chat/chat.service.ts	WIRED	n	na	CALLER chat/chat.routes.ts:86 inside withCompanyScope	RLS (unscoped UPDATEs :215/:256 by thread/message id)	n	NOT-A-DOCUMENT: chat messages/receipts (communication log)	na	PARTIAL	OK	client_key dedup + ON CONFLICT on receipts
compliance/compliance-aggregate.service.ts	WIRED	n	na	na (writes nothing)	na	n	NOT-A-WRITER	na	NONE	OK	
compliance/compliance-reminder.job.ts	WIRED	n	na	na	OK (bypass, insert-only)	y	NOT-A-DOCUMENT: notification log	NOT idempotent for in_app channel: createNotification + plain INSERT notification_log (:91) with no dedupe; daily cron (:124) has no leader lock so it fires on each backend instance; email path is deduped by outbox key	NONE	DEFECT (header; R8 compliance-reminder.job.ts:91 duplicate in-app notifications/log rows)	
compliance/filings-aggregate.service.ts	WIRED	n	na	na (writes nothing)	na	n	NOT-A-WRITER	na	PARTIAL	OK	
compliance/missing-required.service.ts	WIRED	n	na	na (writes nothing)	na	n	NOT-A-WRITER	na	NONE	OK	
compliance/property-tax/property-tax-pdf-renderer.service.ts	WIRED	n	na	na (writes nothing)	na	n	NOT-A-WRITER	na	NONE	OK	
compliance/property-tax/property-tax.service.ts	WIRED	n	na	CALLER compliance/property-tax/property-tax.routes.ts:220/:269 inside withCurrentUser	RLS	n	NONE: renditions/lines have is_active but nothing sets it false; no remove-line, no void/cancel status (draft/filed/appealed/settled)	na	PARTIAL	DEFECT (R7 property-tax.service.ts:186/:292 rendition and lines cannot be voided/removed)	
cron/audit-chain-verify.cron.ts	WIRED	n	na	na (writes nothing)	na	n	NOT-A-WRITER	na	NONE	OK	
cron/bank-drift-alerts.cron.ts	WIRED	n	na	na (writes nothing)	na	y	NOT-A-WRITER	na	PARTIAL	OK	
cron/cash-flow-projection-snapshot.cron.ts	WIRED	n	na	na	OK (bypass, insert-only)	y	NOT-A-DOCUMENT: forecast snapshot	idempotent ON CONFLICT (company,prediction_date) DO NOTHING	NONE	DEFECT (header)	
cron/cash-flow-rolling-ledger-notify.cron.ts	WIRED	n	na	na (writes nothing)	na	y	NOT-A-WRITER	na	NONE	OK	
cron/chat-confirmation-escalation.cron.ts	WIRED	n	na	na (writes nothing)	na	y	NOT-A-WRITER	na	PARTIAL	OK	
cron/collections-sync.cron.ts	WIRED	n	na	na (writes nothing)	na	y	NOT-A-WRITER	na	NONE	OK	
cron/daily-task-alerts.cron.ts	WIRED	n	na	CALLER same file, inside withLuciaBypass :78	OK (bypass, insert-only)	y	NOT-A-DOCUMENT: alert + email queue	idempotent ON CONFLICT + NOT EXISTS	NONE	DEFECT (header)	
cron/depreciation-autopost.cron.ts	WIRED	n	na	na	OK (bypass, insert-only)	y	NOT-A-DOCUMENT: run log (the depreciation posting itself is reversed by amortization-posting.service.ts#reverseDepreciation)	idempotent where it matters: posting is per (asset,period) via idempotency_key ON CONFLICT (amortization-posting.service.ts:200); the run row is an intended per-tick log - flag wrong	NONE	DEFECT (header)	
cron/draft-crew-status-selfheal.cron.ts	WIRED	n	na	na	OK (:91 WHERE id AND company AND status=draft)	y	NOT-A-DOCUMENT: status self-heal	idempotent: state-guarded WHERE status=draft - flag wrong	NONE	DEFECT (header)	
cron/driver-leave-advance-reminder.cron.ts	WIRED	n	na	na	OK (bypass, insert-only)	y	NOT-A-DOCUMENT: audit/reminder log	idempotent: alreadyReminded check (:96) before insert; check and insert are separate txns (2-instance race possible)	PARTIAL	CLEARED	
cron/driver-leave-balance-rollover.cron.ts	WIRED	n	na	WRAPPED	OK	y	NOT-A-DOCUMENT: balance rollover	idempotent ON CONFLICT (company,driver,plan_year) DO NOTHING	PARTIAL	OK	
cron/driver-leave-pending-escalation.cron.ts	WIRED	n	na	na	OK (bypass, insert-only)	y	NOT-A-DOCUMENT: audit/escalation log	idempotent: NOT EXISTS in candidate select (:56); non-atomic vs concurrent instance	PARTIAL	CLEARED	
cron/error-digest.cron.ts	WIRED	n	na	na (writes nothing)	na	y	NOT-A-WRITER	na	NONE	OK	
cron/event-spine-heartbeat.cron.ts	ORPHAN	n	na	na (writes nothing)	na	y	NOT-A-WRITER	na	PARTIAL	DEFECT (non-writer ORPHAN: no production importer — delete or wire)	
cron/evidence-presence-reconcile.cron.ts	WIRED	n	na	na (writes nothing)	na	y	NOT-A-WRITER	na	PARTIAL	OK	
cron/factoring-default-interest-accrual.cron.ts	WIRED	n	na	na (writes nothing)	na	y	NOT-A-WRITER	na	NONE	OK	
cron/fuel-gps-match.cron.ts	WIRED	n	na	na (writes nothing)	na	n	NOT-A-WRITER	na	NONE	OK	
cron/geofence-auto-delivery.cron.ts	WIRED	n	na	na (writes nothing)	na	y	NOT-A-WRITER	na	PARTIAL	OK	
cron/geofence-breach-detector.cron.ts	WIRED	n	na	CALLER same file, inside withLuciaBypass :284	OK (bypass, insert-only)	y	NOT-A-DOCUMENT: breach event + outbox	idempotent: 5-minute natural-key window check (:175-199) - flag wrong	NONE	DEFECT (header)	
cron/geofence-odometer-captures.cron.ts	WIRED	n	na	na (writes nothing)	na	y	NOT-A-WRITER	na	NONE	OK	
cron/insurance-monthly-report.cron.ts	WIRED	n	na	na (writes nothing)	na	y	NOT-A-WRITER	na	NONE	OK	
cron/ledger-integrity.cron.ts	WIRED	n	na	na (writes nothing)	na	y	NOT-A-WRITER	na	NONE	OK	
cron/load-stop-geofence-sync.cron.ts	WIRED	n	na	na (writes nothing)	na	y	NOT-A-WRITER	na	PARTIAL	OK	
cron/loves-card-import.cron.ts	WIRED	n	na	na (writes nothing)	na	n	NOT-A-WRITER	na	NONE	OK	
cron/model-lifecycle-monitor.cron.ts	WIRED	n	na	na (writes nothing)	na	y	NOT-A-WRITER	na	PARTIAL	OK	
cron/qbo-cdc-poll.cron.ts	WIRED	n	na	na (writes nothing)	na	n	NOT-A-WRITER	na	NONE	OK	
cron/qbo-inbound-sync.cron.ts	WIRED	n	na	na (writes nothing)	na	n	NOT-A-WRITER	na	NONE	OK	
cron/qbo-remote-count-collector.cron.ts	WIRED	n	na	na (writes nothing)	na	y	NOT-A-WRITER	na	NONE	OK	
cron/real-driven-miles-segments.cron.ts	WIRED	n	na	na (writes nothing)	na	y	NOT-A-WRITER	na	NONE	OK	
cron/recon.cron.ts	WIRED	n	na	na (writes nothing)	na	n	NOT-A-WRITER	na	NONE	OK	
cron/reconciliation-worker.cron.ts	WIRED	n	na	na (writes nothing)	na	y	NOT-A-WRITER	na	NONE	OK	
cron/recurring-templates.cron.ts	WIRED	n	na	na (writes nothing)	na	n	NOT-A-WRITER	na	NONE	OK	
cron/reefer-hours-poll.cron.ts	WIRED	n	na	na (writes nothing)	na	y	NOT-A-WRITER	na	NONE	OK	
cron/retry-held-expense-postings.cron.ts	WIRED	n	na	na (writes nothing)	na	y	NOT-A-WRITER	na	PARTIAL	OK	
cron/samsara-documents.cron.ts	WIRED	n	na	na (writes nothing)	na	y	NOT-A-WRITER	na	PARTIAL	OK	
cron/samsara-driver-replies.cron.ts	WIRED	n	na	na (writes nothing)	na	y	NOT-A-WRITER	na	PARTIAL	OK	
cron/samsara-fuel-reports.cron.ts	WIRED	n	na	na (writes nothing)	na	y	NOT-A-WRITER	na	PARTIAL	OK	
cron/samsara-hos-pull.cron.ts	WIRED	n	na	na	OK (bypass, insert-only)	y	NOT-A-DOCUMENT: sync log	idempotent where it matters: hos pull ON CONFLICT; log row per tick intended - flag wrong	NONE	DEFECT (header)	
cron/samsara-master-sync.cron.ts	WIRED	n	na	na (writes nothing)	na	y	NOT-A-WRITER	na	NONE	OK	
cron/samsara-remote-count-collector.cron.ts	WIRED	n	na	na (writes nothing)	na	y	NOT-A-WRITER	na	NONE	OK	
cron/samsara-webhook-projection.cron.ts	WIRED	n	na	na (writes nothing)	na	y	NOT-A-WRITER	na	NONE	OK	
cron/telematics-preservation.cron.ts	WIRED	n	na	na (writes nothing)	na	y	NOT-A-WRITER	na	PARTIAL	OK	
cron/unit-stop-events.cron.ts	WIRED	n	na	na (writes nothing)	na	y	NOT-A-WRITER	na	PARTIAL	OK	
customers/relationship-score/scorer.service.ts	WIRED	n	na	na (single table)	RLS	n	NOT-A-DOCUMENT: relationship score cache	y (structurally missed: jobs/customer-relationship-scorer.ts:68 withLuciaBypass; ON CONFLICT (customer_uuid))	NONE	DEFECT (header)	scheduled flag wrong
daily-tasks/daily-tasks.service.ts	WIRED	n	na	CALLER daily-tasks.routes.ts:96 (withCurrentUser)	OK: UPDATEs :249/:288/:341/:394 by id run under RLS before enqueueAlertAndEmail	y	NOT-A-DOCUMENT: operational tasks (SELF:cancelTask)	na	NONE	DEFECT (header)	bypass+unscoped CLEARED; caution: :88 sets app.bypass_rls='lucia' transaction-local, so any statement after the alert in the same txn runs bypassed
data-infra/data-infra.service.ts	WIRED	n	na	WRAPPED	RLS	n	NONE for banking.equipment_loans/equipment_loan_attributions/equipment_loan_payments (no UPDATE/void anywhere in src) and mdata.driver_vendor_merges; faro imports self-supersede	na	NONE	DEFECT (header; R7 data-infra.service.ts:655/:717/:778 loan/payment records cannot be voided)	records-only (no GL posting)
dispatch/analytics/booking-gap.service.ts	WIRED	n	na	na (writes nothing)	na	n	NOT-A-WRITER	na	PARTIAL	OK	
dispatch/analytics/late-arrival.service.ts	WIRED	n	na	na (single table)	RLS (tick runs under jobs/late-arrival-aggregator-worker.ts:20 withLuciaBypass; INSERT carries $1 company)	n	NOT-A-DOCUMENT: rolling late-arrival aggregate cache	y (structurally missed: scheduled by jobs/late-arrival-aggregator-worker.ts:36 setInterval; ON CONFLICT (oc,driver_id,bucket_date) DO UPDATE)	NONE	DEFECT (header)	scheduled flag wrong (worker named -worker.ts not .worker.ts)
dispatch/arch-tabs.service.ts	WIRED	n	na	na (single table)	RLS	n	NOT-A-DOCUMENT: in-transit issue ticket (operational); SELF:resolveIntransitIssue closes it	na	NONE	DEFECT (header)	
dispatch/assignments/quicksave.service.ts	WIRED	n	na	WRAPPED (reassignUnit/Trailer/Driver withCurrentUser :195/:267/:316)	RLS	n	NOT-A-DOCUMENT: assignment state + history log; re-assign is the inverse	na	NONE	DEFECT (header)	
dispatch/auth-gates/gate-registry.service.ts	WIRED	n	na	na (writes nothing)	na	n	NOT-A-WRITER	na	NONE	OK	
dispatch/bol-generator.service.ts	WIRED	n	na	na (single table)	RLS	n	NOT-A-DOCUMENT: rendered BOL PDF snapshot, append-only versions (regenerate supersedes; R2 object cleaned on insert failure)	na	NONE	DEFECT (header)	
dispatch/book-load.service.ts	WIRED	n	na	CALLER dispatch/book-load.service.ts:1537 bookLoad withCurrentUser -> createLoadWithFullSideEffects :1541	RLS (3 unscoped UPDATEs id-scoped, under RLS)	n	dispatch/cancellation.service.ts#cancelLoadInClientTx (cancels load, voids driver_bills, clears presettlement link); hint cancellation-reversal is the undo of a cancel, not of a booking	na	NONE	DEFECT (header)	
dispatch/cancellation-reversal.service.ts	WIRED	n	na	CALLER dispatch/cancellation.routes.ts:133 withCurrentUser	RLS	n	dispatch/cancellation.service.ts#cancelLoadInClientTx (re-cancel); this file IS the undo of a cancellation	na	FULL	OK	
dispatch/cancellation.service.ts	WIRED	n	na	WRAPPED (cancelLoad :807 / approveCancellation :885 withCurrentUser)	RLS	n	dispatch/cancellation-reversal.service.ts#reverseLoadCancellationInClientTx (cancellation row + load status; voided invoice/driver bills stay void by design, re-issue via their own engines)	na	NONE	DEFECT (header)	
dispatch/customer-notify.service.ts	WIRED	n	na	WRAPPED (:52 withCurrentUser)	RLS	n	NOT-A-DOCUMENT: notify log + notify preferences (upsert)	na	NONE	DEFECT (header)	
dispatch/deadhead/chain-deadhead.service.ts	WIRED	n	na	na (writes nothing)	na	y	NOT-A-WRITER	na	PARTIAL	OK	
dispatch/deadhead/optimizer.service.ts	WIRED	n	na	na (writes nothing)	na	n	NOT-A-WRITER	na	NONE	OK	
dispatch/detention-approval.service.ts	WIRED	n	na	WRAPPED (:21 withCurrentUser)	RLS	n	NONE: approveDetentionRequest :352 bridges detention into the load rate and sets request 'invoiced' :387; rejectDetentionRequest acts on pending_review only :471; no un-approve / un-bridge anywhere	na	NONE	DEFECT (no reverser for an approved detention, detention-approval.service.ts:386; + header)	same root as detention.service.ts:378
dispatch/detention.service.ts	WIRED	n	na	WRAPPED (:21 withCurrentUser; bridgeDetentionToBilling :456 wraps the InClientTx variant)	RLS	n	NONE: bridgeDetentionToBillingInClientTx raises mdata.loads.rate_total_cents :378 + resyncs proforma, flips event to 'billed' :416; nothing lowers the rate or un-bills the event (closeDetentionEvent closes accruing only); hint cancellation-reversal does not touch these rows	na	NONE	DEFECT (no un-bridge for billed detention, detention.service.ts:378; + header)	
dispatch/dispatch-refinements.service.ts	WIRED	n	na	WRAPPED (manualReassignLoad :65, replaceLoadStopsRefined :382, createLoadTemplate :662 withCurrentUser)	RLS (1 unscoped load_stops soft-delete under RLS)	n	NOT-A-DOCUMENT: assignment / stops / template edits; stops soft-deleted then replaced, re-edit is the inverse	na	NONE	DEFECT (header)	
dispatch/driver-availability.service.ts	WIRED	n	na	na (writes nothing)	na	n	NOT-A-WRITER	na	NONE	OK	
dispatch/driver-optimizer.service.ts	WIRED	n	na	na (writes nothing)	na	n	NOT-A-WRITER	na	NONE	OK	
dispatch/driver-pwa/tour-close.service.ts	WIRED	n	na	na (writes nothing)	na	n	NOT-A-WRITER	na	PARTIAL	OK	
dispatch/driver-qualification.service.ts	WIRED	n	na	na (writes nothing)	na	n	NOT-A-WRITER	na	FULL	OK	
dispatch/equipment-transfer/dual-confirm.service.ts	WIRED	n	na	CALLER dispatch/equipment-transfer/dual-confirm.service.ts:274 confirmInboundForUser withCurrentUser	RLS	n	NOT-A-DOCUMENT: equipment custody transfer state + equipment_log; inverse is a new transfer (pre-completion: request.service.ts#cancelTransfer)	na	NONE	DEFECT (header)	
dispatch/equipment-transfer/request.service.ts	WIRED	n	na	na (single table)	RLS	n	SELF:cancelTransfer	na	NONE	DEFECT (header)	
dispatch/geofence-auto-delivery.service.ts	WIRED	n	na	na (writes nothing)	na	n	NOT-A-WRITER	na	PARTIAL	OK	
dispatch/geofences/load-geofence-binding.service.ts	WIRED	n	na	na (single table)	RLS	n	NOT-A-DOCUMENT: derived load-stop geofences, idempotent rebind	na (also run by the E-25 sync cron; rebind idempotent on coordinates)	PARTIAL	OK	
dispatch/google-reference-miles.service.ts	WIRED	n	na	na (single table)	RLS (expiry UPDATE :193 has no company predicate but runs under cron/google-reference-miles-expiry-cron.ts:15 withLuciaBypass as an intentional global 30-day TTL purge; not a cross-company defect)	n	NOT-A-DOCUMENT: reference-only Google distance cache	y (structurally missed: daily expiry cron; upsert ON CONFLICT (load_id,leg_index); expiry idempotent)	PARTIAL	OK	scheduled flag wrong
dispatch/lane-mileage.service.ts	WIRED	n	na	na (writes nothing)	na	n	NOT-A-WRITER	na	PARTIAL	OK	
dispatch/late-arrivals.service.ts	WIRED	n	na	na (writes nothing)	na	n	NOT-A-WRITER	na	NONE	OK	
dispatch/layovers/detection.service.ts	WIRED	n	na	na (single table)	RLS (caller jobs/layover-detector-worker.ts:27 withLuciaBypass; INSERT carries company)	n	NOT-A-DOCUMENT: derived layover detections	y (structurally missed: jobs/layover-detector-worker.ts:82 setInterval; natural-key check (driver,previous_load) :142 + advisory lock)	PARTIAL	OK	scheduled flag wrong
dispatch/load-billing-lifecycle.service.ts	WIRED	n	na	na (single table)	RLS	n	NOT-A-DOCUMENT: load status derived from invoice/settlement state, re-synced by syncLoadStatusToBillingInClientTx	na	FULL	OK	
dispatch/load-distribution.service.ts	WIRED	n	na	WRAPPED (:19 withCurrentUser)	RLS	n	NOT-A-DOCUMENT: generated load-instructions PDF + file links + dispatched stamp	na	NONE	DEFECT (header)	
dispatch/load-history.service.ts	WIRED	n	na	na (writes nothing)	na	n	NOT-A-WRITER	na	PARTIAL	OK	
dispatch/load-id-reservation.service.ts	WIRED	n	na	CALLER dispatch/book-load.service.ts:1537 (createLoadWithFullSideEffects under bookLoad withCurrentUser)	RLS	n	SELF:cancelLoadIdReservation (+expireStaleLoadIdReservations); trace counters NOT-A-DOCUMENT	na	NONE	DEFECT (header)	
dispatch/load-profitability.service.ts	WIRED	n	na	na (writes nothing)	na	n	NOT-A-WRITER	na	NONE	OK	
dispatch/load-status-signal/tri-signal.service.ts	WIRED	n	na	na (writes nothing)	na	n	NOT-A-WRITER	na	PARTIAL	OK	
dispatch/load-transition.service.ts	WIRED	n	na	na (single table)	RLS	n	SELF:transitionDispatchLoadInClientTx (reverse moves are allowed edges of the same graph, audited); hint cancellation-reversal unrelated	na	FULL	OK	
dispatch/loads/multi-stop/extra-rate.service.ts	WIRED	n	na	na (single table)	RLS	n	SELF:softDelete	na	NONE	DEFECT (header)	
dispatch/mileage/mileage.service.ts	WIRED	n	na	na (single table)	RLS	n	NOT-A-DOCUMENT: point-to-point mileage cache (ON CONFLICT DO NOTHING)	na	PARTIAL	OK	
dispatch/ocr-processor.service.ts	WIRED	n	na	na (single table)	OK (bypass, 0 unscoped; queue UPDATEs carry id + company)	y	NOT-A-DOCUMENT: OCR intake queue processing state	na (per-item setTimeout, not a cron)	NONE	DEFECT (header)	
dispatch/owner-lock-override-propagation.service.ts	WIRED	n	na	na (single table)	RLS	n	NOT-A-DOCUMENT: derived miles re-rate after an owner override (re-derived from stops)	na	PARTIAL	OK	
dispatch/pdf-generator.service.ts	WIRED	n	na	na (writes nothing)	na	n	NOT-A-WRITER	na	NONE	OK	
dispatch/planner.service.ts	WIRED	n	na	WRAPPED (reschedulePlannerLoad :321 withCurrentUser)	RLS (1 unscoped under RLS)	n	NOT-A-DOCUMENT: schedule times; reschedule again is the inverse	na	NONE	DEFECT (header)	
dispatch/presettlement-link.service.ts	WIRED	n	na	CALLER dispatch/presettlement-link.routes.ts:83 withCompanyScope (also book-load under withCurrentUser)	RLS (5 unscoped id-scoped, under RLS)	n	driver-finance/void-document-callees.service.ts#reverseSettlementForVoid (settlement shell) + SELF reject (suggestion 'rejected' :363) + dispatch/cancellation.service.ts:404 clears load presettlement_link_id	na	PARTIAL	OK	
dispatch/quick-assign.service.ts	WIRED	n	na	WRAPPED (:54 / :439 withCurrentUser)	RLS	n	NOT-A-DOCUMENT: assignment + history log	na	NONE	DEFECT (header)	
dispatch/ratecon-extract.service.ts	WIRED	n	na	na (writes nothing)	na	n	NOT-A-WRITER	na	PARTIAL	OK	
dispatch/stop-stamp.service.ts	WIRED	n	na	CALLER dispatch/truck-line/stop-stamp.routes.ts:65 withCompanyScope (and driver-pwa/dispatch-view.routes.ts:335 withCurrentUser)	RLS	n	NOT-A-DOCUMENT: arrival/departure evidence stamps (corrected via update-load stops edit)	na	PARTIAL	OK	
dispatch/trailer-interchange.service.ts	WIRED	n	na	CALLER dispatch/trailer-interchange.routes.ts:196 withCompanyScope	RLS (4 unscoped are id-scoped after a company-scoped FOR UPDATE select)	n	SELF:voidTrailerInterchange	na	PARTIAL	OK	
dispatch/trip-pairing-board.service.ts	WIRED	n	na	na (writes nothing)	na	n	NOT-A-WRITER	na	PARTIAL	OK	
dispatch/update-load.service.ts	WIRED	n	na	CALLER dispatch/loads.routes.ts:1829 withCompanyScope	RLS	n	SELF:updateDispatchLoad (an edit is undone by an inverse edit; charge lines deactivated not deleted :854; audited)	na	PARTIAL	OK	
dispatch/validation/pre-dispatch-validator.service.ts	WIRED	n	na	na (writes nothing)	na	n	NOT-A-WRITER	na	NONE	OK	
dispatcher-board/role-views/dispatcher.service.ts	WIRED	n	na	na (writes nothing)	na	n	NOT-A-WRITER	na	NONE	OK	
documents/attachments.service.ts	WIRED	n	na	WRAPPED withCurrentUser (structural na; each fn opens its own tx)	RLS (unscoped UPDATEs :204/:218 by attachment id)	n	SELF:softDeleteAttachment	na	NONE	DEFECT (header)	reassignDraftAttachments runs on caller client
documents/chain-of-custody.service.ts	WIRED	n	na	na (writes nothing)	na	n	NOT-A-WRITER	na	NONE	OK	
driver-finance/abandonment.service.ts	WIRED	n	na	CALLER mdata/load-abandonment.routes.ts:48 (withCompanyScope)	RLS	n	driver-finance/abandonment.routes.ts#POST /abandonment-chargebacks/:id/reverse (status-only)	na	PARTIAL	DEFECT (reverse route flips status='reversed' only - an APPLIED chargeback keeps its settlement_lines row + escrow forfeit + load status 'abandoned', abandonment.routes.ts:202)	reverse route checks only status<>'reversed'; never voids settlement_line_id line or escrow forfeit; settlement-level void is the only undo of the line
driver-finance/auto-pay.cron.ts	WIRED	n	na	na (writes nothing)	na	y	NOT-A-WRITER	na	NONE	OK	
driver-finance/batch-settlements.service.ts	WIRED	n	na	na (writes nothing)	na	n	NOT-A-WRITER	na	PARTIAL	OK	
driver-finance/cash-advance-owner-approval.service.ts	WIRED	n	na	WRAPPED (own BEGIN on luciaPool :437/:609)	OK (id-scoped: every UPDATE WHERE id + operating_company_id; token lookup = unique hashed token)	y	cash-advances/cash-advance-create.ts#reverseDriverAdvanceInClientTx (advance) + settlement-deduction-void.service.ts#voidSettlementDeduction (deduction)	na	NONE	DEFECT (advance reverse cash-advance-create.ts:689 / cash-advances.routes.ts:578 never voids the cash_advance_repayment deduction minted at :506 - reversed advance still withheld from next settlement; +header)	bypass = SET LOCAL lucia for public token flow; opco set_config after lock
driver-finance/cash-advance-requests.service.ts	WIRED	n	na	CALLER driver-finance/cash-advance-requests.routes.ts:372 (withCurrentUser)	RLS (expireStaleCashAdvanceRequests :979 runs under withLuciaBypass from cron - intentional all-company status sweep)	n	cash-advances/cash-advance-create.ts#reverseDriverAdvanceInClientTx + voidSettlementDeduction; requests: SELF:cancelMyCashAdvanceRequest/denyCashAdvanceRequest	idempotent (expiry sweep WHERE status IN pending/under_review) - scheduled flag wrong, cron/cash-advance-request-expiry-cron.ts:13	NONE	DEFECT (same gap: advance reverse cash-advance-create.ts:689 leaves the repayment deduction from :869 active; +header)	only rule comments near top, no file header
driver-finance/deductions.service.ts	WIRED	n	na	CALLER cash-advance-owner-approval.service.ts:506 (inside BEGIN)	RLS	n	driver-finance/settlement-deduction-void.service.ts#voidSettlementDeduction	na	PARTIAL	OK	single INSERT + materialize on caller client
driver-finance/detention-pay-posting.service.ts	WIRED	n	na	CALLER driver-finance/detention-pay-posting.routes.ts:37 (caller-owned tx)	RLS	n	NONE for the line itself (only whole-settlement void-document-callees.service.ts#reverseSettlementForVoid); detention_event void does not reverse it	na	FULL	DEFECT (no reverser for a detention_pay settlement line - file self-declares reversal-on-void slice 3 not built, detention-pay-posting.service.ts:28/:37)	money line reaches pay-run JE (slice 2); only escape is voiding entire settlement
driver-finance/driver-payment-methods.service.ts	WIRED	n	na	WRAPPED (withCurrentUser per fn)	RLS	n	SELF:voidDriverPaymentMethod	na	PARTIAL (comment block after imports)	CLEARED (header present after imports; master data with SELF void)	structural header check only looks at line 1
driver-finance/driver-reimbursement.service.ts	TEST-ONLY+script-only	n	na	WRAPPED but split: payDriverReimbursementImmediately commits paid (:170) then JE (:257) then JE stamp (:275) in separate txns	RLS	n	accounting/void.service.ts voidDocument family driver_reimbursement (void-document-stamp.service.ts:126)	na	PARTIAL	OK	unwired (test + scripts/seed-settlements-codex.ts only); two-phase by design, dormant
driver-finance/edit-settlement-deduction.service.ts	WIRED	n	na	CALLER driver-finance/deductions.routes.ts:265 (withCompany->withCurrentUser)	RLS	n	SELF is void+recreate; replacement undone by settlement-deduction-void.service.ts#voidSettlementDeduction	na	FULL	OK	unscoped :170 UPDATE keyed settlement_id + source_reference_id (parent ids)
driver-finance/escrow-deduction-pending.service.ts	WIRED	n	na	WRAPPED approve/reject (withCurrentUser :377/:485); emit/reminders CALLER dispatch/load-transition.service.ts:130	OK (id-scoped: 4 UPDATEs WHERE id=$1 from opco-scoped select; expire UPDATE has opco; bypass only reads owner emails :61)	y	SELF:rejectPendingDeduction (pending); approved deduction -> settlement-deduction-void.service.ts#voidSettlementDeduction	na	PARTIAL	CLEARED (bypass is read-only owner-email lookup; writes run under RLS client and are id/opco scoped)	
driver-finance/escrow-forfeit.service.ts	WIRED	n	na	CALLER escrow-forfeit.routes.ts:147 -> forfeitDriverEscrow wraps withCurrentUser :268; abandonment.service.ts:424 on caller tx	RLS	n	NONE	na	PARTIAL	DEFECT (no reverser for an escrow forfeiture: escrow_balances/escrow_ledger/driver_liabilities decrement have no undo engine, escrow-forfeit.service.ts:98)	only the JE could be reversed (not an answer); void-document.service.ts 'liability' case returns null reversal
driver-finance/escrow-resolver.service.ts	WIRED	n	na	na (writes nothing)	na	n	NOT-A-WRITER	na	PARTIAL	OK	
driver-finance/escrow-separation.service.ts	WIRED	n	na	WRAPPED (withCurrentUser :117/:283)	RLS	n	NONE	na	PARTIAL	DEFECT (no reverser for separation release: escrow_balances/escrow_ledger release + separation status, escrow-separation.service.ts:275)	no engine touches driver_escrow_separations besides this file
driver-finance/escrow-target.service.ts	WIRED	n	na	na (writes nothing)	na	n	NOT-A-WRITER	na	NONE	OK	
driver-finance/feed-gate/feed-gate.service.ts	WIRED	n	na	CALLER accounting/invoice-send.service.ts (OnClient fns); wrappers use withCurrentUser :153/:169	RLS	n	NOT-A-DOCUMENT: feed-gate intake/check WORM log	na	PARTIAL	OK	
driver-finance/historical-driver-bill-backfill.service.ts	WIRED	n	na	CALLER driver-finance/historical-feed-day.service.ts:143 (routes withCurrentUser :180)	RLS	n	dispatch/cancellation.service.ts (void-on-load-cancel :313); driver-finance/void-open-driver-bill.service.ts#correctOpenDriverBillMileage	na	FULL	OK	
driver-finance/historical-escrow-backfill.service.ts	WIRED	n	na	CALLER driver-finance/historical-feed-day.service.ts:198 (historical-feed-day.routes.ts:180 withCurrentUser)	RLS	n	NONE	na	PARTIAL (stale: says NO CALLER but it is wired)	DEFECT (no reverser: escrow_ledger hold rows carry no settlement_id so settlement-payrun unwind never touches them, historical-escrow-backfill.service.ts:151)	header claims unwired - wrong since historical-feed-day imports it
driver-finance/historical-feed-day.service.ts	WIRED	n	na	na (writes nothing)	na	n	NOT-A-WRITER	na	FULL	OK	
driver-finance/inbox-reporting.service.ts	WIRED	n	na	na (writes nothing)	na	n	NOT-A-WRITER	na	PARTIAL	OK	
driver-finance/negative-settlement-liability.service.ts	WIRED	n	na	CALLER driver-finance/settlements.routes.ts:1318 (finalize tx)	RLS	n	governance/void-cancel-executors.ts#executeDriverLiability	na	PARTIAL (comment block after first import)	CLEARED (header present after import; liability voidable via governance executor)	idempotent by origin+origin_id
driver-finance/payment-methods-catalog.service.ts	WIRED	n	na	WRAPPED (withCurrentUser per fn)	RLS	n	SELF:voidPaymentMethod	na	PARTIAL (comment block after imports)	CLEARED (header present after imports; SELF void)	catalog master data
driver-finance/retype-settlement-deduction.service.ts	ORPHAN+script-only	n	na	CALLER scripts/apply-setl-ded-gl.ts:60 (withCurrentUser :55)	RLS	n	SELF is void+replace; replacement -> settlement-deduction-void.service.ts#voidSettlementDeduction	na	FULL	CLEARED (orphan-writer flag: deliberate one-shot ops correction tool used by scripts/apply-setl-ded-gl.ts)	unscoped :123 keyed settlement_id+source_reference_id
driver-finance/settlement-ap-chain.service.ts	WIRED	n	na	CALLER driver-finance/settlement-payrun-close.service.ts:1211 (closeSettlementPayRun single tx)	RLS	n	driver-finance/void-document-callees.service.ts#reverseSettlementForVoid -> settlement-bill-payment-posting.service.ts#reverseSettlementBillPaymentInClientTx	na	PARTIAL	OK	unscoped :249 UPDATE gl_runs WHERE id=runId (id-scoped); payrun-reverse delegates chain settlements to voidDocument
driver-finance/settlement-continuation.service.ts	WIRED	n	na	CALLER dispatch/presettlement-link.service.ts:516 <- presettlement-link.routes.ts:83 (withCompanyScope)	RLS	n	SELF is a reopen (reverser); re-close = settlement-payrun-close.service.ts#closeSettlementPayRun	na	NONE	DEFECT (header)	JSDoc on fn only, no file header
driver-finance/settlement-contract-terms.service.ts	WIRED	n	na	CALLER driver-finance/weekly-close.routes.ts:169 (withCompany->withCurrentUser)	RLS	n	void-document-callees.service.ts#reverseSettlementForVoid (voids lines only)	na	FULL	DEFECT (settlement void voids lines but never clears mdata.drivers.referral_reward_paid_at (:389), driver_reimbursements status='settled' (:706) or fine->deduction links (:552/:628) - re-settle silently skips them)	idempotency stamps survive the reverse
driver-finance/settlement-creator.service.ts	WIRED	n	na	CALLER driver-finance/settlement-creator.routes.ts:226 (withCurrentUser)	RLS	n	SELF:voidPriorCreatorSettlementForEdit; void-document-callees.service.ts#reverseSettlementForVoid	na	PARTIAL	OK	unscoped :147 load_stops by load_id, :1384 deduction by id - parent/id scoped
driver-finance/settlement-deduction-cap.service.ts	WIRED	n	na	CALLER weekly-close.routes.ts:196 in withCurrentUser (withCompany:51)	RLS	n	void-document-callees.service.ts#reverseSettlementForVoid (lines) + settlement-deduction-void.service.ts#voidSettlementDeduction (deduction)	na	PARTIAL	OK	304 UPDATE deductions WHERE id from company-scoped select; also called by settlements-load-bookended:652, feed/ensure-settlement-from-fed-bills:269
driver-finance/settlement-deduction-void.service.ts	WIRED	n	na	CALLER deductions.routes.ts:496 in withCurrentUser (helper :82); also void-document.service.ts:220	RLS	n	NOT-A-DOCUMENT: is itself the deduction void engine (terminal, owner-ruled no un-void)	na	FULL	OK	R4 corrected na->CALLER (UPDATE+audit); 3 UPDATEs WHERE id after company-scoped SELECT FOR UPDATE
driver-finance/settlement-dispute.service.ts	WIRED	n	na	WRAPPED (withCurrentUser per fn)	RLS	n	SELF:withdrawDispute (open dispute); resolution settlement_line undone by void-document-callees.service.ts#reverseSettlementForVoid	na	NONE	DEFECT (header)	UPDATEs WHERE id=$1 at 500/602/656 under RLS; file starts with imports, no header
driver-finance/settlement-disputes-p6.service.ts	WIRED	n	na	WRAPPED (withCurrentUser per fn)	OK (bypass at :561 is read-only driver email lookup, company-scoped)	y	SELF:withdrawSettlementDisputeP6; resolution line via void-document-callees.service.ts#reverseSettlementForVoid	na	PARTIAL	OK	all writes under withCurrentUser; bypass never writes
driver-finance/settlement-document.service.ts	WIRED	n	na	CALLER settlement-render.routes.ts:29 in withCompanyScope	RLS	n	NOT-A-DOCUMENT: outbox html_requested event + audit (render request)	na	NONE	DEFECT (header)	R4 na->CALLER (outbox+audit)
driver-finance/settlement-historical-attribution.service.ts	WIRED	n	na	CALLER (none in prod: appendHistoricalSettlementAttributionsInClientTx only called from __tests__)	RLS	n	NONE (is_void/supersedes_id read by guards at :290 but no engine writes them)	na	NONE	DEFECT (no reverser for historical_settlement_attributions, settlement-historical-attribution.service.ts:298; writer has no prod caller; +header)	file is WIRED only for its assert*/read helpers
driver-finance/settlement-line-categorize.service.ts	WIRED	n	na	CALLER settlement-payrun-close.service.ts:586 in execute() run via scoped()/withCurrentUser (:1365) or caller tx	RLS	n	NOT-A-DOCUMENT: fills NULL category/item/account on existing lines; line void via governance/void-cancel-executors.ts#executeSettlementLine	na	PARTIAL	OK	R4 na->CALLER; UPDATEs id+company scoped
driver-finance/settlement-lines-materialize.service.ts	WIRED	n	na	CALLER deductions.service.ts:263 <- deductions.routes.ts:205 in withCurrentUser	RLS	n	void-document-callees.service.ts#reverseSettlementForVoid -> reverseSettlementBillPaymentInClientTx (restores deductions, verified :1103); single line governance/void-cancel-executors.ts#executeSettlementLine	na	PARTIAL	OK	unscoped UPDATEs keyed by id / settlement_id of a company-verified settlement
driver-finance/settlement-load-reassignment.service.ts	WIRED	n	na	CALLER settlement-creator.service.ts:946 <- settlement-creator.routes.ts:231 in withCurrentUser	RLS	n	createBareSettlementForDocument -> void-document-callees.service.ts#reverseSettlementForVoid; reassign is SELF:reassignLoadToSettlementInClientTx (move back)	na	PARTIAL	OK	:260 UPDATE loads WHERE id after company-scoped FOR UPDATE; note reassignLoadToSettlementInClientTx has no prod caller (tests only)
driver-finance/settlement-pay-line.service.ts	WIRED	n	na	CALLER settlements.routes.ts:1258 in withCurrentUser (:138)	RLS	n	governance/void-cancel-executors.ts#executeSettlementLine (single line void); settlement-level reverseSettlementForVoid	na	PARTIAL	OK	R4 na->CALLER (insert+recompute+audit)
driver-finance/settlement-payment.service.ts	WIRED	n	na	WRAPPED (withCurrentUser per fn)	OK (bypass :143 read-only owner-email lookup, company-scoped)	y	SELF:reopenManualPaid / markBounced (payment-state transitions)	y (auto-pay.cron.ts:69 Fri 06:00; CAS on payment_state + events ON CONFLICT :135)	NONE	DEFECT (header)	really scheduled via queuePayment; UPDATEs carry id+company+CAS
driver-finance/settlement-payrun-claim.service.ts	WIRED	n	na	CALLER settlement-payrun-close.service.ts:987 in execute() under scoped()/withCurrentUser or caller tx	RLS	n	settlement-payrun-reverse.service.ts#reverseSettlementPayRunInClientTx (marks run void)	na	NONE	DEFECT (header)	idempotency anchor ON CONFLICT; only one-line fn JSDoc
driver-finance/settlement-payrun-close.service.ts	WIRED	n	na	WRAPPED (scoped()->withCurrentUser at :1365, or caller-supplied tx)	RLS	n	settlement-payrun-reverse.service.ts#reverseSettlementPayRun/reverseSettlementPayRunInClientTx	na	PARTIAL	CLEARED (header exists at :3-35 after line-1 import; self-wrapped, not CALLER)	header lacks reversal pointer
driver-finance/settlement-payrun-recovery.service.ts	WIRED	n	na	na (writes nothing)	na	n	NOT-A-WRITER	na	NONE	OK	
driver-finance/settlement-payrun-reverse.service.ts	WIRED	n	na	WRAPPED (reverseSettlementPayRun withCurrentUser :66); InClientTx variant for callers	RLS	n	NOT-A-DOCUMENT: is itself the reverser of closeSettlementPayRun; repost via claimSettlementPayRunInClientTx	na	FULL	CLEARED (full header at :2-29 after line-1 import)	writes/scope/inverse documented
driver-finance/settlement-pdf-renderer.service.ts	WIRED	n	na	na (writes nothing)	na	n	NOT-A-WRITER	na	NONE	OK	
driver-finance/settlement-source-document-ref.service.ts	WIRED	n	na	CALLER settlement-load-reassignment.service.ts:106 <- settlement-creator.routes.ts:231 withCurrentUser	RLS	n	NOT-A-DOCUMENT: metadata tag on existing settlement, re-settable via SELF:setSettlementSourceDocumentRef	na	PARTIAL	OK	UPDATE id+company scoped; R4 na->CALLER (update+audit)
driver-finance/settlements-load-bookended.service.ts	WIRED	n	na	CALLER driver/loads.routes.ts:724 (pingSettlementOnLoadEvent) in withCurrentUser :614	RLS	n	void-document-callees.service.ts#reverseSettlementForVoid; settlement-creator.service.ts#voidPriorCreatorSettlementForEdit	na	NONE	DEFECT (header)	UPDATEs WHERE id=$1 (362/551/917) under RLS on settlement ids already company-resolved
driver-finance/settlements.service.ts	WIRED	n	na	na (writes nothing)	na	n	NOT-A-WRITER	na	NONE	OK	
driver-finance/void-document-callees.service.ts	WIRED	n	na	CALLER settlements.routes.ts:1541 in withCompany (withCurrentUser); also void-document.service.ts:210	RLS	n	NOT-A-DOCUMENT: is itself the settlement/deduction void callee	na	FULL	OK	:129 UPDATE WHERE id after company-scoped FOR UPDATE
driver-finance/void-open-driver-bill.service.ts	ORPHAN+script-only	n	na	CALLER scripts/ops/cursor-2026-09-07-13541-driver-pay-correction.mts:166 inside BEGIN :92	RLS	n	SELF:correctOpenDriverBillMileage (void+replace; re-run voids replacement); load-cancel void dispatch/cancellation.service.ts	na	FULL	CLEARED (orphan-writer: deliberate script-only ops correction tool, fail-closed)	135/141 UPDATE WHERE id of rows selected by company+load
driver-manager/role-views/dm-home.service.ts	WIRED	n	na	na (writes nothing)	na	n	NOT-A-WRITER	na	PARTIAL	OK	
driver-profile/driver-profile-tabs.service.ts	WIRED	n	na	na (writes nothing)	na	n	NOT-A-WRITER	na	PARTIAL	OK	
drivers/communications.service.ts	WIRED	n	na	na (writes nothing)	na	n	NOT-A-WRITER	na	NONE	OK	
drivers/document-alerts.cron.ts	WIRED	n	na	na (writes nothing)	na	y	NOT-A-WRITER	na	NONE	OK	
drivers/document-alerts.service.ts	WIRED	n	na	CALLER drivers/document-alerts.cron.ts:18 (withLuciaBypass)	RLS	n	NOT-A-DOCUMENT: alert rules/events (SELF:acknowledgeDocumentAlertEvent)	y (ON CONFLICT :428)	NONE	DEFECT (header)	
drivers/messages.service.ts	WIRED	n	na	na	RLS	n	NOT-A-DOCUMENT: driver messages	na	NONE	DEFECT (header)	
drivers/retention/scorer.service.ts	WIRED	n	na	na	RLS	n	NOT-A-DOCUMENT: derived retention score upsert	na	NONE	DEFECT (header)	
email/queue.service.ts	WIRED	n	na	na (single table)	OK (bypass, insert only)	y	NOT-A-DOCUMENT: outbound email queue	na	NONE	DEFECT (header)	
expense-attribution/attribute.service.ts	WIRED	n	na	na (writes nothing)	na	n	NOT-A-WRITER	na	NONE	OK	
factoring/auto-submit-on-delivery.service.ts	WIRED	n	na	WRAPPED withCompanyScope :83	RLS	n	NOT-A-DOCUMENT (dead path): returns before any write at :81 (FACTORING_PURCHASE_IS_OWNER_ONLY=true :78)	na	PARTIAL	OK	if re-enabled: a submitted advance with no purchase has no live void (factoring-advances.routes.ts:1241 retired branch)
factoring/bank-match.service.ts	WIRED	n	na	CALLER banking/obligation-reconcile.routes.ts:540 inside withCompanyScope + BEGIN (:523-524)	RLS	n	NONE: applyMatch stamps suggestion applied_at :247 and bank_transactions.reconciled_obligation_* :261; no unmatch anywhere clears reconciled_obligation_* for factoring_batch	na	NONE	DEFECT (no unmatch for factoring_batch reconcile, bank-match.service.ts:261; +header)	:261 also overwrites without reconciled_obligation_id IS NULL guard; suggestion DELETE :117 tenant-scoped (cache)
factoring/batch.service.ts	WIRED	n	na	CALLER factoring/batch.routes.ts:69 withCompanyScope (createDraftBatch live; submit retired :82; fundBatch zero callers)	RLS	n	NONE: factoring.batch INSERT :205 has no cancel/void/delete anywhere; any batch row permanently excludes its invoices from future batches (:131-136, :438)	na	NONE	DEFECT (draft batch irreversible and strands invoices, batch.service.ts:205/:134; +header)	
factoring/factor.service.ts	WIRED	n	na	CALLER factoring/factor.routes.ts:381 withCompanyScope	RLS	n	SELF:deactivateFactor (factor); SELF:assignCustomerToFactor end-dates prior (:714); letter_of_release INSERT :627 has NONE	na	NONE	DEFECT (letter_of_release has no void/correct, factor.service.ts:627; +header)	LOR is a legal release document gating deactivateFactor (:566)
factoring/factoring-kpi.service.ts	WIRED	n	na	na (writes nothing)	na	n	NOT-A-WRITER	na	FULL	OK	
factoring/packet-assemble.service.ts	WIRED	n	na	WRAPPED withCurrentUser :125/:313; cron withLuciaBypass :398	OK: loads UPDATE :275 has company; invoice INSERT company from load :248	y	accounting/invoices.routes.ts POST /accounting/invoices/:id/void (:1101) for the invoice; notes stamp is state	idempotent: meta.generated_at early-return :158 + ON CONFLICT (source_load_id) partial :249	PARTIAL	OK	
factoring/purchase-candidates.service.ts	WIRED	n	na	CALLER factoring/purchase.routes.ts:157 withCompanyScope	RLS	n	SELF:undoInvoiceDirectPay (:285) for markInvoiceDirectPay; feed_intake_checks = gate log; purchase -> purchase.service.ts#voidPurchase	na	FULL	OK	
factoring/purchase-send.service.ts	WIRED	n	na	WRAPPED withCompanyScope :51 (structural na corrected)	RLS	n	NOT-A-DOCUMENT: docs-override approval stamp + email; purchase itself reversed by purchase.service.ts#voidPurchase	na	PARTIAL	OK	
factoring/purchase.service.ts	WIRED	n	na	CALLER factoring/purchase.routes.ts:252 withCompanyScope	RLS (7 unscoped UPDATEs are WHERE id of rows already company-locked, e.g. :268 :326 :330 :427)	n	SELF:voidPurchase (:290) reverses funding JE, voids advance, unlinks invoices, voids header+lines	na	PARTIAL	OK	
factoring/repurchase-due.service.ts	WIRED	n	na	CALLER cron/factoring-default-interest-accrual.cron.ts:47 inside withLuciaBypass	RLS (caller bypass; every write company-scoped)	n	NOT-A-DOCUMENT: owner decision-queue alert, never a JE; state resolved by SELF:decideRepurchaseDue	IDEMPOTENT: ON CONFLICT (purchase_line_id) DO NOTHING; re-ask UPDATE gated on state='extended'	PARTIAL	OK	Cron-run via factoring-default-interest-accrual.cron; no money writes
factoring/reserve-by-customer.service.ts	WIRED	n	na	na (writes nothing)	na	n	NOT-A-WRITER	na	PARTIAL	OK	
factoring/reserve.service.ts	WIRED	n	na	CALLER factoring/batch.service.ts:386 (fundBatch; no route) / faro-csv-import.ts:591 (commit retired)	RLS	n	NONE (reserve_movement append-only, no reversal) but writer is dead: fundBatch unrouted, Faro CSV commit retired faro-csv-import.routes.ts:53	na	NONE	DEFECT (header)	No live writer path; R7 gap moot while LEGACY_FACTORING_WRITERS_RETIRED=true; reads repointed to KPI engine
factoring/submission-queue.service.ts	WIRED	n	na	na (writes nothing)	na	n	NOT-A-WRITER	na	NONE	OK	
feed/document-expense-ingestion.service.ts	WIRED	n	na	na (single table)	RLS (caller feed/seed-settlement-document.routes.ts:177 withCurrentUser)	n	governance/void-cancel-executors.ts#executeExpense	na	PARTIAL	OK	
feed/ensure-settlement-from-fed-bills.service.ts	ORPHAN+script-only	n	na	WRAPPED (closeFedSettlementIfRequested :321/:341 withCurrentUser; ensureSettlementFromFedBills runs in the script's client tx)	RLS (2 unscoped driver_bills UPDATEs id-scoped to bills found company-scoped :77)	n	driver-finance/void-document-callees.service.ts#reverseSettlementForVoid / governance/void-cancel-executors.ts#executeDriverSettlement	na	FULL	CLEARED (orphan-writer: invoked by scripts/feed/feed-settlement-day.mts and scripts/feed/mint-aug-settlements-from-fed-bills.mts; intended feed tool, not dead)	
feed/feed-day-preflight.service.ts	WIRED	n	na	na (writes nothing)	na	n	NOT-A-WRITER	na	FULL	OK	
feed/seed-settlement-document.service.ts	WIRED	n	na	CALLER feed/seed-settlement-document.routes.ts:113 withCurrentUser	OK (id-scoped: UPDATE mdata.loads :636 and driver_bills :986 WHERE id = just-created/just-found row, inside withCurrentUser (RLS); bypass only for the fuel-expense bridge :1203)	y	governance/void-cancel-executors.ts#executeInvoice/#executeExpense/#executeFuelTransaction/#executeDriverSettlement + dispatch/cancellation.service.ts#cancelLoadInClientTx for loads (factoring-poster hint unrelated)	na	FULL	CLEARED (bypass+unscoped false positive)	
finance/amortization/amortization.service.ts	WIRED	n	na	CALLER finance/amortization/routes.ts:32 inside withCompanyScope	RLS	n	NONE: no void/cancel/delete for finance.loans + schedule (reverseLoanPayments only undoes payments)	na	PARTIAL	DEFECT (loan document created by createLoanWithSchedule has no reverser, amortization.service.ts:52)	Mistyped loan cannot be voided; no GL from this file
finance/calculator/calculator.service.ts	WIRED	n	na	na (writes nothing)	na	n	NOT-A-WRITER	na	PARTIAL	OK	
finance/loan-wizard/preview.service.ts	WIRED	n	na	na (writes nothing)	na	n	NOT-A-WRITER	na	PARTIAL	OK	
finance/scenarios/scenarios.service.ts	WIRED	n	na	CALLER finance/scenarios/routes.ts:48 inside withCompanyScope	RLS (unscoped UPDATEs :252/:266 are id-scoped; ids pre-validated by company at :240/:247)	n	SELF:activateScenario (supersede); planning artifact, NOT-A-DOCUMENT money	na	PARTIAL	OK	Versioned draft/active/superseded
fleet/roster-integrity.cron.ts	WIRED	n	na	na (writes nothing)	na	n	NOT-A-WRITER	na	NONE	OK	
fleet/roster-integrity.service.ts	WIRED	n	na	WRAPPED	OK (0 unscoped)	y	NOT-A-DOCUMENT: roster findings (void route :283)	y (ON CONFLICT :190)	PARTIAL	OK	
fuel/fuel-card-assignments.service.ts	WIRED	n	na	na (single-statement writes)	RLS	n	SELF:voidFuelCardAssignment (also endFuelCardAssignment)	na	PARTIAL	OK	Operational registry; void-never-delete
fuel/fuel-card-overage-contract.service.ts	WIRED	n	na	na (writes nothing)	na	n	NOT-A-WRITER	na	PARTIAL	OK	
fuel/fuel-card-overage-posting.service.ts	WIRED	n	na	CALLER fuel/fuel-card-overage.service.ts:459 inside withLuciaBypass (:332), FOR UPDATE lock	RLS (caller bypass; writes id+company scoped)	n	NONE: no engine voids a fuel_card_overage_event or reverses its receivable JE (voided_at column has no writer)	na	PARTIAL	DEFECT (no reverser for posted overage receivable/event, fuel-card-overage-posting.service.ts:107)	Posts Dr fuel_overage_receivable via createJournalEntryOnClient; nothing undoes the event
fuel/fuel-card-overage.service.ts	WIRED	n	na	WRAPPED withLuciaBypass :154/:332/:541	OK (0 unscoped; all writes id+operating_company_id)	y	NONE: no void/cancel writer for fuel.fuel_card_overage_events anywhere (routes read voided_at IS NULL only)	IDEMPOTENT: existing-event check on (company,fuel_transaction_id,voided_at IS NULL) :170 + uq_fuel_card_overage_events_active_txn; reached via relay-fuel-ingest cron flush	PARTIAL	DEFECT (no void path for overage events, fuel-card-overage.service.ts:232)	scheduled-not-idempotent flag CLEARED; same root as overage-posting row
fuel/fuel-expense-document.service.ts	WIRED	n	na	CALLER accounting/fuel-posting/maybe-post-from-fuel-transaction.service.ts:352 inside withLuciaBypass (:347)	RLS	n	accounting/void.service.ts#postVoidReversal (expense void route; doc posting_status='posted')	na	FULL	OK	Adopts existing fuel JE; idempotent on source_fuel_transaction_id AND voided_at IS NULL
fuel/fuel-fraud-recovery.service.ts	WIRED	n	na	CALLER integrations/fuel/fraud-detector/routes.ts:257 inside withCurrentUser (:226)	RLS	n	NONE: recovery is a fuel_card_overage_event; no void exists though refusal text at :75 tells user to void it	na	PARTIAL	DEFECT (opens overage recovery event with no void path; message at fuel-fraud-recovery.service.ts:75 references nonexistent void)	fraud_alerts status flip is workflow state; real gap is the overage event
fuel/fuel-geofence-recommendation.engine.ts	WIRED	n	na	na (writes nothing)	na	n	NOT-A-WRITER	na	PARTIAL	OK	
fuel/fuel-gps-verdict.service.ts	WIRED	n	na	na (writes nothing)	na	n	NOT-A-WRITER	na	PARTIAL	OK	
fuel/fuel-integrity-verdicts.service.ts	WIRED	n	na	na (writes nothing)	na	n	NOT-A-WRITER	na	PARTIAL	OK	
fuel/fuel-time-derivation.service.ts	WIRED	n	na	CALLER fuel/fuel-ingest-hooks.ts:38 inside withLuciaBypass	RLS	n	NOT-A-DOCUMENT: derived side-table, never touches source fields	IDEMPOTENT: ON CONFLICT (fuel_transaction_id) DO UPDATE; actually run via loves-card-import cron hook	PARTIAL	OK	scheduled column said n; it is cron-reached but upsert-safe
home/factoring-balance-invoice-linkage.service.ts	WIRED	n	na	na (writes nothing)	na	n	NOT-A-WRITER	na	PARTIAL	OK	
home/revenue-gl-linkage.service.ts	WIRED	n	na	na (writes nothing)	na	n	NOT-A-WRITER	na	FULL	OK	
home/scenario-certify.cron.ts	WIRED	n	na	na (writes nothing)	na	y	NOT-A-WRITER	na	PARTIAL	OK	
home/scenario-certify.service.ts	WIRED	n	na	na (writes nothing)	na	n	NOT-A-WRITER	na	PARTIAL	OK	
home/scenario-probe.service.ts	WIRED	n	na	na (writes nothing)	na	n	NOT-A-WRITER	na	NONE	OK	
home/scenario-tracker.service.ts	WIRED	n	na	na (writes nothing)	na	n	NOT-A-WRITER	na	PARTIAL	OK	
identity/notification-prefs.service.ts	WIRED	n	na	na (writes nothing)	na	n	NOT-A-WRITER	na	NONE	OK	
identity/user-preferences.service.ts	WIRED	n	na	na	RLS	n	NOT-A-DOCUMENT: preferences	na	NONE	DEFECT (header)	
insurance/coi-pdf-renderer.service.ts	TEST-ONLY	n	na	na (writes nothing)	na	n	NOT-A-WRITER	na	NONE	DEFECT (non-writer TEST-ONLY: no production importer — delete or wire)	
insurance/coi.service.ts	WIRED	n	na	na (single table; caller passes client)	RLS	n	NOT-A-DOCUMENT: COI request workflow, SELF:updateCoiRequest	na	NONE	DEFECT (header)	
insurance/coverage-gap.service.ts	WIRED	n	na	na (writes nothing)	na	n	NOT-A-WRITER	na	NONE	OK	
insurance/dispersal.service.ts	WIRED	n	na	na (writes nothing)	na	n	NOT-A-WRITER	na	NONE	OK	
insurance/late-fee.service.ts	WIRED	n	na	na (single table; withLuciaBypass per row :19)	OK (id-scoped): :41 WHERE ps.id = candidate.id; candidates from tenant-scoped select :76	y	NONE: nothing clears late_fee_cents / status 'late_fee_applied' (only writer is :41; payment-schedule PATCH only sets 'paid')	y (status NOT IN ('paid','late_fee_applied') guard :37; cron :103)	NONE	DEFECT (R7: no waive/reverse for an applied late fee, late-fee.service.ts:41) + header	scheduled-not-idempotent flag CLEARED
insurance/payment-reminder.service.ts	WIRED	n	na	na	OK (:90 id + tenant_id)	y	NOT-A-DOCUMENT: reminder status	y (status = 'scheduled' guard :95)	NONE	DEFECT (header)	scheduled-not-idempotent flag CLEARED
insurance/policy-bill-schedule.service.ts	WIRED	n	na	CALLER policy.routes.ts (same txn as policy insert, per header)	RLS	n	bills via accounting/bills.service.ts#voidBill; private compensator voidCommittedBills :113 only on create failure; schedule rows stopped by insurance/policy-cancel.service.ts	na	FULL	OK	
insurance/policy-cancel.service.ts	TEST-ONLY	n	na	WRAPPED phases (withCompanyScope :133/:230; refund JE :195 between, retry-safe via existingRefundJeId)	RLS	n	NOT-A-DOCUMENT: is itself the undo of policy create (cancel + unearned-premium refund JE)	na	PARTIAL	OK	TEST-ONLY reach
insurance/policy-create-atomic.service.ts	WIRED	n	na	WRAPPED withCurrentUser :284	RLS	n	insurance/policy.routes.ts:481 DELETE soft-cancels the policy; its bills via accounting/bills.service.ts#voidBill one by one	na	PARTIAL	OK	note: policy cancel does not cascade-void the bills / bank_transactions this writer created
insurance/policy-unit-fleet.service.ts	WIRED	n	na	na (writes nothing)	na	n	NOT-A-WRITER	na	NONE	OK	
insurance/refund-obligation.service.ts	WIRED	n	na	na (single table)	RLS	n	NOT-A-DOCUMENT: deferred-post queue, drained by SELF:postPendingRefundObligations	na	PARTIAL	OK	
integrations/edi/setup.service.ts	WIRED	n	na	na	RLS	n	MASTER-DATA: no deactivate/delete path for integrations.edi_partners anywhere (gap; not a money doc)	na	PARTIAL	OK	caller integrations/edi/edi.routes.ts:52
integrations/fmcsa/fmcsa-customer-verify-chain.service.ts	WIRED	n	na	na	RLS	n	NOT-A-DOCUMENT: outbox event (INSERT ON CONFLICT dedupe_key DO NOTHING)	na	NONE	DEFECT (header)	
integrations/fmcsa/safer.service.ts	WIRED	n	na	WRAPPED (withCurrentUser :101/:146)	RLS	n	NOT-A-DOCUMENT: FMCSA lookup cache + customer verification stamp	na	NONE	DEFECT (header)	
integrations/fuel/fraud-detector/alerter.service.ts	WIRED	n	na	na (writes nothing)	na	n	NOT-A-WRITER	na	PARTIAL	OK	
integrations/fuel/fraud-detector/rules.service.ts	WIRED	n	na	na	RLS	n	NOT-A-DOCUMENT: fraud alert; status moved by fraud-detector/routes.ts investigate/dismiss + fuel-fraud-recovery.service.ts	flag n but actually run by jobs/fuel-fraud-detector-worker.ts:114 (withLuciaBypass :148); idempotent ON CONFLICT (company,txn,rule) DO NOTHING	PARTIAL	OK	
integrations/plaid/daily-refresh.cron.ts	WIRED	n	na	na (writes nothing)	na	n	NOT-A-WRITER	na	NONE	OK	
integrations/plaid/plaid.service.ts	WIRED	n	na	WRAPPED	OK (id-scoped: :69/:359/:540/:926 by bank_accounts.id or bank_transactions.id; :806/:848 by Plaid-global plaid_transaction_id; :957/:1013 by plaid_item_id)	y	NOT-A-DOCUMENT: bank-feed mirror + account link (feed rows voided via governance/void-cancel-executors.ts#executeBankTransaction)	na	NONE	DEFECT (header)	
integrations/qbo/forensic-audit.service.ts	WIRED	n	na	na	OK (bypass, insert-only, 0 unscoped)	y	NOT-A-DOCUMENT: audit log	na	NONE	DEFECT (header)	
integrations/qbo/forensic-import.service.ts	WIRED	n	na	WRAPPED	OK (id-scoped: all 14 are UPDATE qbo_archive.import_batches WHERE id=$1 batch id, mostly under withCurrentUser)	y	NOT-A-DOCUMENT: QBO archive snapshot	na	NONE	DEFECT (header)	
integrations/qbo/forensic-report.service.ts	WIRED	n	na	na (writes nothing)	na	y	NOT-A-WRITER	na	NONE	OK	
integrations/qbo/mirror-integrity.service.ts	WIRED	n	na	na (writes nothing)	na	n	NOT-A-WRITER	na	NONE	OK	
integrations/qbo/qbo-cdc.service.ts	WIRED	n	na	na	OK (bypass, insert-only)	y	NOT-A-DOCUMENT: inbound event ledger	idempotent: natural-key checks duplicateInboundLedger + alreadyArchivedSameMeta before INSERT (:199-213) - scheduled-not-idempotent flag wrong	NONE	DEFECT (header)	QBO HTTP fetch runs inside the withLuciaBypass txn (holds a pooled connection during network I/O)
integrations/qbo/qbo-oauth.service.ts	WIRED	n	na	na	OK (id-scoped: :465 WHERE id AND operating_company_id; :521 WHERE id; :609 revoke WHERE id under withCurrentUser)	y	SELF:revokeConnection	na	NONE	DEFECT (header)	
integrations/qbo/qbo-reconcile-read.service.ts	WIRED	n	na	na (writes nothing)	na	n	NOT-A-WRITER	na	PARTIAL	OK	
integrations/qbo/qbo-sync.service.ts	WIRED	n	na	WRAPPED	OK (id-scoped: transfers :219/:233 WHERE id AND operating_company_id; queue updates by q.id)	y	NOT-A-DOCUMENT: sync queue + qbo_id stamps	idempotent: ON CONFLICT on active queue row (:305) + status claim	NONE	DEFECT (header)	
integrations/qbo/qbo-vendor-linkage.service.ts	WIRED	n	na	WRAPPED	RLS	n	SELF:unlinkVendor/unlinkClass (links); drivers/units it creates are master data	na	NONE	DEFECT (header)	
integrations/qbo/reconciliation-report.service.ts	WIRED	n	na	na	RLS (caller daily-sync-job.ts:20 withLuciaBypass; insert-only)	n	NOT-A-DOCUMENT: drift alert	flag n but actually SCHEDULED: integrations/samsara/daily-sync-job.ts:19-32 (setTimeout 120s after every boot + daily ~4am CT, per instance). NOT idempotent: plain INSERT (:10), each boot/instance appends a duplicate alert set	NONE	DEFECT (header; R8 reconciliation-report.service.ts:10 duplicate alerts per boot/instance)	low severity (alerts only)
integrations/qbo/sync-inbound.worker.ts	WIRED	n	na	WRAPPED (single withLuciaBypass txn)	OK (id-scoped: all UPDATE qbo_inbound_events WHERE id=$1 from the pending select)	y	NOT-A-DOCUMENT: QBO archive mirror	idempotent: status state machine received->fetched	NONE	DEFECT (header)	per-row try/catch inside one txn with no SAVEPOINT: a SQL error poisons the txn and the whole batch rolls back (retry-safe, no double write)
integrations/qbo/sync-outbound.worker.ts	WIRED	n	na	na (writes nothing)	na	n	NOT-A-WRITER	na	NONE	OK	
integrations/relay-payments/relay-deposit-classifier.service.ts	WIRED	n	na	na	RLS	n	NOT-A-DOCUMENT: Relay deposit mirror (ON CONFLICT upsert; review via relay-deposit-review.routes.ts)	na	PARTIAL	OK	
integrations/relay-payments/relay-deposit-stage1-transfer.service.ts	ORPHAN	n	na	na	RLS	n	banking/transfers.service.ts#revokeTransfer	na	FULL	DEFECT (orphan: materialiseRelayDepositAsTransfer has zero non-test callers in src; writer never runs)	only referenced by scripts/verify-relay-stage1-no-new-gl-math.mjs
integrations/relay-payments/relay-fuel-driver-rematch.service.ts	WIRED	n	na	CALLER relay-fuel-driver-rematch.routes.ts:30 inside withLuciaBypass	RLS (de facto bypass from route: :85 WHERE id=$2 id-scoped; :97 company-scoped)	n	NOT-A-DOCUMENT: match enrichment	na	PARTIAL	OK	route is Owner/Admin role-gated with optional company (cross-company rematch)
integrations/relay-payments/relay-fuel-ingest.cron.ts	WIRED	n	na	na	OK (id-scoped: :85 UPDATE sync_log WHERE id=claimed log id)	y	NOT-A-DOCUMENT: sync log	idempotent: pg_advisory_xact_lock + 30-min claim check (:46-54); data upserts ON CONFLICT in relay-fuel-ingest.service	PARTIAL	CLEARED	
integrations/relay-payments/relay-fuel-ingest.service.ts	WIRED	n	na	CALLER relay-fuel-ingest.cron.ts:198 (inside withLuciaBypass :283); relay-fuel-csv-import.routes.ts:176	RLS (:242 by parent relay_fuel_transaction_id)	n	governance/void-cancel-executors.ts#executeRelayFuelTransaction/executeRelayFuelTransactionLine	idempotent ON CONFLICT (company,transaction_id) and (txn,line_index)	FULL	OK	
integrations/relay-payments/relay-fuel-load-rematch.service.ts	WIRED	n	na	na	RLS (de facto bypass via relay-fuel-load-rematch.routes.ts:30; :83 WHERE id=$2 id-scoped)	n	NOT-A-DOCUMENT: match enrichment	na	PARTIAL	OK	
integrations/relay-payments/relay-wallet-balance-control.service.ts	WIRED	n	na	na (writes nothing)	na	n	NOT-A-WRITER	na	PARTIAL	OK	
integrations/relay-payments/relay-wallet-bank-feed.service.ts	WIRED	n	na	na	RLS (:356/:618 WHERE id selected under company)	n	NOT-A-DOCUMENT: bank-feed mirror (ON CONFLICT dedup_hash; void via governance executeBankTransaction)	na	PARTIAL	OK	
integrations/samsara/active-driver-set/query.service.ts	WIRED	n	na	na (writes nothing)	na	n	NOT-A-WRITER	na	PARTIAL	OK	
integrations/samsara/active-driver-set/recompute.service.ts	WIRED	n	na	na	RLS	n	NOT-A-DOCUMENT: cache	na	PARTIAL	OK	
integrations/samsara/active-hos-driver-roster.service.ts	WIRED	n	na	na (writes nothing)	na	n	NOT-A-WRITER	na	NONE	OK	
integrations/samsara/auto-status-switch/detector.service.ts	WIRED	n	na	CALLER jobs/auto-status-switch-worker.ts:61 inside withLuciaBypass (:41); routes.ts:57 withCurrentUser	RLS (:531 WHERE uuid of just-inserted event)	n	NOT-A-DOCUMENT: operational load status (state-machine validated CAS) + event log	flag n but worker-run; idempotent: IDEMPOTENCY_WINDOW check (:320) + CAS on status (:456)	PARTIAL	OK	
integrations/samsara/border-crossings/customs-time.service.ts	WIRED	n	na	na (writes nothing)	na	n	NOT-A-WRITER	na	PARTIAL	OK	
integrations/samsara/border-crossings/detector.service.ts	WIRED	n	na	na	RLS	n	NOT-A-DOCUMENT: telematics projection (existence check :94)	na	PARTIAL	OK	
integrations/samsara/cap-12-tire-tread/measurement.service.ts	WIRED	n	na	na	RLS	n	NOT-A-DOCUMENT: telemetry measurement	na	PARTIAL	OK	
integrations/samsara/cap-12-tire-tread/projection.service.ts	WIRED	n	na	na	RLS	n	NOT-A-DOCUMENT: computed projection upsert	na	PARTIAL	OK	
integrations/samsara/cap-14-cargo-sensors/incident.service.ts	WIRED	n	na	CALLER jobs/cap-14-cargo-sensor-worker.ts:34 (withLuciaBypass :26); fileCargoIncidentClaim via cap-14-cargo-sensors/routes.ts:100 withCompany	RLS	n	SELF:resolveCargoIncident (incident); safety.incidents claim -> governance/void-cancel-executors.ts#executeSafetyIncident	worker-run; idempotent ON CONFLICT on open incident (:100)	NONE	DEFECT (header)	
integrations/samsara/cap-14-cargo-sensors/ingester.service.ts	WIRED	n	na	na	OK (bypass, insert-only ON CONFLICT)	y	NOT-A-DOCUMENT: telemetry	na	PARTIAL	OK	
integrations/samsara/cap-14-cargo-sensors/threshold.service.ts	WIRED	n	na	na (writes nothing)	na	n	NOT-A-WRITER	na	PARTIAL	OK	
integrations/samsara/config-bootstrap.service.ts	ORPHAN	n	na	na	RLS	n	NOT-A-DOCUMENT: config (ON CONFLICT DO NOTHING; disabled via samsara.service.ts#disableSamsaraConfig)	na	NONE	DEFECT (header; orphan: bootstrapSamsaraConfigFromPlainToken has no caller)	
integrations/samsara/documents/samsara-documents.service.ts	WIRED	n	na	CALLER cron/samsara-documents.cron.ts:36 inside withLuciaBypass (:29)	RLS	n	NOT-A-DOCUMENT: POD photo mirror (file links removable via docs delete)	idempotent: r2_key existence check (:68) + ON CONFLICT on file_links	PARTIAL	OK	
integrations/samsara/driver-import.service.ts	WIRED	n	na	na	RLS	n	NOT-A-DOCUMENT: Samsara mirror	flag n but SCHEDULED via daily-sync-job.ts:25; idempotent ON CONFLICT	NONE	DEFECT (header)	
integrations/samsara/driver-mapping/resolver.service.ts	WIRED	n	na	na (writes nothing)	na	n	NOT-A-WRITER	na	PARTIAL	OK	
integrations/samsara/engine-faults/fault-handler.service.ts	WIRED	n	na	na	RLS (:195/:229/:270 WHERE uuid of just-inserted event)	n	NOT-A-DOCUMENT: event	na	NONE	DEFECT (header)	
integrations/samsara/fault-code-processor.service.ts	WIRED	n	na	CALLER integrations/samsara/fault-poll.cron.ts:92 (withLuciaBypass :122); webhook-projectors/vehicle-projector.ts:261	RLS (:398 WHERE id)	n	work_orders -> governance/void-cancel-executors.ts#executeWorkOrder; fault history NOT-A-DOCUMENT	idempotent: raw_event_id+fault_code existence check (:198-211) + recentDup guard before auto-WO - flag wrong	NONE	DEFECT (header)	
integrations/samsara/fault-poll.cron.ts	WIRED	n	na	na (writes nothing)	na	y	NOT-A-WRITER	na	PARTIAL	OK	
integrations/samsara/fuel-purchase-push.cron.ts	WIRED	n	na	na (writes nothing)	na	y	NOT-A-WRITER	na	PARTIAL	OK	
integrations/samsara/fuel-purchase-push.service.ts	WIRED	n	na	na	RLS	n	NOT-A-DOCUMENT: sync log	idempotent: loadLedger ever_pushed set skips already-pushed (:142-158)	PARTIAL	CLEARED	
integrations/samsara/geofences/address-import.service.ts	WIRED	n	na	WRAPPED (importSamsaraAddresses opens withLuciaBypass :205; tsv CALLER)	OK (bypass, 0 unscoped; :171 WHERE id AND company)	y	NOT-A-DOCUMENT: Samsara address mirror + master data (geofences deactivatable)	na	NONE	DEFECT (header)	importSamsaraAddresses has no caller in src
integrations/samsara/geofences/arrival-prompt.service.ts	TEST-ONLY	n	na	na (writes nothing)	na	n	NOT-A-WRITER	na	PARTIAL	DEFECT (non-writer TEST-ONLY: no production importer — delete or wire)	
integrations/samsara/geofences/fence-push.service.ts	WIRED	n	na	CALLER geofence-address-link.routes.ts:79 inside withCurrentUser	RLS (:61 WHERE id AND samsara_address_id IS NULL)	n	NOT-A-DOCUMENT: external link stamp	na	PARTIAL	OK	
integrations/samsara/geofences/geofence-address-link.service.ts	WIRED	n	na	WRAPPED	OK (bypass, 0 unscoped)	y	NOT-A-DOCUMENT: link stamp	na	PARTIAL	OK	
integrations/samsara/geofences/geofence-odometer-capture.service.ts	WIRED	n	na	na	RLS	n	NOT-A-DOCUMENT: telemetry	idempotent ON CONFLICT (geofence_event_id) + NOT EXISTS	NONE	DEFECT (header)	
integrations/samsara/geofences/real-driven-miles.service.ts	WIRED	n	na	na	RLS	n	NOT-A-DOCUMENT: derived segments	idempotent ON CONFLICT (company,load,unit,kind,started_at)	NONE	DEFECT (header)	
integrations/samsara/geofences/reconciliation.service.ts	WIRED	n	na	na	OK (only unscoped UPDATE is resolveIntegrityFinding :295 WHERE uuid=$1 with zero callers - latent; inserts ON CONFLICT DO NOTHING)	y	NOT-A-DOCUMENT: integrity finding	flag n; run by jobs/geofence-reconciliation-daily.ts:33, insert ON CONFLICT DO NOTHING	PARTIAL	CLEARED	
integrations/samsara/geofences/state-machine/transitions.service.ts	WIRED	n	na	na (writes nothing)	na	n	NOT-A-WRITER	na	NONE	OK	
integrations/samsara/hos-driver-map-preview.service.ts	WIRED	n	na	na (writes nothing)	na	n	NOT-A-WRITER	na	PARTIAL	OK	
integrations/samsara/ingestion-tenants.service.ts	WIRED	n	na	na (writes nothing)	na	n	NOT-A-WRITER	na	NONE	OK	
integrations/samsara/messaging/driver-message-delivery.service.ts	WIRED	n	na	na	OK (bypass, insert-only)	y	NOT-A-DOCUMENT: delivery log	idempotent: prior sent check per message_id (:44-50)	PARTIAL	CLEARED	
integrations/samsara/messaging/driver-message-inbound.service.ts	WIRED	n	na	CALLER cron/samsara-driver-replies.cron.ts:36 inside withLuciaBypass	RLS	n	NOT-A-DOCUMENT: chat thread	idempotent (existing-thread lookup + ON CONFLICT participants)	PARTIAL	OK	
integrations/samsara/messaging/driver-prompts.cron.ts	WIRED	n	na	na (writes nothing)	na	y	NOT-A-WRITER	na	PARTIAL	OK	
integrations/samsara/messaging/driver-prompts.service.ts	WIRED	n	na	na (writes nothing)	na	n	NOT-A-WRITER	na	PARTIAL	OK	
integrations/samsara/positions/live-position.service.ts	WIRED	n	na	na (writes nothing)	na	n	NOT-A-WRITER	na	PARTIAL	OK	
integrations/samsara/projection.service.ts	TEST-ONLY	n	na	na (writes nothing)	na	n	NOT-A-WRITER	na	NONE	DEFECT (non-writer TEST-ONLY: no production importer — delete or wire)	
integrations/samsara/routes-integration.service.ts	WIRED	n	na	CALLER integrations/samsara/routes-push.cron.ts:31 inside withLuciaBypass; webhook-projection.service.ts:157	RLS	n	NOT-A-DOCUMENT: route push stamp + stop progress	idempotent ON CONFLICT (load,stop) + IS DISTINCT FROM	NONE	DEFECT (header)	
integrations/samsara/routes-push.cron.ts	WIRED	n	na	na (writes nothing)	na	y	NOT-A-WRITER	na	PARTIAL	OK	
integrations/samsara/samsara-driver-login.service.ts	WIRED	n	na	na	RLS	n	NOT-A-DOCUMENT: telemetry stamp on driver	na	NONE	DEFECT (header)	
integrations/samsara/samsara-hire-date.service.ts	WIRED	n	na	na	RLS	n	NOT-A-DOCUMENT: estimated hire-date field fill	na	PARTIAL	OK	
integrations/samsara/samsara-hos-clocks-pull.service.ts	WIRED	n	na	na	RLS	n	NOT-A-DOCUMENT: HOS snapshot	na	PARTIAL	OK	
integrations/samsara/samsara-hos-pull.service.ts	WIRED	n	na	na	RLS	n	NOT-A-DOCUMENT: ELD duty-status mirror	idempotent ON CONFLICT natural key	PARTIAL	OK	
integrations/samsara/samsara-master-sync.service.ts	WIRED	n	na	CALLER cron/samsara-master-sync.cron.ts:128 (withLuciaBypass, SAVEPOINT per sync)	RLS structurally; de facto bypass: :150/:207/:318 WHERE id after code check row.oc !== operatingCompanyId -> OK (id-scoped)	n	NOT-A-DOCUMENT: master-data fill-empty link	idempotent (takeSyncLock + COALESCE fill-empty)	NONE	DEFECT (header)	
integrations/samsara/samsara-positions.service.ts	WIRED	n	na	CALLER cron/samsara-positions-cron.ts:133 (runScoped = withLuciaBypass :80)	RLS	n	NOT-A-DOCUMENT: telemetry/assignments	idempotent ON CONFLICT	NONE	DEFECT (header)	
integrations/samsara/samsara-stats-probe.service.ts	WIRED	n	na	na (writes nothing)	na	n	NOT-A-WRITER	na	PARTIAL	OK	
integrations/samsara/samsara.service.ts	WIRED	n	na	na	RLS	n	SELF:disableSamsaraConfig	idempotent ON CONFLICT (operating_company_id)	NONE	DEFECT (header)	
integrations/samsara/vehicle-driver-pairing/pairing.service.ts	WIRED	n	na	CALLER jobs/vehicle-driver-pairing-worker.ts:62 inside withLuciaBypass	RLS (:311/:700 id+company; :338 intentionally closes other entities' open row by unit_id per FLEET-CROSS-ENTITY-STALE-ASSIGNMENT)	n	NOT-A-DOCUMENT: assignments; SELF:applyManualOverride corrects	flag n but worker-run; ON CONFLICT DO NOTHING	PARTIAL	OK	
integrations/samsara/vehicle-import.service.ts	WIRED	n	na	CALLER integrations/samsara/daily-sync-job.ts:24 inside withLuciaBypass	RLS	n	NOT-A-DOCUMENT: Samsara mirror	flag n but SCHEDULED via daily-sync-job; idempotent ON CONFLICT	NONE	DEFECT (header)	
integrations/samsara/webhook-projection.service.ts	WIRED	n	na	na	RLS	n	NOT-A-DOCUMENT: projection state	idempotent ON CONFLICT (webhook_event_id)	NONE	DEFECT (header)	
integrity/anomaly-detector.service.ts	WIRED	n	na	na (single INSERT...WHERE NOT EXISTS per anomaly)	RLS	n	NOT-A-DOCUMENT: integrity findings	na (dedup via WHERE NOT EXISTS on tenant+subject+type+status=new)	NONE	DEFECT (header)	
integrity/driver-metrics.service.ts	WIRED	n	na	na (writes nothing)	na	n	NOT-A-WRITER	na	NONE	OK	
invoices/invoice-line-revenue-resolution.service.ts	WIRED	n	na	na (writes nothing)	na	n	NOT-A-WRITER	na	NONE	OK	
leases/lease-bill-engine.service.ts	WIRED	n	na	na (writes catalogs.classes only; bills via createBill)	OK (bypass only for company list :253; 0 unscoped)	y	NOT-A-DOCUMENT: catalog class rows; bills via accounting/bills.service.ts#voidBill	y (per-key exists check :188 + ON CONFLICT :93)	PARTIAL	OK	
leases/lease-bill.cron.ts	WIRED	n	na	na (writes nothing)	na	n	NOT-A-WRITER	na	NONE	OK	
leases/lease-buyout.service.ts	WIRED	n	na	WRAPPED withCurrentUser :113	RLS	n	NONE: buyout (unit/equipment ownership flip :193/:198, lease ended :204, fixed asset :233) has no reverser; only the purchase bill via voidBill	na	PARTIAL	RULED (Lead ROUND 301: QBO keeps lease / fixed-asset documents non-voidable — ended, terminated or disposed through their own engines; reviewer flag kept in note)	reviewer: DEFECT (R7: lease-to-own buyout cannot be undone, lease-buyout.service.ts:193-:233)
leases/lease-engine.service.ts	WIRED	n	na	CALLER leases/lease.routes.ts:134 (withCurrentUser :130)	RLS	n	NONE: SELF:closeLease (:241) ends a lease but is not a void; lease_contract.voided_at never set; signLease unit/equipment leased-to flip (:225/:232) has no unsign	na	PARTIAL	RULED (Lead ROUND 301: QBO keeps lease / fixed-asset documents non-voidable — ended, terminated or disposed through their own engines; reviewer flag kept in note)	reviewer: DEFECT (R7: no void for a mis-entered or mis-signed contract, lease-engine.service.ts:139/:194)
leases/lessee-posting.service.ts	WIRED	n	na	CALLER lease-engine.service.ts:211 (signLease txn) / lease-bill-engine.service.ts:172 (withCurrentUser)	RLS	n	NONE: commencement JE + schedule (:147/:157) and accretion JE (:240) have no reverser	na	PARTIAL	RULED (Lead ROUND 301: QBO keeps lease / fixed-asset documents non-voidable — ended, terminated or disposed through their own engines; reviewer flag kept in note)	reviewer: DEFECT (R7: ASC 842 lessee postings have no undo, lessee-posting.service.ts:147/:240)
legal/attorney-review.service.ts	WIRED	n	na	CALLER in-file withValidAttorneyReviewToken :78 withLuciaBypass wraps every portal action	OK (id-scoped: 3 unscoped UPDATE contract_attorney_review_tokens WHERE id=tokenRow.id :189/:266/:342; template UPDATEs carry company)	y	legal/templates.service.ts#retireTemplate (activated template) / createNewVersion	na	NONE	DEFECT (header)	bypass+unscoped CLEARED
legal/contract-linkage.service.ts	WIRED	n	na	na (single table)	RLS	n	NOT-A-DOCUMENT: derived FK + link rows	na	PARTIAL	OK	
legal/contract-type-templates.service.ts	WIRED	n	na	na (single table)	RLS	n	legal/templates.service.ts#retireTemplate	na	PARTIAL	OK	
legal/contracts.service.ts	WIRED	n	na	CALLER legal/contracts.routes.ts:268 withCurrentUser (public signing: in-file withValidToken :503 withLuciaBypass)	OK (bypass, 0 unscoped)	y	governance/void-cancel-executors.ts#executeLegalContractInstance; signatures/attachments are evidence (append-only)	na	NONE	DEFECT (header)	
legal/draft-preview.service.ts	WIRED	n	na	na (writes nothing)	na	n	NOT-A-WRITER	na	PARTIAL	OK	
legal/lease-to-own.service.ts	WIRED	n	na	na (single table)	RLS	n	legal/templates.service.ts#retireTemplate	na	PARTIAL	OK	
legal/legal-deadline-alerts.service.ts	WIRED	n	na	na (writes nothing)	na	n	NOT-A-WRITER	na	PARTIAL	OK	
legal/legal-linkage-backfill.service.ts	WIRED	n	na	CALLER legal/contracts.routes.ts:154 withCurrentUser	RLS	n	NOT-A-DOCUMENT: unlinked-reason annotations on contracts/matters	na	PARTIAL	OK	
legal/legal-money.service.ts	WIRED	n	na	WRAPPED (withCurrentUser :168/:240/:310/:343/:399)	RLS	n	accounting/bills.service.ts#voidBill / governance/void-cancel-executors.ts#executeBill, #executeInvoice (money posts only through the bill/invoice engines)	na	FULL	OK	
legal/matters-reminder.cron.ts	WIRED	n	na	na (writes nothing)	na	y	NOT-A-WRITER	na	NONE	OK	
legal/matters.service.ts	WIRED	n	na	CALLER legal/matters.routes.ts:217 withCompanyScope (cron: legal/matters-reminder.cron.ts withLuciaBypass)	RLS (1 unscoped appendDeadlineReminderSent WHERE id=$1 :1161, id-scoped, runs under cron bypass)	n	SELF:closeMatter / completeMatterDeadline	y (natural-key guard: listDeadlinesNeedingReminder :1146 excludes deadlines already reminded today)	NONE	DEFECT (header)	scheduled-not-idempotent CLEARED
legal/pdf-renderer.service.ts	WIRED	n	na	na (writes nothing)	na	n	NOT-A-WRITER	na	NONE	OK	
legal/signed-finance-handoff.service.ts	WIRED	n	na	na (single table)	RLS (runs under contracts.service.ts:503 withLuciaBypass; UPDATE :128 carries company on both sides)	n	NOT-A-DOCUMENT: lease-to-contract pointer stamp	na	PARTIAL	OK	
legal/signed-links.service.ts	WIRED	n	na	CALLER legal/contracts.service.ts:891 inside completePublicSigning (withValidToken :503 withLuciaBypass)	RLS	n	NOT-A-DOCUMENT: derived links / driver-doc reflections of the signed instance	na	PARTIAL	OK	
legal/template-library-provision.service.ts	WIRED	n	na	na (writes nothing)	na	y	NOT-A-WRITER	na	PARTIAL	OK	
legal/template-library.service.ts	WIRED	n	na	na (single table)	RLS	n	legal/templates.service.ts#retireTemplate	na	PARTIAL	OK	
legal/templates.service.ts	WIRED	n	na	CALLER legal/templates.routes.ts:157 withCurrentUser	RLS	n	SELF:retireTemplate (+createNewVersion)	na	NONE	DEFECT (header)	
legal/truck-lease.service.ts	WIRED	n	na	na (single table)	RLS	n	legal/templates.service.ts#retireTemplate	na	PARTIAL	OK	
maint/wo-ap-posting.service.ts	WIRED	n	na	CALLER maint/wo-ap-posting.service.ts:432 withLuciaBypass (bill itself created earlier in processMaintenanceWorkOrderClose's own tx: two-tx split, re-run supersedes the allocation)	OK (parent-id scoped: bill_lines UPDATE WHERE bill_id=$1 :369/:381, bill_id from this company's WO close; bills UPDATE :340 company-scoped)	y	accounting/bills.service.ts#voidBill / governance/void-cancel-executors.ts#executeBill	na	NONE	DEFECT (header)	bypass+unscoped CLEARED
maintenance/damage-event-attribution.service.ts	WIRED	n	na	na (writes nothing)	na	n	NOT-A-WRITER	na	PARTIAL	OK	
maintenance/driver-damage-scorecard.service.ts	WIRED	n	na	na (writes nothing)	na	n	NOT-A-WRITER	na	PARTIAL	OK	
maintenance/driver-integrity-profile.service.ts	WIRED	n	na	na (writes nothing)	na	n	NOT-A-WRITER	na	PARTIAL	OK	
maintenance/fuel-driver-scorecard.service.ts	WIRED	n	na	na (writes nothing)	na	n	NOT-A-WRITER	na	PARTIAL	OK	
maintenance/fuel-integrity.service.ts	WIRED	n	na	na (writes nothing)	na	n	NOT-A-WRITER	na	PARTIAL	OK	
maintenance/integrity-findings-attribution.service.ts	WIRED	n	na	na (writes nothing)	na	n	NOT-A-WRITER	na	PARTIAL	OK	
maintenance/pm-auto-engine.cron.ts	WIRED	n	na	na (writes nothing)	na	n	NOT-A-WRITER	na	NONE	OK	
maintenance/pm-auto-engine.service.ts	WIRED	n	na	WRAPPED (runPmAutoEngineCronTick :536 withLuciaBypass)	OK (id-scoped: unscoped UPDATE pm_schedule_runs WHERE id=runId :294/:500/:518)	y	NOT-A-DOCUMENT: run logs/settings/schedule advance; auto WOs (flag PM_AUTO_ENGINE_CREATE_WORK_ORDERS, default OFF) void via governance/void-cancel-executors.ts#executeWorkOrder	y (skipped_open_wo natural-key check; settings ON CONFLICT)	NONE	DEFECT (header)	bypass+unscoped CLEARED
maintenance/pm-cost-per-mile.service.ts	WIRED	n	na	na (writes nothing)	na	n	NOT-A-WRITER	na	PARTIAL	OK	
maintenance/pm-due-engine.service.ts	WIRED	n	na	na (writes nothing)	na	n	NOT-A-WRITER	na	PARTIAL	OK	
maintenance/pre-flight/dvir-routing.service.ts	WIRED	n	na	na (single table)	RLS	n	governance/void-cancel-executors.ts#executeWorkOrder	na	NONE	DEFECT (header)	
maintenance/pre-flight/dvir-severity.service.ts	WIRED	n	na	na (single table)	RLS	n	NOT-A-DOCUMENT: defect severity classification tag; SELF:setSeverity supersedes	na	NONE	DEFECT (header)	
maintenance/service-timeline.service.ts	WIRED	n	na	na (writes nothing)	na	n	NOT-A-WRITER	na	PARTIAL	OK	
maintenance/severe-repair-estimate.service.ts	WIRED	n	na	WRAPPED (withCurrentUser :192/:240/:294)	RLS	n	SELF:manualReturnUnitToService (undoes manualMarkUnitOos); estimate refresh NOT-A-DOCUMENT	na	NONE	DEFECT (header)	
maintenance/work-orders.service.ts	WIRED	n	na	na (writes nothing)	na	n	NOT-A-WRITER	na	NONE	OK	
master-data/customers/free-time-detention.service.ts	WIRED	n	na	CALLER free-time-detention.routes.ts:59 (withCurrentUser)	RLS	n	NOT-A-DOCUMENT: customer terms master data with history (SELF:updateTerms re-edit)	na	NONE	DEFECT (header)	
master-data/drivers/operations-depth/accident-history.service.ts	WIRED	n	na	na (writes nothing)	na	n	NOT-A-WRITER	na	NONE	OK	
master-data/drivers/operations-depth/communications-log.service.ts	WIRED	n	na	na (writes nothing)	na	n	NOT-A-WRITER	na	NONE	OK	
master-data/drivers/operations-depth/debt-history.service.ts	WIRED	n	na	na (writes nothing)	na	n	NOT-A-WRITER	na	NONE	OK	
master-data/drivers/operations-depth/documents-vault.service.ts	WIRED	n	na	na (writes nothing)	na	n	NOT-A-WRITER	na	NONE	OK	
master-data/drivers/operations-depth/escrow-history.service.ts	WIRED	n	na	na (writes nothing)	na	n	NOT-A-WRITER	na	NONE	OK	
master-data/drivers/operations-depth/fuel-history.service.ts	WIRED	n	na	na (writes nothing)	na	n	NOT-A-WRITER	na	NONE	OK	
master-data/drivers/operations-depth/maintenance-assignments.service.ts	WIRED	n	na	na (writes nothing)	na	n	NOT-A-WRITER	na	NONE	OK	
master-data/drivers/operations-depth/payroll-history.service.ts	WIRED	n	na	na (writes nothing)	na	n	NOT-A-WRITER	na	NONE	OK	
master-data/drivers/operations-depth/permit-history.service.ts	WIRED	n	na	na (writes nothing)	na	n	NOT-A-WRITER	na	NONE	OK	
master-data/drivers/operations-depth/pwa-engagement.service.ts	WIRED	n	na	na (writes nothing)	na	n	NOT-A-WRITER	na	NONE	OK	
master-data/drivers/operations-depth/safety-events.service.ts	WIRED	n	na	na (writes nothing)	na	n	NOT-A-WRITER	na	NONE	OK	
master-data/drivers/operations-depth/settlement-history.service.ts	WIRED	n	na	na (writes nothing)	na	n	NOT-A-WRITER	na	NONE	OK	
mdata/canonical/canonical-entities.service.ts	WIRED	n	na	na (writes nothing)	na	n	NOT-A-WRITER	na	FULL	OK	
mdata/canonical/customer-profile.service.ts	WIRED	n	na	na (writes nothing)	na	n	NOT-A-WRITER	na	PARTIAL	OK	
mdata/canonical/driver-hub.service.ts	WIRED	n	na	na (writes nothing)	na	n	NOT-A-WRITER	na	PARTIAL	OK	
mdata/canonical/driver-overview.service.ts	WIRED	n	na	na (writes nothing)	na	n	NOT-A-WRITER	na	PARTIAL	OK	
mdata/canonical/driver-profile.service.ts	WIRED	n	na	na (writes nothing)	na	n	NOT-A-WRITER	na	PARTIAL	OK	
mdata/canonical/party-board.service.ts	WIRED	n	na	na (writes nothing)	na	n	NOT-A-WRITER	na	PARTIAL	OK	
mdata/canonical/variant-candidates.service.ts	WIRED	n	na	na (writes nothing)	na	n	NOT-A-WRITER	na	PARTIAL	OK	
mdata/canonical/vendor-profile.service.ts	WIRED	n	na	na (writes nothing)	na	n	NOT-A-WRITER	na	FULL	OK	
mdata/driver-active-30d.service.ts	WIRED	n	na	na	RLS structurally (caller jobs/driver-active-30d-worker.ts:35 under withLuciaBypass :17; both UPDATEs company-scoped by $2)	n	NOT-A-DOCUMENT: status rule (reactivate branch is its inverse)	flag n but worker-run; state-guarded, idempotent	FULL	OK	
mdata/driver-aggregate.service.ts	WIRED	n	na	na (writes nothing)	na	n	NOT-A-WRITER	na	NONE	OK	
mdata/driver-app-access.service.ts	WIRED	n	na	CALLER mdata/drivers.routes.ts:1885 inside withCurrentUser (:1814)	RLS	y	NOT-A-DOCUMENT: access provisioning (revoked by user deactivation)	na	PARTIAL	OK	
mdata/driver-inactivity-preview.service.ts	WIRED	n	na	na (writes nothing)	na	n	NOT-A-WRITER	na	PARTIAL	OK	
mdata/driver-profile-pdf-renderer.service.ts	WIRED	n	na	na (writes nothing)	na	n	NOT-A-WRITER	na	NONE	OK	
mdata/driver-reference-fk.service.ts	WIRED	n	na	na (writes nothing)	na	n	NOT-A-WRITER	na	NONE	OK	
mdata/driver-roster-duplicate.service.ts	WIRED	n	na	na (writes nothing)	na	n	NOT-A-WRITER	na	PARTIAL	OK	
mdata/driver-team.service.ts	WIRED	n	na	WRAPPED	RLS	n	SELF:deactivateTeam; team_settlement_splits is a recompute upsert	na	NONE	DEFECT (header)	
mdata/equipment-aggregate.service.ts	WIRED	n	na	na (writes nothing)	na	n	NOT-A-WRITER	na	NONE	OK	
mdata/equipment-transfer.service.ts	WIRED	n	na	WRAPPED	RLS	n	SELF:rejectTransfer/expireOldTransfers (pending); a confirmed move is undone by a new transfer back (operational)	na	NONE	DEFECT (header)	
mdata/trailer-profile-pdf-renderer.service.ts	WIRED	n	na	na (writes nothing)	na	n	NOT-A-WRITER	na	NONE	OK	
mdata/unit-aggregate.service.ts	WIRED	n	na	na (writes nothing)	na	n	NOT-A-WRITER	na	NONE	OK	
mdata/unit-finance-linkage.service.ts	WIRED	n	na	na (writes nothing)	na	n	NOT-A-WRITER	na	NONE	OK	
mdata/unit-financial.service.ts	WIRED	n	na	na (writes nothing)	na	n	NOT-A-WRITER	na	NONE	OK	
mdata/units-unified-list.service.ts	WIRED	n	na	na (writes nothing)	na	n	NOT-A-WRITER	na	NONE	OK	
mdata/vehicle-profile-pdf-renderer.service.ts	WIRED	n	na	na (writes nothing)	na	n	NOT-A-WRITER	na	NONE	OK	
mdata/vendor-customer-merge.service.ts	WIRED	n	na	na (writes nothing)	na	n	NOT-A-WRITER	na	PARTIAL	OK	
mdata/yard-location.service.ts	WIRED	n	na	na (writes nothing)	na	y	NOT-A-WRITER	na	NONE	OK	
middleware/idempotency-cleanup.cron.ts	WIRED	n	na	na	OK (:19 global TTL purge DELETE WHERE ttl_at<=now() is intentionally cross-tenant, expired keys only)	y	NOT-A-DOCUMENT: TTL purge	idempotent (TTL delete)	NONE	DEFECT (header)	
notifications/email.service.ts	WIRED	n	na	na (writes nothing)	na	y	NOT-A-WRITER	na	NONE	OK	
notifications/notification.service.ts	WIRED	n	na	na (single INSERT; own withLuciaBypass when no client)	OK (0 unscoped; insert carries operating_company_id)	y	NOT-A-DOCUMENT: user notifications	Caller-idempotent: fault-code-processor.service.ts emits only when history.inserted / after WO dedup	NONE	DEFECT (header)	scheduled-not-idempotent CLEARED
notifications/sms-bridge.service.ts	WIRED	n	na	na (writes nothing)	na	n	NOT-A-WRITER	na	NONE	OK	
ocr/ocr.service.ts	WIRED	n	na	na (writes nothing)	na	n	NOT-A-WRITER	na	NONE	OK	
owner/todays-attention/aggregator.service.ts	WIRED	n	na	na (writes nothing)	na	n	NOT-A-WRITER	na	PARTIAL	OK	
payroll/settlement-shadow.service.ts	WIRED	n	na	na (writes nothing)	na	n	NOT-A-WRITER	na	PARTIAL	OK	
program/module-completion-live.service.ts	WIRED	n	na	na (writes nothing)	na	n	NOT-A-WRITER	na	NONE	OK	
program/module-matrix.service.ts	WIRED	n	na	na (writes nothing)	na	n	NOT-A-WRITER	na	PARTIAL	OK	
program/module-matrix.worker.ts	ORPHAN	n	na	na (writes nothing)	na	n	NOT-A-WRITER	na	PARTIAL	DEFECT (non-writer ORPHAN: no production importer — delete or wire)	
program/program-board.service.ts	WIRED	n	na	na (single table)	RLS	n	NOT-A-DOCUMENT: internal program-board notes	na	PARTIAL	OK	
program/program-tracker.service.ts	WIRED	n	na	na (writes nothing)	na	n	NOT-A-WRITER	na	PARTIAL	OK	
qbo/bill-payment-mapper.service.ts	TEST-ONLY	n	na	na (writes nothing)	na	n	NOT-A-WRITER	na	NONE	DEFECT (non-writer TEST-ONLY: no production importer — delete or wire)	
qbo/master-data-sync.cron.ts	WIRED	n	na	na (writes nothing)	na	n	NOT-A-WRITER	na	NONE	OK	
qbo/master-data-sync.service.ts	WIRED	n	na	WRAPPED (:313 withLuciaBypass)	OK (id-scoped: 2 unscoped UPDATE qbo_sync_runs WHERE id=runId :355/:380)	y	NOT-A-DOCUMENT: inbound QBO master-data mirror	y (ON CONFLICT (oc,qbo_id) + CDC cursor)	NONE	DEFECT (header)	bypass+unscoped CLEARED
qbo/push.service.ts	WIRED	n	na	CALLER outbox/handlers/tms-vendor-push.handler.ts:269 (outbox dispatcher ctx.client tx); enqueue via mdata/qbo-master-write.routes.ts:200 withCurrentUser	OK (bypass via set_config :35; 0 unscoped)	y	NOT-A-DOCUMENT: outbox event + mirror sync stamps	na	NONE	DEFECT (header)	
qbo/tms-account-push-chain.service.ts	WIRED	n	na	na (single table)	RLS	n	NOT-A-DOCUMENT: outbox enqueue	na	NONE	DEFECT (header)	
qbo/tms-bill-push-chain.service.ts	WIRED	n	na	na (single table)	RLS	n	NOT-A-DOCUMENT: outbox enqueue	na	NONE	DEFECT (header)	
qbo/tms-customer-push-chain.service.ts	WIRED	n	na	na (single table)	RLS	n	NOT-A-DOCUMENT: outbox enqueue	na	NONE	DEFECT (header)	
qbo/tms-invoice-push-chain.service.ts	WIRED	n	na	na (single table)	RLS	n	NOT-A-DOCUMENT: outbox enqueue	na	NONE	DEFECT (header)	
qbo/tms-item-push-chain.service.ts	WIRED	n	na	na (single table)	RLS	n	NOT-A-DOCUMENT: outbox enqueue	na	NONE	DEFECT (header)	
qbo/tms-vendor-push-chain.service.ts	WIRED	n	na	na (single table)	RLS	n	NOT-A-DOCUMENT: outbox enqueue	na	NONE	DEFECT (header)	
reconciler/reconciler.cron.ts	WIRED	n	na	na (writes nothing)	na	y	NOT-A-WRITER	na	PARTIAL	OK	
reconciliation/alert-routing.service.ts	WIRED	n	na	na (writes nothing)	na	n	NOT-A-WRITER	na	NONE	OK	
reconciliation/ledger-integrity-detectors.service.ts	WIRED	n	na	na (caller runLedgerIntegrityTick(client) :1206 under withLuciaBypass)	RLS (writes _system findings; :136/:179 by id from company-scoped select)	n	NOT-A-DOCUMENT: reconciliation findings	y (natural-key check: open finding by company/type/resource_scope then UPDATE else INSERT :162-:195)	NONE	DEFECT (header)	scheduled-not-idempotent flag CLEARED
reconciliation/reconciliation-worker.service.ts	WIRED	n	na	WRAPPED withLuciaBypass :819	OK (id-scoped): :159 UPDATE findings WHERE id from company-scoped select :138	y	NOT-A-DOCUMENT: reconciliation findings/state	y (natural key + ON CONFLICT state :692/:739)	NONE	DEFECT (header)	bypass+unscoped flag CLEARED
reports/deadhead-refresh.job.ts	WIRED	n	na	na (writes nothing)	na	y	NOT-A-WRITER	na	NONE	OK	
reports/deadhead.service.ts	WIRED	n	na	CALLER reports/deadhead-refresh.job.ts:13 inside withLuciaBypass / deadhead.routes.ts:55	RLS	n	NOT-A-DOCUMENT: report cache	IDEMPOTENT: ON CONFLICT (unit_id, week_starting) DO UPDATE; scheduled via scheduler/jobs.index.ts	NONE	DEFECT (header)	Cache only
reports/form-425c/exhibits/exhibits-builder.service.ts	WIRED	n	na	na (writes nothing)	na	n	NOT-A-WRITER	na	NONE	OK	
reports/ifta/fuel-aggregator.service.ts	WIRED	n	na	na (writes nothing)	na	n	NOT-A-WRITER	na	NONE	OK	
reports/ifta/mileage-aggregator.service.ts	WIRED	n	na	na (writes nothing)	na	n	NOT-A-WRITER	na	NONE	OK	
reports/ifta/quarterly-preparer.service.ts	WIRED	n	na	CALLER reports/ifta/routes.ts:55 inside withCompanyScope	RLS	n	NONE: no amend/void for a filed return; prepareFiling re-prepare destructively overwrites instead	na	NONE	DEFECT (prepareFiling ON CONFLICT DO UPDATE has no status guard: re-preparing a FILED quarter resets status=draft and nulls filed_at/confirmation_number, quarterly-preparer.service.ts:120; +header)	Filed tax return record can be silently wiped by POST /reports/ifta/prepare
reports/lane-profitability-refresh.job.ts	WIRED	n	na	na (writes nothing)	na	y	NOT-A-WRITER	na	NONE	OK	
reports/lane-profitability.service.ts	WIRED	n	na	CALLER reports/lane-profitability-refresh.job.ts:12 inside withLuciaBypass (DELETE+INSERT need caller tx)	RLS	n	NOT-A-DOCUMENT: report cache	IDEMPOTENT: DELETE period then INSERT ON CONFLICT in one tx; scheduled via jobs.index.ts	NONE	DEFECT (header)	R4 structural na should be CALLER; caller is transactional
reports/loads-report.service.ts	WIRED	n	na	na (writes nothing)	na	n	NOT-A-WRITER	na	NONE	OK	
reports/per-truck-cpm/cpm-calculator.service.ts	WIRED	n	na	na (writes nothing)	na	n	NOT-A-WRITER	na	PARTIAL	OK	
reports/scheduled/runner.service.ts	WIRED	n	na	na (writes nothing)	na	y	NOT-A-WRITER	na	NONE	OK	
reports/scheduled/subscription.service.ts	WIRED	n	na	WRAPPED withCurrentUser / withLuciaBypass per function	OK (0 unscoped; all UPDATEs uuid+operating_company_id)	y	SELF:deactivateSubscription (config); delivery_log NOT-A-DOCUMENT	NOT-SCHEDULED itself; runner.service.ts calls markSubscriptionSent (advances next_scheduled_at) + appends one log row per send	NONE	DEFECT (header)	Bypass writes set app.operating_company_id and scope by company
reports/three-mile-cpm.service.ts	WIRED	n	na	na (writes nothing)	na	n	NOT-A-WRITER	na	PARTIAL	OK	
safety-officer/role-views/safety-home.service.ts	WIRED	n	na	na (writes nothing)	na	n	NOT-A-WRITER	na	PARTIAL	OK	
safety/accident-liabilities.service.ts	WIRED	n	na	CALLER safety/accident-liabilities.routes.ts:131 withCompanyScope	RLS	n	SELF:voidAccidentLiability (voids liability + its settlement deduction :310)	na	PARTIAL	OK	
safety/anomaly/detector.service.ts	WIRED	n	na	na (writes nothing)	na	n	NOT-A-WRITER	na	NONE	OK	
safety/anomaly/notification.service.ts	WIRED	n	na	na (writes nothing)	na	n	NOT-A-WRITER	na	NONE	OK	
safety/anomaly/rule-engine.service.ts	WIRED	n	na	CALLER jobs/anomaly-detector-worker.ts:11 withLuciaBypass (and safety/anomaly/routes.ts:222 withCurrentUser)	RLS (1 unscoped UPDATE anomaly_alert_rules WHERE uuid=$1 :53, id-scoped, runs under worker bypass)	n	NOT-A-DOCUMENT: anomaly alerts	y (structurally missed: anomaly-detector-worker; INSERT ... WHERE NOT EXISTS :32)	NONE	DEFECT (header)	scheduled flag wrong
safety/company-violations.service.ts	WIRED	n	na	na (single table)	RLS	n	NOT-A-DOCUMENT: resolution status on an imported violation (audited)	na	NONE	DEFECT (header)	
safety/damage-continuity/continuity.service.ts	WIRED	n	na	CALLER safety/damage-continuity/continuity.routes.ts:105 withCompanyScope (and jobs/damage-continuity-worker.ts:102 withLuciaBypass)	RLS	n	NOT-A-DOCUMENT: continuity chain linking incidents; SELF:closeChain exists but has no caller	y (structurally missed: damage-continuity-worker cron; natural key continuity_chain_id IS NULL check)	PARTIAL	OK	scheduled flag wrong; closeChain unwired
safety/damage-continuity/insurance-link.service.ts	WIRED	n	na	CALLER safety/damage-continuity/continuity.routes.ts:180 withCompanyScope (and damage-continuity-worker withLuciaBypass)	RLS	n	insurance/claim.routes.ts PATCH (UPDATE insurance.claim :815, status edit) closes/withdraws the auto draft claim	y (structurally missed: worker; auto_created_claim_id IS NULL filter + ON CONFLICT (tenant_id,claim_number))	PARTIAL	OK	scheduled flag wrong
safety/damage-reports/photo-evidence.service.ts	WIRED	n	na	CALLER safety/damage-reports/photo-evidence.routes.ts:59 withCompanyScope	RLS	n	NOT-A-DOCUMENT: chain-of-custody evidence, append-only by design (DELETE revoked, migration 202607850000)	na	NONE	DEFECT (header)	
safety/driver-scheduler.service.ts	WIRED	n	na	CALLER safety/driver-scheduler.routes.ts:333 withCompanyScope	RLS	n	SELF:cancelDriverLeaveRequest (pending only :527) / cancelTempCover; approved leave: NONE (reviewLeaveRequest writes driver_leave_days :964 and decrements driver_leave_balances :984, no revoke path)	na	NONE	DEFECT (approved leave irreversible, driver-scheduler.service.ts:964/:984; + header)	
safety/driver-scoring.service.ts	WIRED	n	na	na (writes nothing)	na	n	NOT-A-WRITER	na	NONE	OK	
safety/driver-scoring/scoring.service.ts	WIRED	n	na	na (single table)	RLS (caller worker bypass; INSERT carries company)	n	NOT-A-DOCUMENT: driver safety score cache	y (structurally missed: jobs/driver-scoring-aggregator-worker.ts:56 cron; ON CONFLICT (driver_uuid,period_start,period_end))	NONE	DEFECT (header)	scheduled flag wrong
safety/drug-alcohol/program.service.ts	WIRED	n	na	CALLER safety/drug-alcohol/routes.ts:218 withCurrentUser	RLS	n	SELF:deactivateEnrollment (enrollment) / recordResult(result='cancelled') (test record)	na	PARTIAL	OK	
safety/drug-alcohol/random-pool.service.ts	WIRED	n	na	CALLER jobs/da-random-pool-draw-worker.ts:44 withLuciaBypass (and safety/drug-alcohol/routes.ts:326 withCurrentUser)	RLS	n	NOT-A-DOCUMENT: FMCSA 382.305 random draw record (immutable by regulation); enrollments via program.service.ts#deactivateEnrollment	n (structurally missed as scheduled: quarterly cron + manual route; drawRandomPool INSERT :197 has no per-company-per-quarter guard, table 0327 has only an index, no leader lock; a retry / second instance / manual run creates a second draw)	PARTIAL	DEFECT (non-idempotent quarterly draw, random-pool.service.ts:197)	
safety/dvir-submit.service.ts	WIRED	n	na	CALLER driver/dvir.routes.ts:26 withCurrentUser (and safety/dvir.routes.ts:283 withCompanyScope)	RLS (1 unscoped UPDATE dvir_submissions WHERE id=$1 :244, just-inserted id)	n	NOT-A-DOCUMENT for the DVIR (49 CFR 396.11 record); follow-up WO -> governance/void-cancel-executors.ts#executeWorkOrder	na	NONE	DEFECT (header)	
safety/eld-audit-trail/eld-audit-pdf-renderer.service.ts	WIRED	n	na	na (writes nothing)	na	n	NOT-A-WRITER	na	NONE	OK	
safety/eld-audit-trail/viewer.service.ts	WIRED	n	na	na (writes nothing)	na	n	NOT-A-WRITER	na	NONE	OK	
safety/events/notification.service.ts	WIRED	n	na	na (writes nothing)	na	n	NOT-A-WRITER	na	NONE	OK	
safety/expiry-tracking/alerter.service.ts	WIRED	n	na	na (writes nothing)	na	n	NOT-A-WRITER	na	NONE	OK	
safety/expiry-tracking/cert-monitor.service.ts	WIRED	n	na	na (writes nothing)	na	n	NOT-A-WRITER	na	NONE	OK	
safety/fuel-gps-match.service.ts	WIRED	n	na	na (single table)	RLS	n	NOT-A-DOCUMENT: fuel/GPS match cache (ON CONFLICT)	na	NONE	DEFECT (header)	
safety/geofence-breach-detector.service.ts	WIRED	n	na	na (writes nothing)	na	n	NOT-A-WRITER	na	NONE	OK	
safety/harsh-events-ingestion.service.ts	WIRED	n	na	na (single table)	RLS	n	NOT-A-DOCUMENT: telemetry mirror	y (ON CONFLICT (oc,raw_samsara_id) DO NOTHING)	NONE	DEFECT (header)	
safety/harsh-events-poll.cron.ts	WIRED	n	na	na (writes nothing)	na	y	NOT-A-WRITER	na	PARTIAL	OK	
safety/incidents/full-report.service.ts	WIRED	n	na	na (single table)	RLS	n	governance/void-cancel-executors.ts#executeSafetyIncident (+ safety/incidents.routes.ts:767 void)	na	NONE	DEFECT (header)	
safety/integrity-alert-engine.cron.ts	WIRED	n	na	na (writes nothing)	na	y	NOT-A-WRITER	na	NONE	OK	
safety/integrity-alert-engine.service.ts	WIRED	n	na	CALLER safety/integrity-alert-engine.cron.ts:11 withLuciaBypass	RLS (1 unscoped UPDATE integrity_alert_events WHERE id=$1 :438, id-scoped)	n	NOT-A-DOCUMENT: integrity alerts	y (ON CONFLICT (oc,rule_id,subject_key); alert minted only when event has none)	NONE	DEFECT (header)	
safety/photo-comparison/diff-engine.service.ts	WIRED	n	na	na (single table)	RLS	n	governance/void-cancel-executors.ts#executeSafetyIncident	na	NONE	DEFECT (header)	
safety/photo-comparison/session.service.ts	WIRED	n	na	CALLER safety/photo-comparison/routes.ts:207 withCompanyScope	RLS	n	incidents -> governance/void-cancel-executors.ts#executeSafetyIncident; sessions SELF:applyManualOverride; photo evidence append-only	na	NONE	DEFECT (header)	
safety/reminders.cron.ts	WIRED	n	na	na (single table)	OK (UPDATE :137 scoped by operating_company_id=$2; structural unscoped count is a false positive)	y	NOT-A-DOCUMENT: compliance reminders	y (ON CONFLICT (oc,source_type,source_id,due_date))	NONE	DEFECT (header)	bypass+unscoped CLEARED
safety/safety.service.ts	WIRED	n	na	na (writes nothing)	na	n	NOT-A-WRITER	na	NONE	OK	
safety/samsara-dvir-ingest.service.ts	WIRED	n	na	na (single table)	RLS (caller safety/samsara-dvir-poll.cron.ts withLuciaBypass; INSERT carries company)	n	NOT-A-DOCUMENT: Samsara DVIR sync mirror	y (ON CONFLICT (oc,client_request_id))	PARTIAL	OK	
safety/samsara-dvir-poll.cron.ts	WIRED	n	na	na (writes nothing)	na	y	NOT-A-WRITER	na	PARTIAL	OK	
search/universal/indexer.service.ts	WIRED	n	na	na	RLS	n	NOT-A-DOCUMENT: search index cache	na	NONE	DEFECT (header)	
search/universal/query.service.ts	WIRED	n	na	na (writes nothing)	na	n	NOT-A-WRITER	na	NONE	OK	
services/push-notification.service.ts	WIRED	n	na	na	OK (id-scoped: :73 DELETE WHERE endpoint=$1, endpoint unique per subscription, after push 404/410)	y	NOT-A-DOCUMENT: dead subscription cleanup	na	NONE	DEFECT (header)	
settlements/approval.service.ts	WIRED	n	na	CALLER settlements/approval.routes.ts:130 inside withCurrentUser (:123)	RLS	n	NONE for the escrow hold: approveLineItem -> updateEscrowBalance (:314) writes escrow_balances/escrow_ledger + escrow_postings(source_id=lineItemId, linked_journal_entry_id null :461); driver-finance/settlement-payrun-subledger-unwind.service.ts:79-87 reverses only escrow_postings with source_id=settlement AND linked close JE; no unapprove exists	na	PARTIAL	DEFECT (R7 settlements/approval.service.ts:314 legacy per-line escrow hold has no reverser)	
settlements/trip-link.engine.ts	WIRED	n	na	na	RLS	n	NOT-A-DOCUMENT: link queue	na	PARTIAL	OK	
shipper-portal/load-milestone.service.ts	WIRED	n	na	na (single statements on caller client)	RLS	n	NOT-A-DOCUMENT: shipper milestone events + email stamps	na (ON CONFLICT (load_id, milestone_type) DO NOTHING; email stamp gated on IS NULL)	NONE	DEFECT (header)	
system/transaction-health.service.ts	WIRED	n	na	na (writes nothing)	na	n	NOT-A-WRITER	na	FULL	OK	
tasks/task-alarm.job.ts	WIRED	n	na	na (single table)	OK (bypass; UPDATE tasks.task :67 scoped by task_id + company)	y	NOT-A-DOCUMENT: alarm notification stamp	y (alarm_notified_at IS NULL guard + FOR UPDATE SKIP LOCKED + per-task savepoint)	PARTIAL	CLEARED (scheduled-not-idempotent false positive)	
tax-documents/box1-aggregation.service.ts	WIRED	n	na	na (writes nothing)	na	n	NOT-A-WRITER	na	PARTIAL	OK	
telematics/auto-geofence.service.ts	WIRED	n	na	WRAPPED (autoCreateGeofencesForLoad withCurrentUser :258; only caller of WithClient)	RLS	n	NOT-A-DOCUMENT: operational geofence config (deactivate via telematics/geofences.routes.ts)	na	NONE	DEFECT (header)	structural na wrong: self-wrapped; dedupe via findExistingGeofence
telematics/auto-status.service.ts	WIRED	n	na	na (single INSERT; caller vehicle-projector.ts:217)	RLS	n	NOT-A-DOCUMENT: dispatch status suggestion (30-min dedupe)	na	NONE	DEFECT (header)	
telematics/dashcam-auto-link.service.ts	WIRED	n	na	na (writes nothing)	na	n	NOT-A-WRITER	na	NONE	OK	
telematics/dashcam.service.ts	WIRED	n	na	na (single INSERT; callers dashcam-on-demand.routes.ts:60, dashcam-auto-link.service.ts:69)	RLS	n	NOT-A-DOCUMENT: telemetry clip index	na	NONE	DEFECT (header)	
telematics/dispatch-live-eta.service.ts	WIRED	n	na	na (writes nothing)	na	n	NOT-A-WRITER	na	NONE	OK	
telematics/dot-dwell-detector.service.ts	WIRED	n	na	na (called by geofence-detector.service.ts:254 on caller's client, itself under withLuciaBypass via cron/samsara-positions-cron.ts:81)	RLS	n	NOT-A-DOCUMENT: derived DOT-station dwell telemetry, ON CONFLICT DO NOTHING :96	na	NONE	DEFECT (header)	insert-only, natural-key ON CONFLICT; company-scoped reads
telematics/driven-miles-legs.service.ts	WIRED	n	na	na (writes nothing)	na	n	NOT-A-WRITER	na	PARTIAL	OK	
telematics/driver-day-summary.service.ts	TEST-ONLY	n	na	na (writes nothing)	na	n	NOT-A-WRITER	na	NONE	DEFECT (non-writer TEST-ONLY: no production importer — delete or wire)	
telematics/dtc-auto-work-order.service.ts	WIRED	n	na	na (writes nothing)	na	n	NOT-A-WRITER	na	NONE	OK	
telematics/dtc-classifier.service.ts	WIRED	n	na	na (writes nothing)	na	n	NOT-A-WRITER	na	NONE	OK	
telematics/fleet-location-hos.service.ts	WIRED	n	na	na (writes nothing)	na	n	NOT-A-WRITER	na	NONE	OK	
telematics/fuel-efficiency-signal.service.ts	WIRED	n	na	na (writes nothing)	na	n	NOT-A-WRITER	na	PARTIAL	OK	
telematics/fuel-stop-planner.service.ts	WIRED	n	na	na (writes nothing)	na	n	NOT-A-WRITER	na	NONE	OK	
telematics/geofence-detector.service.ts	WIRED	n	na	CALLER integrations/samsara/samsara-positions.service.ts:180 <- cron/samsara-positions-cron.ts:81 inside withLuciaBypass	RLS	n	NOT-A-DOCUMENT: immutable geofence_events (ON CONFLICT :166) + CAS-on-NULL stop arrival/departure stamps (:195/:213); stop times corrected via dispatch stop edit	na	NONE	DEFECT (header)	stop UPDATEs join l.operating_company_id=$2; under bypass at runtime but company-scoped
telematics/geofence-events-backfill.service.ts	WIRED	n	na	na (writes nothing)	na	n	NOT-A-WRITER	na	NONE	OK	
telematics/heatmap.service.ts	TEST-ONLY	n	na	na (writes nothing)	na	n	NOT-A-WRITER	na	NONE	DEFECT (non-writer TEST-ONLY: no production importer — delete or wire)	
telematics/hos-clocks.service.ts	WIRED	n	na	na (writes nothing)	na	n	NOT-A-WRITER	na	NONE	OK	
telematics/hos-tracker.service.ts	WIRED	n	na	na (writes nothing)	na	n	NOT-A-WRITER	na	PARTIAL	OK	
telematics/ifta-filing.service.ts	WIRED	n	na	na (writes nothing)	na	n	NOT-A-WRITER	na	PARTIAL	OK	
telematics/ifta-miles.service.ts	WIRED	n	na	na (writes nothing)	na	n	NOT-A-WRITER	na	PARTIAL	OK	
telematics/load-progress.service.ts	WIRED	n	na	na (writes nothing)	na	n	NOT-A-WRITER	na	NONE	OK	
telematics/load-real-driven-miles.cron.ts	WIRED	n	na	na (writes nothing)	na	n	NOT-A-WRITER	na	NONE	OK	
telematics/load-real-driven-miles.service.ts	WIRED	n	na	CALLER runLoadRealDrivenMilesCronTick :284 withLuciaBypass (one tx for all companies)	OK (id-scoped): load_stops UPDATE :251 WHERE id=stop_id from company-scoped compute :136; loads UPDATE :258 has company	y	NOT-A-DOCUMENT: computed odometer-mile columns (recomputed cache)	idempotent: deterministic overwrite of computed columns, no inserts	NONE	DEFECT (header)	bypass+unscoped and scheduled-not-idempotent flags CLEARED; only header remains
telematics/load-stop-geofence-sync.service.ts	WIRED	n	na	CALLER cron/load-stop-geofence-sync.cron.ts:29 inside withLuciaBypass	RLS (runtime bypass; UPDATE :223 WHERE id from company-scoped CTE, :101 has company)	n	NOT-A-DOCUMENT: auto fences + CAS stop stamps (flag-OFF retro pass) + audit	idempotent: stamp CAS WHERE actual_arrival_at IS NULL :229, audit only on stamped row, retire is state-set	PARTIAL	CLEARED (scheduled-not-idempotent wrong: CAS-on-NULL :229)	fence binding via bindLoadToGeofences (other file)
telematics/maintenance-predictor.service.ts	WIRED	n	na	na (caller client: webhook-projectors/vehicle-projector.ts:227, maintenance/pm-auto-engine.service.ts:404)	RLS	n	NOT-A-DOCUMENT: pm_alerts operational alert + notification, ON CONFLICT DO NOTHING :136	na	NONE	DEFECT (header)	
telematics/odometer-manual-upsert.service.ts	WIRED	n	na	na (callers odometer-manual.routes.ts:95, service-history-backfill.routes.ts:189 on scoped client)	RLS	n	NOT-A-DOCUMENT: odometer measurement; same-day upsert ON CONFLICT :19 is the correction path	na	PARTIAL	OK	
telematics/odometer-snapshot.cron.ts	WIRED	n	na	WRAPPED withLuciaBypass :103 (one tx all companies)	OK: INSERT-only with explicit company; reads scoped by unit owner/lessee :57	y	NOT-A-DOCUMENT: daily telemetry snapshot	idempotent: ON CONFLICT day-key DO NOTHING :75	PARTIAL	OK	audit.append_event per tenant per run (log, not double-write)
telematics/preservation.service.ts	WIRED	n	na	CALLER cron/telematics-preservation.cron.ts:21 inside withLuciaBypass	RLS col n but runs under bypass; INSERT..SELECT only, no UPDATE/DELETE, all companies by design (company_code column)	n	NOT-A-DOCUMENT: append-only preserve copy	idempotent: ON CONFLICT DO NOTHING every table	PARTIAL	OK	
telematics/samsara-fuel-reports.service.ts	WIRED	n	na	na (caller cron/samsara-fuel-reports.cron.ts:21 withLuciaBypass)	RLS	n	NOT-A-DOCUMENT: Samsara fuel report mirror	idempotent: ON CONFLICT ... DO UPDATE :63	PARTIAL	OK	
telematics/stop-geocode-fallback.service.ts	WIRED	n	na	na (caller dispatch/loads.routes.ts:2400 withCompanyScope)	RLS	n	NOT-A-DOCUMENT: stop lat/lng geocode cache	na	PARTIAL	OK	UPDATE :158 WHERE id from company-scoped select :135
telematics/stop-odometer-capture.service.ts	WIRED	n	na	na (writes nothing)	na	n	NOT-A-WRITER	na	PARTIAL	OK	
telematics/stops-geocode-backfill.service.ts	WIRED	n	na	CALLER stops-geocode-backfill.service.ts:162 withCurrentUser (also load-stop-geofence-sync.service.ts:299 under bypass)	OK (id-scoped): 4 load_stops UPDATEs WHERE id=stop from company-scoped select :48	n	NOT-A-DOCUMENT: geocode cache + location link + auto location fence (NOT EXISTS :155)	na	NONE	DEFECT (header)	
telematics/telematics-linkage.service.ts	WIRED	n	na	na (writes nothing)	na	n	NOT-A-WRITER	na	PARTIAL	OK	
telematics/unit-stops.service.ts	WIRED	n	na	na (writes nothing)	na	n	NOT-A-WRITER	na	PARTIAL	OK	
telematics/vehicle-driver-lookup.service.ts	WIRED	n	na	na (caller webhook-projectors/vehicle-projector.ts on projector client)	RLS	n	NOT-A-DOCUMENT: Samsara pairing mirror, ON CONFLICT (raw_event_id) :279	na	NONE	DEFECT (header)	
telematics/vehicle-locations.service.ts	WIRED	n	na	na (callers samsara-positions.service.ts:161 under cron withLuciaBypass; vehicle-projector.ts:191)	RLS	n	NOT-A-DOCUMENT: GPS position mirror, ON CONFLICT DO NOTHING :84	na	NONE	DEFECT (header)	
work-orders/validation.service.ts	WIRED	n	na	na (writes nothing)	na	n	NOT-A-WRITER	na	NONE	OK	
work-orders/wo-number.service.ts	WIRED	n	na	na	RLS	n	NOT-A-DOCUMENT: WO sequence counter	na	NONE	DEFECT (header)	
work-orders/wo-pdf-renderer.service.ts	WIRED	n	na	na (writes nothing)	na	n	NOT-A-WRITER	na	NONE	OK	
